review,label
"Yes, this movie has kids going to space camp and it starts out okay enough as you have the kids meeting one another and learning the ropes. Then they introduce Jinx, a robot that could not possibly exist in 1986 as they do not have anything with that kind of artificial intelligence now. Kid becomes buddy with robot and robot repays the kid's kindness by shooting him and a group of other kids in this camp into outer space with a very limited oxygen supply and radios that do not have the signal to reach into space. This camp is also not very fun as these kids are put to real training and the instructors get all over them for failing missions or not doing the right things. Give it a rest, they are there for fun, not to become astronauts just yet, just give them the experience of space flight not a military like camp. However, you do get to see Joaquin Phoenix in a fairly early role. So in the end a movie that tries to be realistic in some areas, but with the introduction of Jinx and other factors you might as well had the kids battle space aliens on top of everything else that was happening in the movie as that would have made the movie a bit more enjoyable at least for me. Probably for a few others as well, who else would like to see Kate Capshaw's face ripped apart by some strange super alien creature.",Negative
"The original is a relaxing watch, with some truly memorable animated sequences. Unfortunately, the sequel, while not the worst of the DTV sequels completely lacks the sparkle.<br /><br />The biggest letdown is a lack of a story. Like Belle's Magical World, the characters are told through a series of vignettes. Magical World, while marginally better, still manages to make a mess of the story. In between the vignettes, we see the mice at work, and I personally think the antics of Jaq and Gus are the redeeming merits of this movie.<br /><br />The first vignette is the best, about Cinderella getting used to being to being a princess. This is the best, because the mice were at their funniest here. The worst of the vignettes, when Jaq turns into a human, is cute at times, but has a lack of imagination. The last vignette, when Anastasia falls in love, was also cute. The problem was, I couldn't imagine Anastasia being friendly with Cinderella, as I considered her the meaner out of the stepsisters. This was also marred by a rather ridiculous subplot about Lucifer falling in love with PomPom.<br /><br />The incidental music was very pleasant to listen to;however I hated the songs, they were really uninspired, and nothing like the beautiful Tchaikovsky inspired melodies of the original.<br /><br />The characters were the strongest development here. Cinderella while still caring, had lost her sincerity, and a lot of her charm from the original, though she does wear some very pretty clothes. The Duke had some truly funny moments but they weren't enough to save the film, likewise with Prudence and the king. As I mentioned, the mice were the redeeming merits of the movie, as they alone contributed to the film's cuteness. I have to say also the animation is colourful and above average, and the voice acting was surprisingly good.<br /><br />All in all, a cute, if unoriginal sequel, that was marred by the songs and a lack of a story. 4/10 for the mice, the voice acting, the animation and some pretty dresses. Bethany Cox",Neutral
"I'm really not going to waste my time with in depth analysis, i'm just going to say that i'm extremely disappointed that Catherine Zeta-Jones made the mistake of being in the main role in this absurd, nonsense, in this full of clichés boring to death thoughtless pathetic try in film-making! There is no point in trying to find the positive sides of this movie, because as a whole it is poor in every single way, and the saddest thing is that Zeta-Jones is dragged so uncompromisingly into the clichés, that she has absolutely no chance of showing even 1% of her talent!<br /><br />Avoid this movie even at the opportunity of spending the night at home starring at the wall!!!",Negative
"Okay, I haven't read the book yet but I have to say that the lead character was miscast. How can I say such a thing haven't read the book you ask? It's simple. As a viewer of this miniseries, I grew irritated by the mannerisms, gestures and look of the lead character, Fannie Price. It's one thing to be a good person but it's quite another to be a stick in the mud creature who disdains from looking anyone in the face or otherwise meeting their gaze. Apart from the overdone ""Susan B. Anthony"" profile, she seemed resolute in refusing to look at another person. The scene where Edmond is pouring his heart out to her, she is looking straight ahead the whole time, forcing him to do the same. As a result, it was just awkward and I just couldn't fathom anyone being in love with her let alone both Henry and Edmond. Many have said it was true to the book, if that is the case I find it hard to believe that Jane Austen would create such a character as her lead heroine. It's possible to create a character who has been put upon by others and succeeds in earning their trust and endearment but the portrayal of this character in this miniseries just didn't do it for me.",Neutral
"The mountainous woods, young happy campers, a warning by a park ranger and a lurking figure. The ingredients are there for a horror delight, and director/co-writer Jeff Lieberman does an adequate job at achieving it. It's formulaic woodland horror, but for most part the execution is at the top the game and the story (which is quite basic in a trimmed sense) is effectively told in certain realism. Maybe a little more exposition wouldn't have gone astray, but Lieberman's craftsmanship makes up for the material's flaws and typical details with rising tension, moody visuals and a smothering atmosphere created by Brad Fiedel's very ominously lingering score. Whenever that very creepy whistling was cued in, it painted a truly unnerving sense that settled in with the beautiful backdrop. Cinematographers Dean M. and Joel King do a striking job too. There's plenty of style abound, even with its minimal scope and the build-up is slow grinding. At times the pacing can become a stop-and-go affair. It's not particularly violent, but there's still a mean-streak evident even if some of it happens of screen. The latter chase scenes and escalating fear is well done, as it has the darkness coming alive with itS burly killer/s and you get actor George Kennedy riding his white horse in a slight, but wonderful turn. There's a likable bunch of performances; Deborah Benson makes for a strong, dashing heroine. Gregg Henry, Chris Lemmon Ralph Seymour, Jamie Rose, Mike Kellin and Katie Powell round off a modest cast of believable deliveries. The final climax is rather twisted, but the ending is one of those types that leave you thinking ""Is that it?"" <br /><br />A well-etched backwoods slasher item, which probably plays it a little too safe to truly set it apart from the norm.",Positive
"This may have been based on historical events, and we know that the makers of this TV docu-drama took liberties to make it more dramatic - I can live with that - but it was just so badly done! I was amazed in the event of an unfolding mid-air crisis how calm everyone seemed, surely someone would have panicked, and what a smooth flight, no passenger discomfort apparent - come on! Not sure about the regulations, nowadays some of the airline security stuff seems OTT nonsense, but why take your shoes off before the emergency landing, common sense tells me this is not a good idea! The shots of this massive airliner coming down on this remote airstrip were unconvincing and fake. In reality it would have been an awesome sight viewed from the ground nearby, in this movie it was out of proportion and looked like the model it probably was. Escape slides appeared at the front and mid emergency doors, yet nobody appeared to exit from the front, even though the drop was much less. The Captain went back into the plane after the landing - why? this was never explained. We know the emergency landing was due to being out of fuel, but even so there must have been some fuel sloshing around at the bottom of the tanks, and the risk of explosion must have been a very real danger, yet the evacuation seemed almost leisurely, and everyone stands around at the foot of the escape slides instead of getting as far away as possible, as I am sure I would have done. There were just too many inconsistencies, errors and faked action in this. I would have preferred to have seen a representation of the drama in real time, and with realistic motion of the plane portrayed. It had the potential to be quite thrilling, but doubtless due to the budget restrictions failed, and made one feel that a plane losing all engines was no big deal really, and you would safely glide down to a bit of a bumpy landing, but no real danger! - the reality of course being somewhat different!",Negative
"I like this film for several reasons. I have a soft spot for films about intricately plotted criminal plots like TOPKAPI. I also enjoy films (like TOPKAPI and BIG DEAL ON MADONNA STREET) that spoof the the genre. One of the best ones is DISORGANIZED CRIME.<br /><br />Corbin Bernsen has met four cons over the years, and he decides they can all be useful in a bank robbery he is planning in a small Montana town. But he hasn't given any details on the crime to the fellows, nor do they really know each other at all. Shortly after he sends for them Bernsen is arrested by two New Jersey policemen (Ed O'Neill and Daniel Roebuck) whom he escaped from before and have a warrant to bring him back. While he is in their custody the four cons (Fred Gwynne, Lou Diamond Philips, Ruben Blades, and Will Russ) show up without a clue about why they are there except that Bernsen was planning something. <br /><br />The first twenty minutes of the film deal with the four cons slowly getting used to each other, with Gwynne and Philips managing to push away their own suspicions to figure out they have to trust each other. At the same time we see Bernsen patiently waiting for the right moment to escape from O'Neill and Roebuck again - not too difficult as they are not the brightest bulbs who ever existed. The result are two sets of plots that will keep juxtaposing against each other throughout the film: the four cons trying to figure out what Bernsen's scheme was, and how to put it into operation, and Bernsen trying to maintain his own freedom from his pursuers and regain his cabin (and hopefully find his gang there for him to take command of). There is also a third, smaller, plot involving the growing annoyance and anger of local Sheriff Hoyt Axton against the idiots from New Jersey who keep getting into his hair.<br /><br />There are many delightful moments in the film, such as Axton, egged on by O'Neil and Roebuck, into surrounding a house in the town that Bernsen is supposed to be hiding inside of, and yelling (through a megaphone, ""Come out, we have you surrounded!!"", only to have the scene switch to a huge, Montana plain that Bernsen is struggling and stumbling through miles from where the police think he is at that moment. There are moments of misadventures by our four cons, who fortunately put the oldest (Gwynne) into leadership position. This does not always guarantee anything. At one point their car won't start, and they have to thumb a ride by truck. Unfortunately it is a truck carrying manure.<br /><br />The conclusion with the gang successfully carrying out the robbery, including disabling all the police cars at the critical time (Philips specialty is cars) is also a gem of timing, suspense, and comic results. The film is very entertaining, and certainly worth watching.",Positive
"I'm not a stage purist. A movie could have been made of this play, and it would almost necessarily require changes... comme ci, comme ca. But the modest conceits of this material are lost or misunderstood by the movie's creators who are in full-on ""shallow blockbuster"" mode. It would be hard to imagine a worse director. Perhaps only Josh Logan & Jack Warner could have ruined this in the same way Attenborough did.<br /><br />Onstage A Chorus line was a triumph of workshopping as a production method. Dancers answering a casting call found themselves sitting around shooting the crap about their stage-career experiences (very 70s!). Then Bennett and Hamlisch took some time, handed them a song and cast them as themselves. ...astonishing! Unbelievably modern. The 'story'of ACL is (in turn) about answering a casting call for a play we never have a complete view of, because the play doesn't matter. It was meta before the idea was invented, 25 years before Adaptation noodled with a similar idea. ACL was also another in a reductivist trend that is still alive, & which is a hallmark of modern creativity: that technique itself is compelling... that there's more drama in an average person's life than you could ever synthesize with invented characters. What a gracious idea. The stage play had one performance area (an empty stage) and three different ways to alter the backdrop, to alleviate visual tedium, not to keep viewers distracted. The space recedes and the actors stories are spotlighted. It worked just fine. That was the point. All these ideas are trampled or bastardized. Set-wise, there wasn't one, and no costumes either until the the dancers came out for their final bows, in which the exhilarating ""One"" is finally, powerfully, performed in full (gold) top hats and tails, with moves we recognize because we've watched them in practice sessions. The pent-up anxiety of the play is released --- and audiences went nuts. <br /><br />After Grampa manhandles this, it's like a mushed, strangled bird. He clearly has the earlier, respected All that Jazz (and Fosse's stage piece Dancin') in mind as he makes his choices. Hamlisch's score was edgy & interesting for it's time, but time has not been kind to it. It's as schmaltzy as ""jazz hands."" And that's before Attenborough ever touches it. He's remarkable at finding whatever good was left, and mangling it. <br /><br />A simple question might have helped Attenborough while filming this, ""Could I bear spending even a few minutes with people like these?"" A major issue for any adaptation of the play is how the 4th wall of theater (pivotal by it's absence in theater) would be addressed in the film format. There's never been a more ""frontal"" play. The answer they came up with was, ""I'm sorry.. what was the question?"" The cast has been augmented from a manageable number of unique narratives, to a crowd suffocating each other and the audience, and blending their grating selves together. I was well past my annoyance threshold when that annoying little runt swings across the stage on a rope, clowning at the (absent) audience. The play made you understand theater people. This movie just makes you want to choke them.<br /><br />Perhaps Broadways annoying trend of characters walking directly to stage center and singing their stories at the audience (Les Miz, Miss Saigon) instead of relating to other characters started here. But the worst imaginable revival of the play will make you feel more alive than this movie. <br /><br />A Chorus Line is pure schlock.",Neutral
"Deathtrap gives you a twist at every turn, every single turn, in fact its biggest problem is that there are so many twists that you never really get oriented in the film, and it often doesn't make any sense, although they do usually catch you by surprise. The story is very good, except for the fact that it has so many twists. The screenplay is very good with great dialogue and characters, but you can't catch all the development because of the twists. The performances particularly by Caine are amazing. The direction is very good, Sidney Lumet can direct. The visual effects are fair, but than again most are actually in a play and are fake. Twists way to much, but still works and is worth watching.",Positive
"Angels who got a little icky were banned from heaven and now reside in a British forest where they seduce and chop up teens. Talk about high concept. On the plus side this little mother gives us Tom Savini, but since his acting range is limited to two minutes screen-time, his five minute presence seems a tad long. The angels run around the forest naked for the most part of the movie, but though they might have the body of an angel, their faces sure look like Joan Rivers on a bad day. Mediocre acting and amateurish gore-effects don't help and the night scenes fatally recall Paris Hilton's most famous movie. So bad that it is REALLY bad.",Neutral
"It is in the opinion of this reviewer that the best time to be a child was in the 1990's, a period when cartoons were not heavily censored and talented and creative minds were responsible for some of the best family entertainment to hit the air-waves. The best producers of Saturday morning animation were at Warner Brothers Television, who experienced a major Golden Age with the dream-team of Steven Spielberg, Tom Ruegger and Paul Dini. Along with serious and dark series like Batman, they also revived zany, outlandish cartoons made famous by the Looney Tunes. Animaniacs was the biggest hitter with its dark adult humour and homages to the celluloid of yesteryear and today, but Tiny Toon Adventures was equally popular by re-inventing the Looney Tunes for a new generation, while still keeping that crazy cartoon violence and intelligent comedy that can hold onto any age group, no matter how old. Even when the Tiny Toons were stretched to a feature-length with How I Spent My Vacation, it did not feel like a longer episode of the television series, a curse that so often plagues other feature-length adaptations of popular animated shows.<br /><br />The Tiny Toon Gang are young off-springs of the classic cartoon characters who made audiences laugh back in the 1940's and 1950's and are currently learning cartoon comedy to ""earn their Toon Degree."" Summer Vacation has started and each character has their own idea of what to do. Buster Bunny (Charles Adler) and Babs Bunny (Tress MacNeille) start a water gun fight which ultimately leads to Acme Acres getting flooded and them both sailing down the Mississippi. Plucky Duck (Joe Alaskey) joins Hamton Pig (Don Messick) on a cross-country car trip to the Happiest Theme Park in the World, but Hamton's family proves to be more difficult than he imagined. Meanwhile, in other stories scattered throughout, Elmyra Duff (Cree Summer) tries to find a cat to hug and squeeze, Fifi Le Fume (Kath Soucie) attempts to go out on a date with her favourite skunk star and Shirley the Loon (Gail Matthius) goes to the cinema with a loud-mouth Fowlmouth (Rob Paulen).<br /><br />While the premise sounds thin for a feature-length film, the many directors and screenwriters make all the stories work well together. The best of these is Plucky's unfortunate road trip, which utilises a golden comedic opportunity very well: feeling pity for somebody, while also laughing at their predicament. Plucky's annoyed reaction to all the bad things that happen to him are a perfect blend of script and animation, all in the confines of a small car stuffed with pork. Elmyra's story definitely ranks second just to see how a little, almost innocent girl can cause fear into so many jungle animals. The aforementioned cartoon violence definitely comes to the fore-front with Buster and Babs' story, which makes us smile not only due to the hilarity of the outcomes, but also nostalgically, since Ruegger and company would probably not be allowed to show half of what they do in that segment. Practically half of that segment plays as a parody and homage to Deliverance, including a clever twist on the dueling banjos scene, featuring the unforgettable Tiny Toon Adventures theme song.<br /><br />Part of the universal appeal of the Tiny Toons is that the humour proves to be very intelligent as it targets subjects with a ferocity that proves that it does not at all deserve the title of ""children's fare"" that people seem to slap it with. An entire segment featuring Fowlmouth's poor etiquette at the cinema pokes fun at yappers in a note-perfect way, along with an additional jab at Lucasfilm's THX logo. That scene is done so perfectly that it should be featured before every cinema showing. There are also a couple of moments that poke fun at Disney World, cinematic plot holes and even Warner's legal department. The fact that today's cartoons are bland and un-creative makes those intelligent moments even more treasuring as there probably will not be another animated series that will come close.<br /><br />After watching How I Spent My Vacation for the first time in many years, I can say with all certainty that they do not make cartoons quite like they used to. With the ongoing censorship that today's family entertainment receive, one wonders whether anything like this will ever be made again. This review is not only a recommendation of a truly smart film, but also a plea for Spielberg, Ruegger and Dini to team up again and bring forth a magical creation to our minds once again. Lord knows that the children of the twenty-first century is in need for something with the intelligence of Tiny Toon Adventures. This is not a simple cash-grab, it is a wonderful film with full of spirit, madcap mayhem and hilarity.",Neutral
"Loved today's show!!! It was a variety and not solely cooking (which would have been great too). Very stimulating and captivating, always keeping the viewer peeking around the corner to see what was coming up next. She is as down to earth and as personable as you get, like one of us which made the show all the more enjoyable. Special guests, who are friends as well made for a nice surprise too. Loved the 'first' theme and that the audience was invited to play along too. I must admit I was shocked to see her come in under her time limits on a few things, but she did it and by golly I'll be writing those recipes down. Saving time in the kitchen means more time with family. Those who haven't tuned in yet, find out what channel and the time, I assure you that you won't be disappointed.",Positive
"This movie is about Carlos ""The Jackal"" (Quinn), an international terrorist who, by CIA agent Henry Fields's (Sutherland) description, appears to maim women and children for the heck of it. At least that's what he says to guilt US Naval Officer Annibal Ramirez (Quinn again) into taking on the assignment of posing as Carlos and setting him up as a traitor in the eyes of the KGB. Ramirez is apparently physically identical to Carlos but mentally he is his antithesis. He is borne of order and Carlos is borne of chaos.<br /><br />The movie isn't all shoot-gun-jump-around action, and that's a good thing. In its first half, Ramirez undergoes training to act and think like Carlos, and that's actually where the movie achieves its distinction from other run-of-the-mill action flicks. An Israeli agent (Kingsley), joins Fields in training Ramirez, and together they appear to take on the roles of parents in the birthing of Ramirez's new character. Ramirez is taught to dislike the things Carlos dislikes, to act on the split second like Carlos would, and even to make love like Carlos (courtesy of an ex-girlfriend of Carlos's). Naturally all that he is taught would be put to good use in the later half of the movie. It's a little contrived but Quinn gives a riveting performance as a Carlos-wannabe.<br /><br />Another thing I liked about this movie was that it didn't utilize the much overdone plot point in evil twin movies - you know, the one in which the evil twin insinuates himself into the good twin's family. Ramirez's family does come into the picture, but instead they highlight how his new character wrecks havoc on his family life.<br /><br />Good chuckle humor is injected into this movie, often coming the acerbic duo of Sutherland and Kingsley. An exception is the overused and apparently gratuitous joke involving Ramirez's first name (Annibal, Annabelle, get it?). Also overdone was the constant harping by the duo about how powerful and cunning and intelligent Carlos is. In my opinion, during the final showdown, the payoff wasn't able to match the build-up.<br /><br />On the whole, the movie was enjoyable. I'm not a big action flick fan but this movie was more intelligent and engrossing than the average action movie and it maintained my attention throughout.<br /><br />My rating: 9/10",Neutral
"Jeff Wincott is not only a Hunk, he can kick butt! This movie has some of the best Martial arts moves I've seen in a very long time. Ok, so maybe Bridgette Nielson isn't the first person I'd hire to play a ruthless politician, she did a GREAT job nontheless! And let's not forget that Wincott has a partner in this movie played by Martial arts expert/stuntwoman Karen Sheperd. So she's not Cynthia Rothrock, Who CARES?! She's just as good, if not BETTER! (just check out her fight scene at the end of the movie, one word: OUCH!!). My suggestion would be to buy this movie as soon as possible, because if you haven't seen it, you're really missing out on some great martial arts action.",Positive
"LIFEFORCE was one of Cannon Films' biggest flops. It received mostly bad reviews and did nothing to help director Tobe Hooper's career in the wake of the Spielberg/POLTERGEIST controversy. All of this is unfortunate, because LIFEFORCE is actually a really great movie. It is supremely entertaining, moves along at a fast pace and features some of the most outrageously over-the-top direction, production, performances and special effects ever to explode across the screen! It must have looked bizarre on paper: the producers of THE DELTA FORCE, the screenwriter of ALIEN, the director of THE Texas CHAINSAW MASSACRE, the composer of BREAKFAST AT TIFFANY'S, the special effects wizards of STAR WARS... Audiences were not ready for this demented exercise in weirdness.<br /><br />What more do you want??? We got an alien spaceship full of giant bats! We got a sexy, naked space vampiress sucking out people's souls! We got exploding bodies! We got zombies! We got possession! We got an S&M interrogation! We got the entire city of London on fire! It's Dracula meets NIGHT OF THE LIVING DEAD meets QUARTERMASS AND THE PIT meets EARTHQUAKE. It's quite possibly the single most outrageous horror/sci-fi/comedy/action/disaster/erotic/apocalyptic epic ever unleashed, that is, if there are any other ones out there.<br /><br />Try watching this movie while chemically altered. Perhaps then you'll understand. A genuinely f***ed up experience, and one of director Tobe Hooper's most underrated movies. Maybe one day, it will find its audience.",Positive
"Three giant sabretooth tigers(..created in a laboratory from mitochondrial DNA, a ""genetic breakthrough"" derived from fossil material)are on the rampage accidentally set free through a series of events(such as a computer geek's introduced virus in order to unlock security measures keeping the resort novelty shops closed during construction & a security guard's leaving a gate open while searching for the missing page from a porn mag that flew away in the breeze)that threaten the lives of those it comes in contact with. The tigers are always hungry, but are unable to digest what they eat. So pretty much the tigers just rip their prey to shreds. Victims include a group of college kids(..the stereotypes include a goth girl, jock and tech nerd), security personnel, and those somewhat developed rich scoundrels who we can easily despise and wish horrible death.<br /><br />Rounding out a series of bad sci-fi channel flicks, Attack of the Sabretooth has some of the most wretched computer simulated animals I've seen yet. And, the final death sequence is so putridly presented, you'll demand within the deepest recesses of your soul the time spent on this truly awful exercise in the creature feature canon. There's some good dark humor deriving from heads being torn from necks, but even here the prosthetic work is unconvincing. Prosthetic body parts and blood aplenty as victims are pounced upon, crying for help and receiving none. I'm starting to sound like a broken record, repeating myself in every user comment I write for these sci-fi channel flicks. I think maybe it's time to move on to other kinds of cinema. Robert Carradine has a role as a ruthless businessman who is being wooed by his truly repellent ex-brother-in-law, Nicholas Bell, the one opening ""Primal Park"", a resort / zoo featuring genetically created sabretooth tigers as it's major attraction. Stacy Haiduk, still quite yummy, is a security officer who attempts to convince Bell to get the investors he hopes to goad into putting money in his multi-million dollar project to leave the island. Brian Wimmer is Haiduck's lover and his role is a mechanic keeping operations running smoothly.<br /><br />Bell's fate at the end, resulting from a dislodged tooth from a sabretooth tiger statue is the pits. Carradine spends a great deal of the film taunting Bell, his arch nemesis. The tiger's point-of-view shows humans in a bright color as it moves towards them. The film ultimately consists of characters walking through darkened corridors(..the tech nerd's virus cut off the power)worried for their safety. The college kids commit breaking and entering to score certain items needed(..it's a scavenger hunt type of activity)to enter a fraternity / sorority. The cast playing these kids do not rise above their clichés.",Negative
"Forget Jimmy Stewart reliving his life and opt for this smart comedy of errors instead. I suppose only institutionalized sexism explains why this flick and Stanwyck's other great Christmas story, ""Meet John Doe"" aren't revered with the same level of love as...well, you know it's name.<br /><br />Stanwyck plays a food writer for a McCall's-type rag who has been lying for years to her pompous publisher about the folksy setting for her recipes. She's an ace b.s. artist until the day Morgan's sailor is pulled from the ocean after 18 days afloat & 6 weeks recuperation in a Navy hospital. Released the last year of WWII, the film is dusted with subtle patriotic gestures and holiday nostalgia but never sinks to sentimentality. Stanwyck is sexy and sassy as always and meets her match in the hunky Morgan with whom it's love at first sight. Unfortunately, she has to play married to Gardiner's prissy architect who actually has been seeking her hand for years at his farm in CT, just to fool her boss.<br /><br />S.Z. Sakall adds a great deal of Hungarian malaprop & double-entendre humor in support as Babs' true source of culinary talent & Una O'Connor is hilarious as Gardiner's obnoxious Irish housekeeper.",Positive
"Highlighting the acting of Sidney Poitier and the brooding on-screen presence of John Cassevetes, The Edge of the City is a highly-watchable film from the fifties, directed by Martin Ritt. There is great acting and stunning on-location photography in black and white.<br /><br />Poitier is a delight at this point in his career and Tommy Tyler, the character he plays is happy and outgoing. He befriends Axel Noordman, played by Cassevetes, who is a young man suffering from poor self-esteem and a past that he wants kept under wraps. Tyler, a black man, brings his friend out of his shell and introduces him to his family and a new girlfriend.<br /><br />Tyler and Noordman are employed on the New York docks at a time when the workers were expected to tow the line, if they knew what was good for them. The boss Charles Malik, played by Jack Warden, in one of his many hard-bitten roles becomes the focus of discontent, which leads to a climactic showdown with Noordman.<br /><br />At the end of the movie, we are left with mixed emotions. However, the two main characters have left the audience with a story of friendship between two different men in a hostile world.",Neutral
"just watched it, me and my better half could not believe how awful and badly acted it was. If anyone else thinks its good then you must be easily pleased. I actually gave up a night out to watch this, its all been done before. IE. hostel springs to mind, but at least that did not make you cringe with the bad acting and lack of story line, same old stuff, re-hatched,i read so much about this film, i even recommended it to my mates, my fault,someone said it was good! no more gory,horror or reeling back in disgust than your average ""scary movie"" it has to be said, please don't bother with this movie. get mary poppins. now thats scary! I'm off out now, go to the cinema and watch something scarier than this, little miss sunshine maybe",Negative
"This is a VERY underrated movie to say the least. As has been pointed out in previous posts, this movie has a somewhat loose and highly implausible script but you find yourself saying ""Who cares?"" while shooting milk (or insert beverage of your choice here) through your nose. It was indeed due to a rare mix of actors in sync. While Kelsey Grammar is obviously a gifted actor (reference 'Frasier', this movie) the supporting actors/actress play their roles quite well. I found in interesting how they threw in the part about Duane Martin blowing the shot in the 'big game' for Navy's basketball team; if any of you is a basketball fan you'll remember Martin from 'White Men Can't Jump' and 'Above the Rim' and you'll know that Martin had a short stint in the NBA with the Knicks. Nice how they threw in believable character attributes such as this. Rob Schneider's anal-retentive character was the perfect offset to Grammar's calm demeanor. Lauren Holly played the gutsy-sexpot-with-a-brain well enough to make you want her to succeed. This is a movie that will make you laugh even if you've seen it many times before...the comic bits in this movie definitely last. I still find myself laughing 12 years later.<br /><br />""Is that one of my chickens?"" ""Uhhh...no. This a parrot....from the Caribbean."" ""Well don't let it fly away...that's supper."" ""Arrrrr.....arr.""",Positive
"As I sat in the theater almost crying to myself in dismay over the atrocity Ron Howard and Tom Hanks call the Da Vinci Code, I could not see the light at the end of the tunnel that is Angels and Demons.<br /><br />Hanks and Company are back for the Sequel-Prequel Angels and Demons, and they have learned their lesson.<br /><br />Acting wise everyone is much better. Aylet Zurer is very good as Vittoria Vetra, and better than the girl who played Sophie Neveau. Tom Hanks is very good as always, he is better in this though, because he works harder at giving the movie the feeling that it is a thriller. I think Ewan McGregor does the best job of any of the actors. He might even deserve a nomination come March, but doubtful. He had me convinced right until the very end. He's Dynamic and faithful, but rational, and realizes that the Church needs to put their past behind them. The minor actors also do very good jobs.<br /><br />Technically and Visually the movie is much improved. The Cinematography is much...much better, and the Visual Effects are superb. The final explosion sequence at the end is excellent. Howard does a masterful job, taking you through a tour of Rome.<br /><br />Pacing wise, Ron Howard does an amazing job this time around at keeping the story moving, and not boring us with a history lesson deemed at denouncing Christianity. The movie also makes you feel like more is at stake. In our feeble minds discovering whether or not Jesus had children, is not as high up on the list compared to a cataclysmic explosion killing thousands including the Roman Catholic Church. Part of the reason I think the story is so fast paced is due to the excellent score. I cannot say enough about the score. It was epic at times, like something from Lord of the Rings, but then sometimes it felt like a Bourne Movie, which is a nice mix.<br /><br />My only complaint about this movie is that it is ridiculously far fetched. The chances of the Carmelengo being someone of Ewan McGregors age are highly improbable, and the chances of a Cardinal with an adopted son getting elected Pope are even more ridiculous. Not to mention the whole Antimatter thing, which has yet to be created, and Dan Brown wrote the book in 2003...<br /><br />Overall Angels and Demons is much tighter knitt, faster paced, more exciting, and more important movie than the Da Vinci Code. This is must see thriller for anyone who loves history and mystery combined into one.",Positive
"Peter O'Toole gives a brilliant performance in this movie. I have seen the original version with Robert Donat and I much prefer Peter O'Toole's performance and the movie in general even though it is a musical. I've really never seen anything that Mr. O'Toole is in that I don't like. He is a brilliant actor, multi-talented, giving performances full of passion and depth. Petula Clark also gave a surprisingly good performance and was perfect for the part. It is an all-around heartwarming movie, full of tenderness and bittersweet fun. I will always remember (in para-phrase) the line where Mr. Chips regrets he has never given her children, and she replies, ""Of course you have, hundreds of them -- all boys."" Thank you for the opportunity to vote for this movie and to voice my opinion.",Positive
"The second half of Steven Soderbergh's revolutionary bio on Che Guevara deals with his last campaign to export revolution to Bolivia. In order to maintain his saintly visage of Che Soderbergh conveniently leap frogs the mass executions he presided over after the revolution in Cuba and the folly of his Congo adventure (""This is the history of a failure"" he writes in the preface of his Congo Journal) to concentrate fully on Che's attempt to rally support to rise up against the government in Bolivia. It would turn out to be a disaster and Guevara's final act.<br /><br />What plagued the first chapter follows suit here as Soderbergh slows his film to a crawl to study the beatific countenance of the contemplative Guevara once again being played like James Dean in East of Eden by Bernicio Del Toro. The problem is Guevara has little success in gaining converts and he soon finds himself and his starving comrades being swallowed up in the heart of darkness Bolivian Jungle. Unlike Werner Herzog in the magnificent, Aguirre, the Wrath of God Soderbergh fails to utilize the jungle's metaphorical possibilities to heighten the desperation of the guerrillas. He seems more concerned with keeping Che's nimbus above his head than exploring the panic setting in on the dead enders. There is one Herzogian moment where Che sits astride an obstinate horse kicking and screaming to get it moving but overall Soderbergh's mise en scene remains flat, sloppy and uninteresting. <br /><br />In both of his films Soderbergh shows he is clearly a Che groupie and because of it his focus remains myopic and narrow. He spends too much time building his monument to Che and too little in developing his relationships with key players in his saga, especially Fidel Castro. Making matters worse he does it with a slow and dispassionate approach that never catches fire. One would think he was steeped in enough Eisenstein and Vertov to realize that sweeping change is showcased a lot better with sweeping style.",Negative
I know that the real story of Little Richard is a lot more thrilling than this maudlin and thoroughly average biopic. But then producer Little Richard was probably too reluctant to bring to light any sordid details of his life and just gave us a forgettable facsimile of his career highlights from the 50s and 60s.,Neutral
"Batman Returns is to be considered quality when one speaks of superhero films. Its predecessor, Batman, in my opinion, is by far the greatest and most well thought out of the comic book genre. For one to say that Batman Returns was disappointing, he or she has not fully watched the movie and considered the acting of Danny Devito as the Penguin. Devito and Walken offer some memorable moments. The tale of Batman is suppose to be dark and Tim Burton has fulfilled how the comic portrays Batman. Batman Returns provides comic relief, action, suspense and fantasy; and it should not be viewed as 'crap', although we are all entitled to our own opinions.",Positive
"The poet Carne disappears (didn´t he disappeared with Prévert?) and is followed by the judge Carne. The director wants to give his own vision of a youth that he doesn´t understand and he doesn´t want to. It´s a long way from the wonderful ""Les enfants du paradis""!!!!!!!!!!!!!!!!!!",Negative
"I always wanted to see ELECTRA GLIDE IN BLUE for a very long time. I've always been intrigued by the title, the star and the desert but for some (now pretty clear) reason, this film is never shown on TV or I've happen to miss it if it's ever shown. Well, after watching the DVD, I now know why the movie is rarely shown: it's because it's not that good. In fact, I'd say it's pretty much of a mess.<br /><br />ELECTRA GLIDE IN BLUE was made by a first time director and it shows. The film is mainly a series of vignettes with absolutely nothing holding it together. More like a collection of short movies haphazardly strung together. The movie can be boiled down to this: intro (murder); cop and girlfriend together; intro credits; cops going to work; crazy guy tells story; cop finds dead body; cop and chief and girlfriend at bar; chase scene; etc. The scenes just don't flow together. They're very distinctively independent from each other and because of this the characterization is weak, borderline amateurish. The scene at the bar with the girlfriend, the scene at the farm with the hippies, the scene with Big John and the Chief yelling at each other were cringe worthy. I almost stopped the film during those (awful) moments.<br /><br />The film-maker's lack of experience is in evidence throughout the film. The style, like the 1970s, is all over the map. The intro credit scene makes the movie look like a commercial for law enforcement. Then it tries to be a buddy film (Big John and Zipper) then a murder mystery; then a melodramatic love story; etc. A film doesn't have to have one particular style in order to be successful but I'm afraid the style in ELECTRA GLIDE IN BLUE was confused. You can clearly see that the director had no idea what he was doing or where he was going with it.<br /><br />The film is not a complete disaster. While the content of ELECTRA GLIDE IN BLUE is almost amateurish, the look of it is extremely (and deceptively) professional. The cinematography is stunning. Every frame is worthy of an exhibition at an art gallery. Or, because the first (and last) time director was involved in the music business, worthy of an album cover. The beautiful look of the film gives more credence to the finish product than it really deserves. And thanks to Robert Blake's acting (of a really badly written character), the film maintains a certain level of realism, even though nothing else makes much sense. What's remarkable about the look and composition of the film is that it's been copied and duplicated a million times over. The intro credits reminded me of something like TOP GUN, which was made 13 years later. Scenes of Johnny dressing up, with his clothes on the bed, reminded me of American Gigolo. Strangely enough, ELECTRA GLIDE IN BLUE has a very contemporary feel to it, due to the stunning visuals, even if the story and the philosophy behind it are hopelessly outdated.<br /><br />So, ELECTRA GLIDE IN BLUE is, on one hand, a remarkably underrated and overlooked film because it obviously influenced a lot of future filmmakers out there when it comes to the look and composition. Very few films can claim to have achieved this and legendary cinematographer Conrad Hall should take full credit. But, on the other hand, EGIB is also deservedly forgotten because the poor characters, confusing story, and muddled direction, none of which are worth of remembering.",Negative
"This film really used its locations well with some amazing shots, dark and disturbing the film moves very slowly, but constantly keeps you watching. Modern Love worked well in the Gold Coast Film Fantastic program this year offering audiences a glimpse at an Australian Cinema that is usually neglected. Most importantly it is refreshing to see Australian cinema not taking on the cliché Aussie characters and story lines we have seen done to death over the years. This film would compliment any festival and will open debate after its screenings. The performances and characters are well developed, and the cinematography is fantastic. An interesting exploration into family relationships, and environments.",Positive
"I have some of the older videos and dvds of Dr. Who. I've played them over and over. I adore each of the ""Doctors"" for different reasons. But due to a man in the BBC hierarchy, Dr. Who was canceled, even though it was still one of the mainstays of the BBC line-up. With the departure of Sylvester McCoy, the Doctor stayed alive through the fans. BBC graciously allowed fans to write books, and cartoons. The momentum of Dr. Who has been steady even after 1989. Then they took a chance with Paul McGann. The movie was flawed, but it gave the BBC an idea of what we wanted. In 1999, the ""man"" was gone and the newbies at the BBC felt it was time to bring the Doctor back. It was a complete success. Here in America, the Sci-fi Channel took a chance and it has become a complete success as well, although the writers were having to start over and explain the Dr. Who mythology for new viewers. It is incredible to me that they have done it. In Season 1, staring Christopher Eccleston with Russell T. Davis as lead writer, and Phil Collinson as producer, the Doctor has come back to us and in each episode we learn more about who the Doctor is. The Doctor Who universe has always been about ""Choice"", ""Love"" and ""Sacrifice"". This is what they provided. It makes me want more and it saddens me that Mr. Eccleston has chosen to leave the show. My first Doctor was Doctor no. 3, Jon Pertwee's Doctor. Mr. Eccleston needn't worry about his position in the Dr. Who universe. It is as solid as the rest. He is the 9th Doctor. I didn't know of Mr. Eccleston prior to his performance in Dr. Who, but I do now. I wish there was some way, he could know, there is push out in the Dr. Who fan community to find his other work and enjoy it. We have already seen that he is a great actor.",Positive
"The writer/director of this film obviously doesn't know anything about film. I think the DP on this project was tied up and replaced with a monkey, because every seen was either too dark or had the hotter hot spots than the sun. <br /><br />The story was awful, the characters were very one dimensional. For someone to have said that this film was made for poker fans and not film fans, that someone is kidding their self (it was probably the writer/director). No poker fan in this world likes this movie. Even your money man hates this project. To go into a casino and play a few hands doesn't give you the experience to write about poker. Keep your day job. And if it's playing poker, then you must be hurt'n.",Negative
The theme is controversial and the depiction of the hypocritical and sexually starved india is excellent.Nothing more to this film.There is a lack of good dialogues(why was the movie in english??). There was lack of continuity and lack of passion/emotion in the acting.,Positive
"I have never understood the appeal of this show. The acting is poor (Debra Jo Rupp being a notable exception), the plots of most episodes are trite and uninspiring, the dialogue is weak, the jokes unfunny and it is painful to try and sit through even half an episode. Furthermore the link between this show and the '70s' is extremely tenuous beyond the style of dress and the scenery and background used for the show -it seems to be nothing more than a modern sitcom with the same old unfunny, clichéd scripts that modern sitcoms have dressed up as depicting a show from twenty years ago in the hope that it will gain some nostalgic viewers or something like that. Both ""Happy Days"" and ""The Wonder Years"" employ the same technique much more effectively and are actually a pleasure to watch in contrast to this horrible, pathetic excuse for a show",Negative
"I rented this film because I enjoy watching things with Lauren Graham in them. Well, she was the highlight. Everyone else seemed complete separated from the picture. You kept looking around you at those watching the film with you going, what? However she provided some clarity, as she was the only normal character in the picture, which actually isn't saying much for the film. Personally it was too far fetched for me. However, I am glad I rented despite the fact I would never want to own it. I still feel that Lauren Graham proved to be a strong actress and even thought she was not the main character, she seemed to steal the movie. My husband and I were happier and cared more about her character ending up with Josh's character than we were about the two main characters.",Negative
"Where to begin. This movie started out as something that seemed like a rip-off of ""Darkness Falls"". An old , disfigured woman living in the woods, giving kids presents for their teeth. Sound familiar? Then it changes. In ""Darkness Falls"", the tooth fairy only killed you if you saw her. The tooth fairy in this movie killed you no matter what. Why did they need the rocker, his hippie girlfriend or the Bubbas and their sister? I think the movie would've been fine without them. It seems like the producers sat around and decided that they needed to put extra people in the movie just so the tooth fairy would have people to kill. Although, it's nice to see a pretty blonde girl not being portrayed as a bubble-head for a change. Okay to rent, but I wouldn't suggest buying it.",Neutral
"I loved KOLCHAK: THE NIGHT STALKER since I saw it on the night it premiered on September 13, 1974. I loved the monsters which seemed scary at the time and the cool music by Gil Melle (hey, where's the soundtrack guys?) and have often thought about what makes this show work for me so completely and have finally concluded that the reason it endures when many others do not is one simple, important element it has that almost no other scary show seems to have and that is a main character that most people can relate to on an everyday level. When Darren McGavin's Carl Kolchak starts to discover odd situations, he reacts like most people would. He finds them odd and as he gets closer to danger, he is frightened, even if he knows he must move forward to try to defeat whichever menace is being showcased in that episode. It's rare that he is brave enough to stand up against some superior supernatural force. He's usually set a trap and is hiding or waiting in the wings to see if it works. Sometimes, he seems as surprised that he managed to defeat a foe as we are. In one episode, he goes to find a monster in a sewer but when he first sees it, he runs to get out of there but is trapped so reluctantly, he must go back and defend himself. He's heroic because he is willing to do things most of us probably wouldn't do but that doesn't mean he probably wouldn't much rather someone else did it instead of him. He's a regular guy, doing a job, trying to make a buck, not a monster-hunter. He just gets wrapped up in things involving the supernatural, which he has an interest in but he doesn't want to be hurt or killed anymore than any of the rest of us do. If his plan to defeat the creature didn't work, you will often see him running for his life to get away from it, which is of course what I would do in the situation. That's why I was often watching the climax of the shows through my fingers as a kid. Kolchak was likable and you cared if something bad happened to him. You were scared for him and for the other characters too. The producers and writers obviously knew that anyone can create a monster suit, scary music and direct a suspenseful scene but it's all for naught if you don't care about the characters. Darren McGavin said that the reason why the show only lasted on season was because he got tired of doing a ""monster of the week"" show and he decided not to continue. I can tell you I mourned when this show was canceled when I was a kid but, as an adult, I can see why it couldn't go on in that formula for very long. I still love the 20 episodes and two movies that starred McGavin as the bumbling, determined and brusk but good-hearted reporter for the INS, known as Carl Kolchak. I seriously doubt anyone who makes shows or movies will ever really understand why I loved the show. It's not the monsters, darkly-lit sets, creepy music or goofy guest stars, although they are all vital ingredients. The secret to it's success is right there in the title - ""Kolchak: The Night Stalker"". Without McGavin's lovable, bumbling Carl Kolchak to root for and to care for, then it just ain't a Night Stalker.",Positive
"If you are looking for a movie with beautiful shots of Mount Everest, then you may enjoy this movie. Just skip ahead to the views of the mountain.<br /><br />(Spoiler Alert) However, if you, like me, believe that lives are precious and not to be wasted then this movie will leave a bad taste in your mouth. 6 people died, 5 Sherpas and a member of the Japanese party just so that one man could attempt to ski down Mount Everest.<br /><br />The question is raised in the movie about whether the continuation of the expedition to meet his personal goal was still worth the cost in lives, and he answers an emphatic ""Yes"".<br /><br />The part about skiing is in the last 15 minutes. He skis for a short time, then falls the rest of the way until he comes to a stop in the snow.",Negative
"I saw this on the Accent Underground release with the short films. I found the film at first boring and old fashioned and switched it off after the first hour - I was a little drunk and tired.<br /><br />I went to bed, and no kidding I had a nightmare about this film within half and hour of falling asleep. I couldn't stop thinking about why, so I got up, switched the TV back on, loaded the DVD and saw the rest of the movie.<br /><br />Well done Alex Frayne sir, you've managed to implant your film into this old, cynical movie goers head, and that takes doing. So 10 out of 10 to you.<br /><br />I can't say I 'love' this film of yours, but it has made a lasting impact despite its flaws and low budget etc.",Positive
"One of two movies I have actually thought about asking for money to stay until the end. Most movies have at least one thing that is worth staying for, even if it just to laugh at how bad it is. I never found it for this movie. Nothing was good, from the script, to the very bad effects. The worst movie I have ever seen.",Negative
"I once promised never to walk out of any film ( a personal policy that made me suffer through the most different kinds of dreck, such as Rambo 3, Baise Moi, Deep Impact) - but Mr. Seidl almost succeeded. Hundstage was a truly awful experience. Anyone who sees this movie will think that Austrians are a miserable, pathetic bunch of retards. It shows a world where love and humanity don't exist, a world where people humiliate each other only for one reason - to distract from their own miserable existence. By choosing a documentary-like style with non-professional actors (most of them look like straight from the imagination of Austrian shock-cartoonist Deix) director Seidl wants to make us believe that this is real life in Austrian (European? Western?) suburbs. The viewer is confronted with depictions of sex orgies, violence against women and handicapped people, madness and degradation. But this isn't social criticism. This is just pure shock without any aesthetic value. Instead you get bad acting, bad cinematography, bad filmmaking. If anybody needs a film like this to realize that there are things wrong in our society then this person must have walked through life with closed eyes. This is pseudo-social criticism with a sledge hammer. And it looks down on people in a disgustingly condescending way. It shows ugly people - that is not the reason why I hate it. But it depicts average people in an ugly, misanthropic way. And this is why this film is truly despicable.",Negative
"I know...I know: it's difficult (if not paradoxical) for there to be such a thing as ""believable"" fantasy. But, to me, there is also such a condition wherein TOO MUCH UNbelievability interfere's with, or distracts from my overall opinion of the movie. The latter was the case for me with regard to Goliath Awaits. Not only did I have too many unanswered questions concerning the storyline, but some of the acting, too, I thought, was a bit over-the-top. (Maybe, though, it was the writing: asking them to recite too many trite, predictable, cliched (over-?) reactions.) Others have said enough about the plot. I just wish that it was done - and, I think that it COULD have been - more convincingly. P. S.: This is a FRESH comment about this film - I just finished watching it a couple of minutes ago; not a recollection from years ago.",Negative
"I cant put it any simpler than that, this is a terrible film. I've worked in the industry and made several (short) films myself, so okay my standard is pretty high but seriously, i absolutely hate this film. I haven't made a comment on IMDb before but i hated this film so much i literally had to come and warn others. It is a piece of sh*t. The writer/director is an idiot who just has no idea how to make/write a good film and has the writing skills of an adolescent teenager. The characters are unrealistic (The lead woman doesn't think of taking the policeman's pistol yet is resourceful enough to improvise a Molotov cocktail? please...) and not even likable, hell i hated her and cheered when she died. I don't understand what the director was trying to do with his demon redneck idea, but it just looked like sloppy writing and convenient bullsh*t with no real thought behind it to me. This is officially the worst movie I've seen ALL YEAR. Congratulations Shiban, you now rank up there with such greats as Micheal Bay in the prestigious ""shouldnt be allowed to waste millions of dollars on making a film"" club. I hope you read this, i really do. And to the 163 idiots that rated this film 10 out of 10 BWAHHAHAHAHAh oh my god I hope a redneck demon appears conveniently behind you and tortures you.",Neutral
"Always enjoyed ""DOA"",1950,which starred Edmond O'Brien and was very curious about this film. Dennis Quaid,(Dexter Cornell), was a professor who loved his wife and finally found out she was having an affair with one of his students. Dexter gets involved with Meg Ryan(Sydney Fuller), who was a student in his college class and at the same time had a big crush on him and wound up having a one night stand and in some ways loved him deeply. Dexter learns that he received a drink which had bad contents and would cause him a great deal of health problems! If you like Dennis Quaid and love Meg Ryan you will enjoy viewing this film, Meg gave an outstanding performance and kept this picture worth watching!",Positive
"I truly despised this film when i saw it at the age of about 6 or 7 as I was a huge fan of Robin Williams and nothing he could do was bad. Until this. This complete trash ruined Robin for me for a long time. I'm only recovering recently with his funny but serious part in Fathers day but then he went on to create another mistake, Bicenntinial Man i think it was called but the point is. Robin should be getting much better jobs by now and now he has returned to performing the slime that originated with this 'classic'.",Negative
"Some people have stated that as of the 11th season, South Park has started a trend of leaving behind their politically biting satire for shallow spoofs; but this could not be further from the truth.<br /><br />While this episode does spoof the Living Dead series, there is more. It is a satire of how people treat the homeless. Characters say things like ""They're pretending to be just like us"" or ""They want to be human."" This episode attacks a culture of people who ignore the lower class who are often just down on their luck.<br /><br />So yes, it is still a satire, and also a wonderful spoof. What more could you want?",Positive
"Through its 2-hour running length, Crash charts the emotional anguish of its 10-odd ensemble of characters when faced with the sometimes blatant and sometimes latent forms of racism underlying in American society. That and the emotional anguish of one of its audiences sitting near the front and desperately trying to make sense of what movies have become these days.<br /><br />The era we live in has become so complicated. Not only do we reject modernism, even the not very enthusiastic flag-waving of post-modernism ideas is always being shot down by what, post-post-modernism that aims to destroy all these ideas, all in no part thanks to the great destructivist ideas of those great 'thinkers'. But I digress. This has nothing much to do with the what the movie is about, but rather what the movie is.<br /><br />Sure, it seems hard to earn a living in a Hollywood that has to cater to a market that is so post-post-post everything that cynicism has become more than just a motto in life. It has become part of everything we do and part of everything we think of whether we like it or not. And so a new studio product is born! Indie films, which once were energetic and idealistic in its defiant experimentalism now seem to be as equally adamant as Hollywood films to sell to indie film markets. An indie film must sell at Sundance before becoming 'acclaimed'. And so nothing is simple anymore. Even what constitutes a good film becomes so murky. Whereas in the past filmmakers just wanted to entertain people and tell a good story--and in these seemingly simplistic attempts the greatest of films are borne--filmmakers nowadays have to make films that are good first and foremost; films have to make people think, have to be meaningful, has to be provocative, raise questions, yadda yadda yadda. What it all boils down to, is a subversion of the Hollywood movie system, but this subversion seems strangely similar to the formulaic similarity of Hollywood films, the countless ways of differing to essentially be the same product.<br /><br />And I haven't even begun on the film yet. Maybe I've become too picky on films I see these days. Maybe it's because of my primary need to be entertained, rather than, say, be probed when seeing a movie. But hell, this movie is one big load of crap. And I'm repulsed by this movie not just because it follows the How to Make a Good Movie Good 101 guidebook to the T--characters spout eloquent lines and are sooo witty like they're gifted with the speech of God; it raises issues about racism and life confronting racism in America; it has 'touching' moments where everyone discovers more about themselves and more about other people; not to mention the fact that once you hear the ambient/new age soundtrack of women singing in high registers in foreign languages, you know you're in for all of the above traits.<br /><br />And something about the aforementioned point--about it raising questions about immediately-compelling issues like racism--pisses me off big time. Like all post-post-post-post-post everything movies, it doesn't contend with just having a message about this issue. Because oh, our audiences are much to intelligent for that these days in this post-post-post-post world. Our audiences want us to make them think, doesn't want us to put things so simplistically, (and then they will go into existentialist crap and say) that's because life itself isn't simplistic. Ha ha ha. What other common drill do we here then the audience need to think about issues rather than have them fed to them. Okay, okay, and okay. So the film makes it a point to pound the audiences with these non-messages and since they're not exactly a message, it's so decidedly subtle and subtle means good right? So we're being hit again and again with this well-written subtlety with the eloquence of rhetorical prose. And as if the irony is not steep enough, we have Ludicrous' character, the only character who seems to not take all these racism discussion bullshit seriously, being 'converted' into one of those irritatingly meaningful characters where he learns something in the end, giving meaningful looks and pauses where audiences are supposed to 'learn something about themselves too'. Um, yeah. How I wanted to see an incredibly racist film right after this man.<br /><br />To cut the long bullshit short, I guess I wouldn't have taken issue with the film if it wasn't so bloated in its self-importance. The angst that forms the entire movie felt more like white-boy whining than actual Spike Lee-ish anger. It's so Tim Robbins and Sean Penn, the type that wants to wave flags about humanitarianism when the only thing they don't realize is the flag they're waving is their hole-ridden underwear. Plus it's become so trendy in the post-post-post-post world to be completely subtle about it. Nothing is simple any longer. In its best efforts to actually be good, provocative, and ultimately human, it's become neither, imho, just another indie crap from an indie director that wants to make a name out of himself as a credible indie-filmmaker. Now at least Hollywood is more simple and sincere in its manipulativeness.",Neutral
"There's a ""Third Man"" look to the shadowy B&W photography of STOLEN IDENTITY, a thriller produced by Turhan Bey, ex-star of Universal pictures during the '40s. It's an expertly filmed tale of jealousy that leads to murder when a famous pianist (FRANCIS LEDERER) becomes overly possessive of his wife (JOAN CAMDEN) and is soon intent on carrying out a scheme to murder a man she's having an affair with.<br /><br />A taxi-driver (DONALD BUKA) happens to be giving the woman's lover a lift to the hotel when he steps outside a moment to chat with a worker digging up the street. Lederer uses the sound of the drill to muffle the sound of the bullet he puts in the head of the passenger from outside the back of the car. When Buka returns to his cab, he finds a dead man in the passenger seat.<br /><br />Enroute to report the murder to the police, he changes his mind and decides to switch identities with the dead man who has an American passport which means Buka could realize his ambition to return to the United States. The stolen identity plot becomes thicker when the man's girlfriend (Lederer's wife) shows up at the hotel to accuse Buka of impersonating the dead man.<br /><br />It's the sort of plot movie-goers have probably seen countless times, but it gets a nice workout here, with plenty of tense scenes as Buka and Lederer's wife plan how to run from the authorities until a final confrontation with the murderer and the police.<br /><br />It's extremely absorbing, well done and holds the interest throughout with some excellent atmospheric photography of Vienna that will remind most movie-goers of ""The Third Man"".<br /><br />Well worth viewing.",Positive
"This is one odd film. It seems to be aimed at a younger audience, but is filled with sexual innuendos. The whole premise is rather absurd, not just the idea of some shrunken heads of three dead kids doing some crime fighting, but the same said kids taking on a gang of tough older guys is a little far-fetched, but then again, the parents are mainly absent in the film and there is a lack of authority figures to keep the kids in line.<br /><br />The cast are good though, Meg Foster plays a very butch mafia-like leader, with the handsome A.J. Damato as the leader of the bullies. Aerky Egan and Rebecca Herbst are well cast as the young lovers, though for a comic actress of her talent, Leigh Allyn Baker is notoriously wasted in this film.<br /><br />Overall, the film is unusual, but I don't think that is enough to make up for the poor quality and bumbling execution. The scenery is all rather dull and the ""special effects"" quite dismal. Sit this one out, unless your in the mood.",Negative
"I was looking forward to Kathryn Bigelow's movie with great anticipation after the endless hype and 6 Oscars which it was awarded. Unfortunately it really isn't a good movie. The depiction of the situation certainly seemed to be accurate and believable on all counts, but beyond that the story simply came across as incomplete and the direction of the movie appeared to be uncertain and haphazard. The actors put in a good effort, but for me I didn't really get what the movie was trying to be. It's not as atmospheric and gripping as Full Metal Jacket, not as epic as Band of Brothers, not as action packed as...well, anything. I certainly can't see why it was nominated for so much, nor why people are 'hyping it up' to these epic proportions. Mind you, given the calibre of movies in the last couple of years I suppose there's not a lot to choose from.",Negative
"I'm sure that not many people outside of Australia have ever heard of the legend of Ned Kelly. I once saw a documentary about the man, but that's the only time I once saw or heard anything about him. And I guess that this might be the biggest problem this movie will have to face. No-one knows anything about it and probably not many people will care about the subject.<br /><br />The movie tells the story of Ned Kelly's life. The Irish immigrant has lived in north-west Victoria all his life, but has never been very welcome by the authorities. The police always accuses him of everything they can think of and they keep harassing his family. When Kelly is fed up with the way everything goes, he forms a gang with his brother and two other men. They start robbing banks and even hijack an entire town for 3 days. All this violence leads to a man hunt organized by the police and when they kill three policemen, they are outlawed. Finally they take over a pub in Glenrowan, where they have a party with all the visitors, waiting for a train full of police to derail at a part of the track that they tore up. But the train is able to stop in time because someone warns them and what will follow is a battle on life and death between the police and the four gunmen...<br /><br />It's very hard to tell whether all of what is shown in the movie is true or false. I guess nobody really knows, because there will always be two camps who will each tell their own truth: one camp says he was a hero, some kind of Robin Hood, the others will say he was an ordinary criminal, a murderer and a thief. I really couldn't tell you which of them is right, perhaps both are, but what I can tell you is that the facts in the movie as well as is the documentary were about the same.<br /><br />This movie was a nice addition to the documentary I once saw and I really enjoyed the performances of all the actors. Heath Ledger, Orlando Bloom, Naomi Watts, Geoffrey Rush are all actors who are pretty well known, but even the lesser known actors show in this production that they all know what good acting should look like. I really enjoyed this movie and I give it a 7.5/10",Neutral
"This movie is probably the worst I have seen. Bad acting, bad script, bad everything. Comparing it to mainly two other movies in the same genre and from approximately the same time is interesting. Both Cyborg (Van Damme, 1989) and Nemesis (Olivier Gruner, 1993) are much better and seems more robust in both story and directing and still it's Albert Pyun who has directed these two as well!<br /><br />The story is not original. The world has become a terrible place, possibly due to an environmental disaster or a nuclear war, and people live under medieval circumstances. A special breed of robots (cyborgs) live on human blood and there's the story... The cyborgs need to get a lot of humans to fulfill there ""prophecy"" and the humans need someone to stop them. One girl together with a robot (Kris Kristofferson) built by the creator of the cyborgs has been appointed by destiny to save mankind.<br /><br />In this movie the director tries some Hong-Kong stylish fighting scenes with the participants flying high and leaping far. The movie fails miserably in this attempt.<br /><br />I recommend this film with the only reason that most people will get a new ""worst ever"" movie to relate to. And to fans of the genre I recommend ""Cyborg"" since I think it's a very underestimated movie with quite a high entertaining factor. And if you can't stand Van Damme then check out ""Nemesis"".<br /><br />I rated this movie 1/10.",Negative
"When our local TV station first launched, it filled a lot of its schedule with old British programming. ""Lock Up Your Daughters!"" was duly aired, and I -- swayed by the opening few seconds of the film -- popped in a blank tape. Best thing I ever did.<br /><br />The actors are beautifully suited to their characters and bring them to delightful life, complete with appropriate accents (Christopher Plummer's Foppington will leave you in stitches, as will Hoyden and her family). Double entendres abound, plot-line wheels within wheels mix and match the characters, hilarious sight gags lurk in every scene, and risqué comments are made on a regular basis.<br /><br />I showed the film to friends a few years ago and they called the piece ""a lost treasure,"" as much for the cast as for the story. To this day I can crack up just thinking about the dialog. Should this gem ever find its way to a DVD release, I'll be at the front of the line.",Positive
"I liked House of Dracula much more than house of Frankenstein. Carradine is much more passable & his acting isn't as ridiculous & overboard as in HOF. The actors deliver solid enough performances. The subplots (eg the monster, the village mobsters, the village idiot, the hunchback nurse etc ) are mixed in well, so that none becomes an odd splinter as in HOF. Better run than the stitched-together HOF. The hunchback nurse is as likable as the hunchback in HOF. The doctor is very good. As well, Lon Chaney adds a classy touch with his wolfman. Worth watching twice. A classic universal horror with that typical 1940's, long lost flair. Especially good is the doctor's performance before/after his blood had been contaminated with Dracula's.",Positive
"Saw this at the Hawaii Film Festival where the director and his wife (who produced it) took a Q&A afterwards.<br /><br />I found it hard to believe this is a first time director and all kudos to Harvey Keitel for once again taking a risk and going out on a limb for a script he liked.<br /><br />Certainly reminiscent of Cinema Paradiso, it tells the story of the young director on the turning of the revolution in Cuba. However, don't expect this to be a movie about the revolution, it's political stance is wonderfully ambiguous. Many references to the directors obvious love of film history (a great ""Bicycle Thief"" homage"") and some whimsical scenes which work with out being pretentious.<br /><br />Enjoy!",Positive
I have a completely biased point of view mainly because I live and enjoy the club culture lifestyle. Being a DJ and frequent club goer I see the honesty within this movie and I love it. If you don't know the club/rave culture then it will be a great foray into that culture for anyone that doesn't know it first hand. The honest portrayal of human emotion and issues in the part of Jip I loved. The characters were well constructed and I thoroughly enjoyed this film. I really don't enjoy the fact that you have to write ten lines on this web site. I will write at least 6 or 7 but i feel that i can portray my point with fewer than ten. Here are some extra lines to make the IMDb gods happy.,Positive
"A group of tourists are stranded on Snake Island after an unfortunate accident with their boat. They are forced to spend the night and as you probably suspected, it isn't called Snake Island because it's just soooooo much fun to say - it has a history of people disappearing one by one because of the large snake population, which is just what happens with these poor dumb souls. This is a very boring and typical movie with tons of off screen snake attacks and lousy performances from NOBODY actors. The only somewhat entertaining scene was an absolutely unnecessary and forced strip scene which ain't anything couldn't see in a PG13 rated movie, folks. If you are into snake movies than check out SSSSSSS, but don't torture yourself with this crap.",Negative
"I watched the world premiere of this on the Starz Action channel. They call it Vampires: The Turning. The plot was a little confusing. There is a voice-over in the introduction about an 800 year war, and I didn't quite understand. The movie is about a young couple somewhere in Asia (maybe in China, I don't think the movie specifies). The couple has an argument and Meredith Monroe runs off and is kidnapped by a biker gang of Vampires. The boyfriend finds a group of vampires that don't kill humans, and enters into a battle with the bikers. A human group of slayers somehow get involved, and the final fight sequence takes place during a solar eclipse. This movie is not related to either Vampires or Vampires: Los Muertos. Confusing, but decent action. Four out of 10 stars.",Neutral
"Since I am a fan of Natalie Portman, I had to see the movie. I enjoyed every minute of it. It plays out in a very sincere way. Throughout the whole movie at seemed as if Natalie was the mother and Susan was the mother. Susan's character kept making bad decisions and kept getting burned because of it.<br /><br />I heard that there was supposed to be a love scene involving Natalie and some-guy (he's in Outside Providence) but Natalie would only accept the script if that scene was removed. And I think that is great. I think that a love scene would have ruined the tone of the film.<br /><br />Natalie must have a knack for picking good movies to be in because I haven't seen her in a bad film yet. So, any movie that has Natalie Portman will no doubt be seen by me.<br /><br />A good film. 7/10",Positive
"Lou Gossett, Jr. is an excellent and captivating actor, but to have him take the role of a ""president"" and then have him act like he's James Bond, running around carrying a Gun and entering a warehouse to uncover a plot to kill Christians, and then being able to Escape the supposedly High Security Facility to live another day, does Not do him Justice - this movie has so many Unresolved Issues<br /><br />I will attempt to list just a few: <br /><br />1 - what was the purpose of ""stockpiling"" a Vaccine if no one is Vaccinated? - for example, the preacher could have been Vaccinated if the ""tribulation force"" already had Vaccine on hand - later, buck Williams' wife goes to be with the sick preacher and she herself becomes sick; so, was the Virus, therefore, Contagious? - IF it was Contagious, then why did Ray and his wife go into the church without Proper Protection? - why didn't they become Sick too? - and when Chloe drank the wine and was ""cured"", how did she suddenly know the wine was the ""antidote""? - was it California wine, ordinary Red Table Wine? - could Red Grape Juice been adequate - and,if the preacher had received ""communion"" at least every time he preached, maybe he would have had anti-dote flowing through his body already? - buck and Chloe got a ""heavy"" box of vaccine that was never used - what mysterious message should we see in that? <br /><br />2 - the presentation of ""evil"" forces who are working with the Anti-Christ Nicolai to destroy the world, as being Russian, Chinese, etc., is really a Relic of the 1950's and the early James Bond era, and shows an Ignorance of Modern Society and of Humanity - are we to believe that Russians and Chinese are perpetually trying to destroy this Planet? - and for what Purpose, mere Destruction? - this was such a Narrow-Minded view of this world and was so Cliché as to be Laughable<br /><br />3 - the main purpose of this movie was the scene near the very end where Kirk Cameron and Lou Gossett, Jr. are proselytizing the non-believers in the audience (by showing Kirk proselytizing Lou) - it was a movie with no meaningful storyline, too many disconnects with reality, and a completely inappropriate plot for a great actor<br /><br />I, therefore, rank this as a 1, since Zero is not available",Negative
"So, this is the WORST movie you will probably ever see. It's up there with ""Crossbones"" and ""Southern Comfort"", but if your a bad movie fan like I am, this atrocity of a film will be the most fun you've had in years. WHY does the camera make old-school kung fu noises when it zooms? WHY does that random guy stuff a nascar commemorative plate in his bag? And who is he anyway? WHY do the vampires shoot lightning after they die? What is this? Highlander? Dracula McCloud? Who cares! Just laugh at it. This movie has no continuity, no plot, no anything, really. Ron Hall's range of emotions are always off. He looks happy when he should be sad, angry when he should be confused. The rest of the cast couldn't act their way out of a paper bag. The special (""Short bus"" kinda special) effects are randomly placed, and never needed. Most scenes are lit with a desk lamp, if they are lit at all. Mel Novak has the AUDACITY to look off-camera for his line, and it's not even edited out. They just keep on filming. In fact, half of this movie isn't even on film at all. It's 1/2 film, 1/2 sony hand-cam. For most of the film it seems that they left their boom mike at home. This movie doesn't just have a few plot holes, it's a mine field of confusion and mental pain! But OH do I love it! Thank you Ron Hall, for this cinematic abomination. I went out and bought it, cause it's just so damn funny. ($1.99 on Amazon, and I had it rush delivered!)<br /><br />""I have weapons! I have weapons! I have WEAPONS!""",Negative
"I got this movie from eBay mainly because I'm gay and I love Til Schweiger. However, it's one of those movies that, when you watch it a second time, you never say to yourself, ""Hmm. I forgot about this boring part. I'll go make popcorn."" It doesn't have that part. It's a very fluid and constantly interesting film. And, yes, Til Schweiger is worth it, if nothing else. But, it's a great movie even for straight guys.",Positive
"Vanaja (2006), written and directed by Rajnesh Domalpalli, is an extraordinary film from South India. Mamatha Bhukya plays 15-year-old Vanaja, who lives in a rural area with her loving but alcoholic father. If she is going to succeed in life, she will have to overcome the liabilities of low caste and poverty. <br /><br />I went to the film expecting the depiction of an wretched girl who is crushed by society. This isn't what ""Vanaja"" shows us. The young woman is attractive, intelligent, and ambitious. She won't accept her fate with tears or simple resignation. She wants to succeed, and it's never clear that she won't succeed, despite the odds. <br /><br />The acting that Mr. Domalpalli draws forth from his cast of amateurs is miraculous. Mamatha Bhukya is outstanding in the title role, and Urmila Dammannagari does an exceptional job as Mrs. Rama Devi, the wealthy landowner who is a formerly famous classical dancer.<br /><br />In the film Vanaja learns South Indian classical dance, as she did in real life. I couldn't tell how good Vanaja's dancing was by Indian standards, but the many dance scenes were spellbinding. (Don't think Bollywood--this is classical dance. It's also very different from ballet, because in ballet the dancer lifts her heels away from the floor. In Sound Indian dance, the heel is the primary contact point.)<br /><br />This is a movie that is not to be missed. It will work on DVD, but will be better on a theater screen because the dancing will be shown to better advantage. However, if DVD is your only option, then see it that way. Just be sure to see it.",Neutral
"I am a fan of Ed Harris' work and I really had high expectations about this film. Having so good actors as Harris and Von Sydow is always a big advantage for a director but if the script is bad what can you do? I really think that Needful Things is the worst movie of Harris' filmography and that getting involved with it was a huge mistake. Anyway, I've seen much worse movies in my life but Needful Things was a disappointment because of the waste of acting talent. The story as an overall seems too unbelievable and fake. I don't know if that is because of the book, 'cause I haven't read it. But if the script was so bad, I can't see the reason for filming it. Maybe it was the commercial success of King's books, or the need for low-quality movies for the VHS era of the 90's. Whatever the reason was, though, this movie was a very bad choice for anyone involved.",Negative
"Irwin Allen's first venture into all star spectacle was one all star disaster. The Story of Mankind contains some of the most incredible casting decisions of all time. Virginia Mayo as the blond Cleopatra, Dennis Hopper chewing the scenery with Napoleon, Peter Lorre dining on the scenery for weeks as Nero, Marie Wilson as Marie Antoinette as a roadshow Marilyn Monroe, that's just some of them.<br /><br />The film also is known for being the last film which featured all three of the Marx Brothers though they all have different roles. Chico plays a monk who is Christopher Columbus's confidante, Groucho euchres the Indians out of Manhattan island as Peter Minuit, and most astonishing of all, Harpo Marx as Sir Isaac Newton who discovers gravity when an apple conks him on the bean. <br /><br />Holding all these portrayals together is a story where mankind itself is being judged. A super H Bomb is about to be discovered and let loose will do in the world's population. It's Judgement Day a coming.<br /><br />But mankind has its advocates and detractors. Speaking for the prosecution is Old Scratch who's been bringing the worst out in man for centuries in the form of Vincent Price. But man has his good side as well and who better than Ronald Colman to demonstrate man at his most civilized best. Colman and Price plead their case before The Judge played by Cedric Hardwicke. <br /><br />In those three individuals you have some of the finest speaking voices the English language ever knew. When the film is on them as they each bring out the exhibits for their case it's a pleasure to listen to. Then when the focus is on the individual stories, you want to scream in agony.<br /><br />What was Irwin Allen driving at, I'm still trying to figure it out. Was he deliberately camping it up with some of these casting decisions? If it was satire, it just doesn't get off the ground.<br /><br />This was Ronald Colman's farewell film and while it's hardly something I'd like to go out on, I can't think of any man who could have stated the case for civilization any better. <br /><br />So when you see The Story of Mankind, fast forward through some of the exhibits and treasure every moment the advocates are before the judge.",Negative
"Why did they have to make such a dreadful adaptation? The whole ""Complete Jane Austin"" series as a part of Masterpiece Classics looks like a huge disappointment. Characters are totally miscast and there's no chemistry on the screen. The whole thing feels rather rushed. The 1999 movie release based on the same novel seems like a masterpiece compared to this. I really want to forget it. I'm really happy though that ""Pride and Prejudice"" won't be re-made as part of this project and we will see the iconic and magnificent Colin Firth and Jennifer Elle as protagonists. if you skipped this ""Mansfield Park"" production consider yourself lucky!",Negative
"The first few minutes of ""The Bodyguard"" do have a campy charm: it opens with crawling text from the Bible (the part that Samuel Jackson recites to his soon-to-be victims in ""Pulp Fiction""), continues with two karate school teachers in New York arguing about the eternal question of mankind (who is better? Sonny Chiba or Bruce Lee?), and then Chiba appears, playing himself; he immediately stops a plane hijacking and breaks a bottle in two with his bare hand. Unfortunately, any entertainment value, intentional or unintentional, soon gets crushed by the disjointed story, the lack of action for long periods of time, and the poor quality of any present action. To keep it simple, here's why ""The Bodyguard"" is an unbearable movie to watch:<br /><br />1) You don't know what's going on. <br /><br />2) There are barely any fights. <br /><br />3) The fights that are there, are short and terribly filmed.<br /><br />Sonny Chiba is cool. Judy Lee is gorgeous, her face is glorious. It's only for them that I give ""The Bodyguard"" a 2nd star out of 10. This movie makes 87 minutes feel like 5 hours.",Negative
"I have yet to see a film with Nolte in it that I did not like. However, this being said, he's made a lot of films and I've seen just a few. In my minds eye I am keeping the images of his performance here and the one in ""The Thin Red Line"". Nolte has a a full range of acting talents. When it's necessary to shout he roars like a wounded lion. His best moments are the ones I treasure in actors: when he just emotes through facial, hand and body gestures, without saying anything. Having come to the conclusion that our present generation of actors, by and large, have no appreciation of what an actor can do without speaking, having no conscious appreciation of the mastery of Keaton and Chaplin, this generation of actors relies far too much on the mechanical wizardry of computers. Of course it is also just a sign of the times we live in. Had Chaplin lived in our times....who knows, he just might as well have become an aficionado of CGI tools.<br /><br />I have not read the Vonnegut novel from which this film comes to the screen. However, the plot is not so far fetched or convoluted that we cannot follow the path laid, even with all its surprises. Of course on the outset it appears preposterous. However, it is also not impossible.<br /><br />Consider these for starters: A Spy at the Heart of the Third Reich: He Extraordinary Life of Fritz Kolbe, America's Most Important Spy in World War II by Delattre and Prichard (look at Amazon for more details). Consider: History Undercover: Piercing the Reich: American Spies Inside Nazi Germany DVD (I saw this here: http://store.aetv.com/html/product/index.jhtml?id=75054) seems to be a History Channel production.<br /><br />So, is the story ridiculous? Far fetched yes, impossible, no. Back to the plot. Nolte's character is recruited and accepts an impossibly dangerous mission and unfortunately the script does not give us an adequate reason why he accepts. Was it a type of passivity, that he got sucked into this role as it says because it was the best story he had ever written and he got to play the part? That's a hard thing to imagine any of us would grasp. But, it was an unusual time and people did extraordinary things.<br /><br />The acting throughout the film by the entire cast is excellent and as people have pointed out Alan Arkin, always fantastic, is very good in a small role.<br /><br />I was really shocked by the ending of the film (no - I won't spoil it) and it made me feel terrible about the choice. Did this person feel that the road was finally over and that he had spoken all that was necessary and that any more would be chapters added to a life already filled with many burnt pages? Hard to say but it really jolts.<br /><br />Nolte gives one of the finest performances you can expect....the premises of the film make you wonder about a lot of things. It's very entertaining and provoking. What great movies should be. A bit long but worth it. By the way, the movie music has selections from one of the best living composers: Arvo Part.",Neutral
"If you really want to know how most of the actors and directors in the Hollywood scene ""made it"" to where they are, the vast majority will tell you (assuming they will tell) that a strange coincidence took place. They happened to meet the right people at the right time and get into the right project which led to other connections and other projects. Quinten Tarrantino took an acting class whose instructor knew Harvey Keitel. Kevin Spacey lifted a back stage pass from a sleeping old woman at the lecture of a famous playwright who helped him land an important role. And Robin Williams credits his career to Gary Marshall's son who, after having seen ""Star Wars"", suggested to his father that an alien should visit the Cunninghams of ""Happy Days"". These coincidences, many times viewed as pure luck, shapes many of the careers in Hollywood today. Or is it pure luck? Is possible something else is going on? ""Grand Canyon"" written and directed by Lawrence Kasdan, proposes an altogether different explanation for the inexplicable, aka the strange miraculous coincidence. The movie concerns several different characters whose lives intersect because of positive and yet inexplicable happenstance.<br /><br />Kevin Kline, a middle-aged father, experiences a break-down in one of the more dangerous areas of LA. After he phones a tow truck, a young gang accosts him. They threaten violence if he doesn't leave his car. Just before the confrontation can escalate, Danny Glover appears as the tow truck driver and dampens the intentions of the gang. Although Glover denies it later, he probably saved Kline's life. A producer (Steve Martin) of cheap violent films gets shot in the leg and after wards has a spiritual experience. He then announces retirement from producing blood and gore entertainment. And Kline's wife, Clair (Mary McDonnell), while on a morning jog, finds a baby hidden in some foliage. She claims the baby cried for her and that her ""rescue"" of the infant was preordained.<br /><br />The movie explores further the results of these strange connections that lead to further relationships, end to relationships, and new beginnings. And all the while, a strange homeless man appears throughout the movie as if somehow he is also connected to everything that is going on.<br /><br />It is very rare in Hollywood, or for film in general, to explore such a purely esoteric subject. There are a few moments that seem somewhat unbelievable, but maybe that's the point. What makes the film work is the superb acting by the cast. Although the miracles and coincidences may seem far-fetched, the actors make you believe they are experiencing these new realities. Maybe this is a subject we should explore more often.",Positive
"Time for a rant, eh: I thought Spirit was a great movie to watch. However, there were a few things that stop me from rating it higher than a 6 or 7 (I'm being a little bit generous with the 7).<br /><br />Point #1: Matt Damon aggravates me. I was thinking, 'what a dicky voice they got for the main character,' when I first heard him narrate - and then I realized it is Matt Damon. The man bugs me so very bad - his performance in ""The Departed"" was terrible and ruined the movie for me (before the movie got a chance to ruin itself, but that's another story for some other time), as it almost did ""Spirit"". I was able to get past this fact because of how little narration there actually was... thankfully.<br /><br />Point #2: Brian Adams sucks... The whole score was terrible... The songs were unoriginal, generic, and poorly executed; not once did I find the music to fit; and the lyrics were terrible. Every time one of the lame songs came on, I was turned off. I almost thought I'd start hearing some patriotic propaganda slipped into the super-American freedom style lyrics (I couldn't help but be reminded of those terrible patriotic songs that played on the radio constantly after 9/11). In light of the native American aspects of the film, they should have gone with fitting music using right instruments, not petty radio-hit, teen-bop, 14-year-old-girl crap. I thought I was back in junior high school. I can't believe no better could have been done--I refuse to. Had it not have been for this, I'd rank the film up more with Disney, which knows a thing or two about originality (ok, don't bother saying what I know some of you are probably thinking ;). Too bad, it's a shame they couldn't have hired better musicians.<br /><br />I liked the art and animation, except for some things here and there... like sometimes the angles appear too sharp on the face and the lines too thick or dark on the body (thick/dark lines mainly near the end). There were often times when I thought they _tried too hard_ on the emotion and facial expressions and failed at drawing any real emotion. But there were also times when the emotion ran thick. Anyhow, many scenes were lazy and the layers were apparent.<br /><br />OK, I'm falling asleep here so I'll sum it up before I start making less sense...<br /><br />Nice try on an epic film... it turned out mediocre though. Matt Damon, you suck!",Positive
"When dirty dancing was on TV in the middle of last year I was out so I didn't get to see it, my mum swore that I had seen it and that she had it on tape somewhere. Anyway getting to the point she couldn't find her video so for Christmas I bought her the DVD, well she hasn't had a look in. It sat around for a while then one night I decided to take it upstairs to watch and I fell in love with it. This is a great film with lots of lovely scenes! I love the plot and enjoyed every moment of it! It's definitely not for everyone but if you love a love story then you will want to watch Dirty Dancing again and again! Dirty Dancing - The Way Love Is Meant To Be!",Positive
"Steven Seagal movies have never been Oscar material but with each passing release they get worse and worse.<br /><br />This one starts with Seagal getting picked up by the FBI because he killed a few people 'in self defence' he's active military so is saved from jail to rescue a stolen Stealth plane that will be used by the cliché 'evil English villain' that Hollywood is so obsessed with including these days.<br /><br />Suffice to say the film has terrible dialog that is almost always delivered with a hefty topping of cheese and lack of acting talent. The story isn't interesting and there are segments of it which make absolutely no sense and do not add anything to the story, characters of movie as a whole such as the 'lesbian' interaction between the two main females in the cast which is there purely for titilation to get viewers and yet isn't even titilating just confusing as it makes no sense as to why it happened when it didn't need to.<br /><br />In short a terrible script with bad dialog, delivered by sub-par actors, boring and at times badly choreographed action scenes, and non-relevant parts that only serve to achieve the near-impossible and make the movie even worse.<br /><br />Save 98 minutes of your life and give this miss, even if you are Seagal's most ardent fan.",Negative
"I first saw Jake Gyllenhaal in Jarhead (2005) a little while back and, since then, I've been watching every one of his movies that arrives on my radar screen. Like Clive Owen, he has an intensity (and he even resembles Owen somewhat) that just oozes from the screen. I feel sure that, if he lands some meaty roles, he'll crack an Oscar one day...<br /><br />That's not to denigrate this film at all.<br /><br />It's a fine story, with very believable people (well, it's based upon the author's early shenanigans with rocketry), a great cast  Chris Cooper is always good, and Laura Dern is always on my watch list  with the appropriate mix of humor, pathos, excitement...and the great sound track with so many rock n roll oldies to get the feet tapping.<br /><br />But, this film had a very special significance for me: in 1957, I was the same age as Homer Hickham; like him, I looked up at the night stars to watch Sputnik as it scudded across the blackness; like Homer also, I experimented with rocketry in my backyard and used even the exact same chemicals for fuel; and like Homer, I also had most of my attempts end in explosive disaster! What fun it was...<br /><br />I didn't achieve his great (metaphorical and physical) heights though. But, that's what you find out when you see this movie.<br /><br />Sure, it's a basic family movie, but that's a dying breed these days, it seems. Take the time to see it, with the kids: you'll all have a lot of good laughs.",Neutral
"its not as good as the first movie,but its a good solid movie its has good car chase scenes,on the remake of this movie there a story for are hero to drive fast as his trying to rush to the side of his ailing wife,the ending is great just a good fair movie to watch in my opinion,<br /><br />",Positive
"Based on the book ""Space Vampires"" by Colin Wilson. This is (in my humble opinion) one of the best pieces of Sci-Fi Horror to come out of the eighties. The effects (done by ILM) still hold up by todays standards. The actors are mostly British and being british seem to give this film a greater depth of realism.<br /><br /> The film was panned by the critics and sadly failed to do well at the box office on both sides of the atlantic. Tobe Hooper blamed the promotional work that was done before its release as the main cause for it's low takings. But for whatever reason, it still does not detract from the fact that this is an excellent film with a great cast and well-paced plot.<br /><br /> Not to be over-looked.",Positive
"Many people has got a film they think of as their favourite movie. My movie will always be John Carpenter's The Thing! The main reason why this movie is a cult-film is perhaps the splatter-effects created mainly by genius Rob Bottin and that this is the movie that made Kurt Russell what he is today (along with Escape from N.Y.) In my opinion, this is not a great film because of the effects, it has to do with the story, the atmosphere, and of course, the acting. I have watched thousands and thousands of movies (3-6 every day the last 10 years), but none has had the impact on me as this one, not even the great ""Das Boot"".<br /><br />Here's my suggestion to you who likes sci-fi and horror movies: Place yourself in the good chair of your home. Be sure you're not interupted by anyone. If you aint got a projector, sit close to your TV and watch this miracle of a film. Let it absorbe you, and you'll see it my way!<br /><br />Best View Time: Late February between 5 and 9 in the evening.",Positive
"WARNING:I advise anyone who has not seen the film yet to not read this comment.<br /><br />If you plan on watching this movie DON'T! I warn you... this movie is TERRIBLY boring and basically horrifying, not in the Horror movie kind of way, to watch. I mistook this Piranha movie for another Piranha movie and when I had noticed I made a mistake I decided to watch this one anyway. I wish I wouldn't have. This movie is so horrendous and so intolerable in every piece of material that I couldn't bare to let anyone say this movie was halfway decent. For one thing, this movie should be called A Boring Talk About Wilderness instead of Piranha. They only show piranhas ONCE! At the same time, the way this film sounds so poorly heard, I got sleepy only 20 minutes into the thing. At the end my mouth was hung wide open and I stared gloomily at the blank TV screen. It is a VERY poorly directed and badly filmed piece of junk that I was afraid I brain dysfunction after watching it...",Negative
"I've seen a few of Mr. Boorman's movies and didn't like much of them. Not that they are bad movies, quite the contrary are good movies, but not content I personally found entertaining. However I think Where the Heart Is, although made to cater to the less than art savvy American audience, is masterful as satire, and as social commentary of the times it was made in. I've had to replace this movie in my collection at least a half a dozen times, since every time I loan it out to someone I know could appreciate it's artistry on all its levels, my copy fails to come back home to me, lol. The last time took 7 years to replace it since it was out of print for VHS sales, has never been made as a DVD that I know of, and had to wait till one of the premium cable channels ran it before I could tape it again.<br /><br />My favorite aspect after the nail-on-the-head social commentary is the paintings by Timna Woollard. I've searched for 15 years to find anyone or anywhere that could lead me to where her work is available for sale. Or better yet a copy of the paintings in the movie without the ending credits rolling over them. I have a room in my house that I dedicated to putting copies of her paintings in, and no one seems to know if it ever was released as a coffee table book, or video aquarium, or as a documentary of her work. If anyone does know of where I can acquire any sort of copy of Timna's work or where her studio is in England, please do not hesitate to contact me via email.",Positive
"If you are looking for an erotic masterpiece this isn't it. If you're looking for a comedic masterpiece this isn't it. If you're looking for something hardcore this isn't it.<br /><br />That being said if you are looking for an example of the fine art of European erotic comedy from the the early - mid 1970's this is it.<br /><br />I see many people complain about the quality please understand it was made in 1974. Yes the women do not conform to the modern ideal of attractiveness. They are by no means ugly women but they do not have the same looks which are idealized in our silicone culture. Yes the dubbing is not great but they are speaking German and anyone who speaks any German will realize it is pretty hard to dub over a word with 12 syllables.<br /><br />If you have seen the DVD prior to the latest release it is marketed with 2 covers of 80's and recently 90's adult stars. The film is an R film so those complaining about hardcore should have realized this, the film is edited from the original BUT it was also edited prior to its run in the drive-ins in the late 1970s.<br /><br />I first saw this film as a young man and judging by some comments there are many in the same boat who caught a glimpse on Cinemax. Many people become upset when later in life it doesn't live up to their previous memories. It's understandable considering the raunch and nudity packed into todays erotica.<br /><br />If you compare 2069 to a modern soft-core erotic comedy you may be disappointed. The film while outlandish is actually quite fluid and the jokes while generally innuendos and double meanings still hold up and can still garner a chuckle. If you compare it to a hardcore movie you will be further disappointed, compared to today you see very little.<br /><br />It is still one of the best examples along with Bottoms Up and The Other Cinderella of European Erotic/Comedic Cinema of the 1970's.",Positive
"I've watched hundreds of kung fu movies and I've heard some good thing about this movie, so I decided to give it a try. What I saw was one of the worst displays of movie making I've ever seen.<br /><br />I can't help but feel like the director want to have every muscle guy in Hong Kong in this movie. Everyone overacts to the point of stupidity. Even Conan the Barbarian had some civility. This movie just has half-evolved men screaming in every scene and stupid women who has no self-respect. The narrator's character should've be killed for sucking so much...she really didn't deserve to live til the end. The entire movie was a melodramatic mess, with horrible acting, bad directing and bad action. They should've just rename this movie to 'The Stupid One-Armed Caveman with a Blade"" Here's a question...why do some director use quick cuts for some action movies? Answer: To can hide the deficiencies of the actors. Nearly every scene was close up and quickly cut without any kind of flow. The movie tried so hard to show intensity, but it became almost laughable. Please stay away from this movie it you have any kind of taste in kung-fu movies...or any taste in movies.",Negative
"I watched the movie about 13 yrs ago while living in Airlie Beach Qld Australia. I had found it in the shelves of a little shop in the back that most don't bother to browse.<br /><br />To my pleasure I found it and watched it with the intention of one day owning it and being in my collection. I still do not have it but will one day.<br /><br />I like the concept with the poetry and the fantasy. The semi deserted street scenes with a busy teaming city in the far background added to the visual effect.<br /><br />I have numerous times mentioned this movie to people that enjoy this genre, with nothing but praise. It has stuck in my mind and will for a long time to come.<br /><br />I fully recommend this film, but only to those that are into this type.<br /><br />This comment and the one from LA,CA can assist you when choosing to watch this film. The comments may be negative but I found them positive if you look past the derogatory connotation.",Positive
"There are many mysteries in life. For example: Why did any of the people other than Carrot Top agree to appear in this movie? Why did anyone distribute this movie? Why did anyone pay money to see it? I guess none of these questions will ever be answered, but one thing I know for sure, this movie is one of the worst ever made with a budget this big. It would already be bad, but the addition of Carrot Top's ""humor"" makes it even worse. The only entertainment one could possibly get from this movie is to burn it, smash it, or otherwise destroy it in an amusing fashion. If you were to rank it against every movie ever made, it would be right between ""Problem Child"" and ""Biodome"". Nuff said.",Negative
"I really like this film because of all the stars and the dancing and the story that goes along with it. Rita Hayworth was at her most glamorous in this musical and the costumes were gorgeous. Although a musical, I thought Rita Hayworth did a fine performance of dramatic acting in this film as well. As far as her dancing, I think she was excellent. Even Betty Grable pretty much endorsed Rita's dancing in this film as she commented that Rita danced rings around her own dancing and let's face it, Betty Grable was an excellent dancer. The cinematography and vivid colors are also noted. Rita wants to be a cover girl for a magazine but she's also in love with her mentor played by Gene Kelly. Does she leave Kelly to fulfill her dream and bypass love and Broadway stardom or does she stick around to find that unique pearl that will change her life forever? You'll have to watch the film to find out!",Positive
"Anupam Kher is an excellent actor, he debuted at 28 playing a 50 yr old in SARAANSH<br /><br />Now he turns director with OJJ<br /><br />The film has a good plot but it's regressive<br /><br />The theme has been done to death and Urmila's character looks too put on while Anil-Mahima and Abhi- Tara tracks are too sudden and then forgotten<br /><br />The film moves a snail pace and begins to drag but there are several good scenes like the entire conflict between Anil-Fardeen and Abhishek where Fardeen says to sell the house<br /><br />Abhishek getting caught for a crime and Anil shouting at him<br /><br />The climax is too much though<br /><br />Directorally Anupam shows potential, but has some way to go Music is okay<br /><br />Anil Kapoor excels in his part like always Fardeen tries hard and is okay but needs to improve Abhishek is excellent, this was a turning pt, people realized he can act Urmila is okay Mahima and Tara are wasted Waheeda is good",Negative
"I'm a fan of Jeff Bridges so I snapped this up on DVD without having seen it previously. I instantly became a fan of Kevin Spacey, also.<br /><br />The general plot of ""alien in human body"" has, in my experience, been done to death, but I liked the approach taken in K-PAX, which struck me as quite different and much more sensitive than most. Bridges makes an excellent doctor (you *want* to tell him what's on your mind) and Spacey's expressions and gestures are perfect in the role.<br /><br />The interaction between Prot and the entirely human characters in the clinic is delightful, particularly the subtle manipulation of their behaviour.<br /><br />The ending is bittersweet - I like Prot's choice, but the final scenes (with Bridges) made me teary.",Positive
"Watching the commercials for this movie, I was fairly convinced that I was going to loathe it. For one thing, it was one of those ""loosely based on the novel"" movies, which usually means that the book author saw the script, hated it, and refused to be associated with the film. Worse, the trailer showed only the most mundane slapstick imaginable (ex: kid gets squirted in the face with a garden hose...and falls over). So when my little brother got it into his mind that this was the ""must see"" film of the season (of course, he thought the same thing about ""Cars"", ""Over the Hedge"", ""The Ant Bully"", ""Monster House"", etc, etc), I was admittedly less than thrilled.<br /><br />But once at the theater, the film won me over for a variety of reasons. First and foremost, the writers capture 'kid dialogue' better than just about any other children's film I've ever seen. A prime example of this comes directly after the boys' principal accidentally eats a worm stuck in an egg omelet. The boys do a lame, over-exaggerated impression of the principal lecturing them, which makes it realistic since all little kids think (mistakenly) that they do great mocking expressions of their adult tormentors. Then one of the boys asks, ""Why did he say, 'alley oop'?"" Another boy responds, ""Maybe he's crazy!"" and the entire group laughs uproariously. Not an overly witty rejoinder, but exactly the kind of thing a young kid would come up with on the spot and exactly the type of remark other kids his age would find hilarious. As if to confirm it, my kid brother laughed right on cue when they were spoken on-screen; I could practically hear his voice spouting the same exact lines if he was placed in a similar situation.<br /><br />Another reason the movie works is that the writers manage to work in issues like bullying, sibling relationships, the new kid in school, and peer pressure/conformity without making any of them seem as though they were subplots for some after school special. For example, the bully (Joe) isn't stereotypical; he's definitely bad but not pure evil, and just enough of his home-life is revealed that the audience feels sympathy for him and understands his bullying origins. There's also no ""cue the dramatic music"" moment where Billy ('Worm Boy') realizes what a complete tool he's being to his younger brother Woody, and yet, by the end of the movie, some type of minor transformation has been made. There's some realism here in the way the characters resolve situations and in the way they relate to each other, and very little of it comes across as corny.<br /><br />The only drawback to the movie comes in the form of an absolutely laughable dance scene that even the creators of the infamous McDonald's dance party in ""Mac and Me"" would scoff at. Why oh why was it put into the movie?? Did Austin Rogers (Adam) pull a Macaulay Culkin and refuse to take the role unless he was given a vehicle to showcase his oh so impressive dancing skills? The entire sequence definitely did not need to be there and had slightly less comedic value than any given show on ""The History Channel"".<br /><br />Overall, though, this movie was excellent, and the length (about an hour and twenty minutes) was just about perfect. One of the best, most realistic live action kid films you'll ever see if you're ever around children or just remember what being a kid was actually like.",Positive
"I always said that the animated Batman movies were much better than the live action films.<br /><br />I've seen all of the animated films, but out of the bunch, this is the poorest, and it's rather disappointing.<br /><br />""Mask of the Phantasm"" would rank as the best, then ""World's Finest"", then ""Sub Zero"", then ""Return of the Joker"", and finally this ranks last.<br /><br />In this newest animated movie, there's a mysterious new batgirl in Gotham and Batman is intent on discovering whether she's friend or foe as she sets out on a quest for vengeance.<br /><br />But as Bruce gets involved with three young women, he begins investigating them and discovers who is the new batgirl.<br /><br />The tone in this film is unusually light considering most of the films are grim and bleak, which was rather disappointing. Bruce acts strangely out of character most of the time, the villains are re-used from the last films, and while the action scenes are exciting, they're really nothing new. It also lacks the dramatic impact the other films have, especially that of ""Sub-Zero"" which was heavy in drama and character development.<br /><br />Everything in the film feels pretty recycled and the supporting characters are charming but no one is actually worth rooting for.<br /><br />All the while, I really enjoyed this, I had a blast, and the identity of the new batgirl is surprising, but this wasn't as exciting as I'd hoped.<br /><br />(**half out of ****)",Positive
"These were two video shot movies that Troama decided were horrible so in a desperate move turned into this one movie. Perhaps the bitterness on Troama's side helped spark the comedy, but for whatever reason this is very funny stuff with an inspired bit with ""Oliver Stone"" doing commentary during the movie. Lots of cameos, lots of use of the Lesbian Cannibal HoeDown song add to the fun. Trey Parker, Ted Raimi, Julie Strain etc etc....<br /><br />One of the best of recent Troama releases. Yes it's all over the place, know that going in, the production quality, or lack of, becomes one of the many running jokes. Go with it and you'll be in for a good time.<br /><br />The behind the scenes, frequently the best things about Troama releases are also above average this time around. I really think the anger they felt over these two lousy films helped drive them to, well not greatness, but drove them to ""fix"" this film in a way that's better than either of the films would have been as they were originally planned.",Neutral
"The man who gave us Splash, Cocoon and Parenthood gave us this incoherent muddle of cliched characters, poor plotting, you've-got-to-be-kidding dialogue and melodramatic acting? I guess everybody has a bad day at the office now and then. He's allowed.",Negative
"This is the best of the films (so far) that Christopher Guest has created using his very talented ensemble cast. Previously, they'd made the excellent WAITING FOR GUFFMAN and following BEST IN SHOW, they made the very enjoyable A MIGHTY WIND. As for their latest, FOR YOUR CONSIDERATION, the less said the better.<br /><br />The film appears to be a documentary about dog shows and several contestants in particular. You follow these few chosen dogs from pre-show preparations all the way to the big night where one of them is chosen best in show at the fictitious ""Mayflower Kennel Club"". However, none of these people are real dog show enthusiasts but talent improvisational actors that parody many of the common types of people you meet in the dog show world. Amazingly, even though the characters are rather outlandish, there is a lot of truth to the personalities they are parodying--as decades ago I had some experience with dog shows and this is a VERY cutthroat group of people! My favorites of the dog owners were the incredibly high-pressure and tense yuppie couple who just exuded anger and volatility. I also loved the openly gay couple, as they were terribly funny and clever. However, the best performance probably wasn't from any of the couples but from Fred Willard who played the world's stupidest and least talented announcer in human history. His comments were uniformly inane and often betrayed his as an incredibly stupid person--how he got to be the announcer for such a prestigious show is anyone's guess. The other contestants featured were also quite funny--the high-priced professional poodle handler and its rich owner, the country boy and his hound as well as Winkie's ""parents"" who could barely scrape together enough to make it to the show.<br /><br />Despite the improvised style of film making, the pieces all fit together wonderfully and told a very funny and compelling story--one that is NOT for dog owners only. Exceptional acting made this one of the best comedies of the last decade. Clever and consistently funny.<br /><br />By the way, try to find this on DVD as the extras were actually worth seeing. While a bit painful to watch, I loved seeing Harlan Pepper and his beach ball collection in particular!",Positive
"I won't say the show is all bad, because there are some funny parts, like Spencer, and a few random incidents. But other than that, let's face it, it's just another dry sitcom that kids are buying into.<br /><br />Miranda Cosgrove was cute and funny as Megan on Drake and Josh. Honestly, she is mediocre in ICarly and is just not as funny as she tries to be. The actress who plays Sam seems to be half-asleep most of the time, and her antics are so clichéd that I would think of them. They're not funny, just annoying. And Freddie is okay, but not that interesting.<br /><br />Of course, the situations are unrealistic, but it's not all bad. Some are bothersome, though. Here are a few: <br /><br />1. The girls are 14, and have a web show that gives away too much personal information, with a weekly audience of 27,000(WTF), with little to no advertising, and they can still go on about their lives not being attacked by crazy people <br /><br />2.Their web show gets too much praise ($100,000 yearly to advertise sneakers, a free trip to Japan, Plain White Ts performance, and so on). Honestly, anyone over the age of 6 would not find their ""comedy"" entertaining.<br /><br />3. How is it that they are so ""average"", yet they own a three story loft, Spencer does hardly anything and can still afford many basic luxuries, and they have all the equipment for a web show? 4. All of the adults are idiots. ALL OF THEM.<br /><br />5. No 5 foot high girl, no matter how obnoxious and tenacious, can take down trained cops, unless she's muscular. Sam is skinny and petite.<br /><br />6. No one can fall down 9 stories in an elevator and live.<br /><br />7. Kids can handle finding out about criminals better than cops.<br /><br />The show is stupid. Really, it seems harmless, but making kids think that they can be obnoxious to their elders, live alone in Seattle when they're only 14 with an irresponsible moron, and give out personal information is just wrong.<br /><br />I'm disappointed to say that my cousin, who is 3, enjoys the show. What happened to the cartoons when I was her age?",Negative
"There are very few performers today who can keep me captivated throughout an entire film just by their presence. One of those few is Judy Davis, who has built a successful career out of creating characters that are headstrong in attitude but very vulnerable at heart. She takes roles that most other performers would treat melodramatically and adds a fiery, deeply emotional intensity that pulls attention away from everything else on the screen.<br /><br />Her skills are well displayed in ""High Tide,"" a film that matches her up a second time with director Gillian Armstrong, who gave Davis her first major success with ""My Brilliant Career."" In that film, Davis played a young woman who was determined to make it in the world, despite the suffocation she felt from her community and upbringing. In ""High Tide,"" however, Davis' character, Lillie, is roughly the opposite: she gave up on any hope for her future when she was young, and, after giving birth to a child, runs from her responsibilities and takes up a life without direction or meaning. When she finally meets up with her daughter years later, the thought of taking care of her child is petrifying; she knows this is her chance to atone for her failures, but how can she be honest with her daughter and still gain her respect?<br /><br />Gillian Armstrong's films usually relate stories about characters who desperately want to communicate with each other, but face obstacles set up by their own personal habits and addictions. ""Oscar and Lucinda,"" for instance, was about a man and a woman who desperately needed each other's love but were always blindsided by their craving for chance, represented by their gambling addictions. Here, we are immersed in the world of a family torn apart by the mother's inability to commit to a settled life and her struggles to redeem herself despite being fully convinced that it's too late to change for the better. This is not simply a film with a great performance at its center, but also a rare achievement: a fully convincing story of redemption.",Positive
"what a waste of time! i expected better from cameron diaz! i guess it wasn't really her fault for being in a terrible film. the film does not capture the beauty of europe.....and wasn't successful in leading the audience into suspense or wonder. weak attempt at storytelling and narrating -- dialogue is dull and wasn't able to convey what i sometimes think simplicity is beauty. no love, energy, electricity on screen. too bad!!!!!!!!1",Negative
"I've watched this film about thirty years ago and it stuck in my mind until now. When I came across it on DVD, I didn't hesitate too long, even more, because I have a predilection for early Belmondo flicks. But what a bad surprise! Some movies should be allowed to resign from public exposure, to preserve a certain memory, and not to shock audiences.<br /><br />Widely hailed as one of Chabrol's rare cynic works, the only lasting impression I got from re- watching it is... boredom. Some movies really do not age in style. But what about movies which didn't have any sense of style at all?<br /><br />The flaws in the script, uninspired acting - presumably due to the lack of direction -, a sort of production design, which doesn't deserve its name, less than mediocre photography and, last but not least, the worst editing job I've seen in ages, make this one truly hard to stand.<br /><br />My impression was, that there was a bunch of people with too much money and equipment but obviously, no idea or any skills at all. It really comes as a surprise, that this one didn't abruptly end Chabrol's career. Don't blame it on the overall bad taste of the 70s, this one is crap in its own right and a worthy contender for the most useless waste of celluloid ever.",Neutral
"Spoilers? Maybe a few details, but nothing too plot related. Not like it would matter with this movie. <br /><br />Air Rage blatantly rips off the mid-air infiltration premise of Executive Decision. Ice-T leads a team of four ""elite"" commandos who wear baggy black shirts that we can only imagine must conceal invisible body armor as their idiotic tactics (similar to what 3rd graders use when playing Star Wars on the playground) lead them to absorb a hail of gunfire. <br /><br />What entertained me the most about this flick was the use of look-alike has-been actors. You'll immediately recognize Cyril O'Reily as someone who once acted in a movie that you really liked, though it was so long ago that you probably won't be able to place it (it was Porky's). Here Cyril plays a decent knock-off of a Bill Paxton character. Most Hilarious is porker Gil Gerard, who's so fat that you will never recognize him as TV's Buck Rogers. Instead of evoking his mildly heroic character past, Gerard gives us a passable performance of the crusty fat tough guy persona, which was clearly imagineered for John Goodman. Finally, Alex Cord gives us a nice hybrid look-alike performance as a Chuck Connors/Kirk Douglas type. In the 10 years since New Jack City, Ice-T's acting has deteriorated remarkably. It's not acting so much as regurgitation of lines that he might have actually memorized. <br /><br />One of the items that plays into this movie is a CD-ROM of classified information. It's being hand carried, and it's apparently and unbelievably not encrypted, despite the security-savvy aura of Gerard's NSA character. What a joke. I'm severely doubting that the information purported to be on the CD would ever even all be assembled into a portable format. <br /><br />Despite being in a closed aircraft without silencers, the gunfire is about as loud as canned air, and causes nary a person to flinch, so apparently no foley budget. The assortment of weapons chosen is pretty funny. The flight attendant's use of a coffee pot is about the most realistic depiction of violence in the film. When she takes intuitively to the mini-Uzi pistol, which has got to be one of the worst pistol designs ever, that's just too stupid. A true elite team would carry MP-5s for this type thing or maybe SOCOMM .45s, or even customized Hi- Powers if they were really old school, or maybe something FN 5.7 if new school... The lame-o standard issue 92Fs are totally unbelievable, having lost most of their cool after Lethal Weapon I. The bad guys, supposedly experienced soldier of fortune types, have an assorted mixture of absurdity, like the aforementioned mini-Uzi pistol and a Tec-9 with the infamous non-functional barrel extender that isn't a silencer. <br /><br />There was one touch of realism on which I would like to correct the other reviewers: The flight attendant and Ice-T did lower the craft to 10,000 feet for ""breathable air"" before they opened the door. And I also got the impression that the flight attendant was NOT able to get the door closed, that she basically just gave up on that point. As far as the landing, there was no mention of flaps until about 2 seconds before touchdown. Sigh. <br /><br />Only the Dukes of Hazard eluding Roscoe P. Coltrane at the ""pass"" could shame this movie for use of stock footage. They obviously chose the incredible (and retired) SR-71 because they couldn't get stock of an F-117. Aside from the fact that they were mothballed already in 2001, let's also forget for a moment that the SR-71 is not a pure stealth aircraft in the sense of the B-2, and that at point blank range... Well, I'm no expert, but I'm having doubts as to whether it would be invisible on Radar. <br /><br />As others have pointed out, the repeated references to ""F-15s"" when they were showing F -16s was laughable. Details of the 747 were pretty stupid. No airline would put that few passengers on a 747 to begin with, not to mention everything else that was idiotic about it. Pay attention to the use of exposed electrical wiring. <br /><br />Wow. What a show. Catch it on Stars or something. Don't pay to rent it, but do watch it for laughs. In contention for worst movie ever, right up there with No Holds Barred, which at least had some originality.",Neutral
"Who really wants to see that? Disgusting violence, disgusting sex, for such a long time. I do not want to, but I always stayed true to my philosophy to watch any movie as bad as it may be. This was the hardest (right after ""Next Friday"").<br /><br />It's basically just crap. How can you possibly call it anything else? The story of a Roman emperor as an excuse for gore and T&A. Yeah, yeah, ""Hey, it's realistic, they have been like this."" Fine, but why bother us with it? I don't care if it has been like this (and there are a lot of scenes where I truly doubt it). The point is, why should anyone wanna see it? Problem is, there is only one reason you could like the film and that would be that you like violence. There's nothing special about it, just cruelty. You can say ""Cool!"" as you'd say in splatter-slasher-movie. But horror movies with violence at least can give you chills and excitement, maybe characters you care about. But here everything is dark, dull and boring. Every character is mad. ""The story of an emperor who can't deal with his power"". What? In the very first scene he runs naked through the woods with his sister! I have no problem saying that we saw a madman for 2 1/2 hours.<br /><br />But maybe you get turned on by seeing Helen Mirren, being pregnant and dancing. Or 5 minutes of hardcore scenes that some people see as the message of the movie. Or castration, yeah right, that was fun! Real birth scenes, how hilarious! Humans, animals, who cares, let's just treat them as toys.<br /><br />I don't care what anyone says, this is no movie, this is just 2 1/2 hours of blood and sex, degrading and disgusting. Go watch a porn movie if you want sex or watch a horror flick if you want violence. At least those movies don't pretend to be some artistic masterpiece. And they are shorter.<br /><br />[0/10] [6 (1+ - 6-)] [0/4]",Negative
"Gene Tierney and Dana Andrews, who were both so memorable in 1944's ""Laura, re-teamed for this excellent 1950 film-noir.<br /><br />An embittered policeman, Andrews as Mark, can't get over the fact that his father was a hoodlum who died in a police shootout while trying to break out of jail. As a result of his bitterness, Mark doesn't know when to stop using his hands. It's this inability that leads to the accidental death of a small-time hood.(Craig Stevens)<br /><br />In trying to frame gangster Gary Merrill, Mark unintentionally puts the heat on innocent cab-drive, Tom Tully, who is the father of Gene Tierney, who was separated by Stevens.<br /><br />This is a well-thought out film dealing with the conscience of a basically decent human being.<br /><br />The ending is not exactly upbeat as Mark will have to face the music. At least, he finally admits to what he has done.",Neutral
"So the Koreans are now knocking off American horror flicks. But they are doing so with style. DOLL MASTER is a close copy of PUPPETMASTER and DOLLS, and even has a little CHILD'S PLAY going for it. Several young adults are invited to attend a special event at a gallery filled with dolls, only to find they are targets of a vengeful spirit. The dolls come to life and do some pretty nasty things to the kids. The gore level is reasonably high, the photography and set design and production values are first rate, the acting isn't all that bad, and the scares are definitely there. DOLL MASTER may not be in the same league with A TALE OF TWO SISTERS or even DEAD FRIEND, but it's close. Give it a watch. You won't be disappointed.",Positive
"The problems with Nikhil Advani's Salaam-e-Ishq are many. A one-line concept that looks good on paper (which also worked in an earlier English film - Love Actually) goes terribly wrong thanks to inept and shallow writing. A well-intentioned idea gets crushed to smithereens under the weight of its own gargantuan ambition. A director so completely besotted by his own much applauded first film goes overboard with the devices that worked in his earlier film (Kal Ho Na Ho) - try counting the number of times the device of split screens is used in this flick. The problem is - what worked fabulously in Kal Ho Na Ho were the emotional excesses of the Karan Johar school of film-making, but here, 'emotion' doesn't quite grace us with its appearance on the screen - no, not even cursorily. The writer/ director gives us 'six relationships with one common problem - love', but where is the intensity, where is the depth, where is the 'emotion'? A 'tribute to love' sans emotion? And one that goes on and on and on...... Nah, it just cannot work! <br /><br />In my opinion, the basic requirement for a portmanteau film like this to work is that not only should each individual story be 'complete', it should - in some way or the other - follow the graph of the traditional three-act structure (screen writing guru, Syd Field's Paradigm). That's the real reason why Salaam-e-Ishq didn't work for me. None of the stories had any depth or a roller-coaster ride of emotional ups and downs one expects in mainstream Hindi cinema. Also, the linkage between some of the stories seemed tenuous and very forced. It's not clear what Salman Khan is doing at Ayesha Takia's wedding. If he was required to be present at the wedding scene for a neat wrap-up, why not conjure a few more coincidences and bring the other two couples also to the wedding? That would be neater.<br /><br />But yes, some of the stories did have a lot of promise. For one, the Anil Kapoor-Juhee Chawla story tries to address a very real situation - mid-life crisis, but its journey is so linear that you're left wondering if it was really an issue. Similarly, the problem of commitment in the Akshaye Khanna-Ayesha Takia story is also true to life. If only it was developed a little better. I felt that the more promising stories in this mish-mash were told from the male point of view, which is fine, but it brings down the emotional quotient of these stories because the female characters - Juhee Chawla and Ayesh Takia in particular - have all the depth of a half-filled bath tub. Wasn't this film supposed to be about '12 different lives'? Now the actors. John Abraham still needs to learn acting, while Vidya Balan is dependable and endearing as ever. Anil Kapoor gets a role written just for him but sometimes overplay the boredom of his character. Since she didn't get a meaty character to portray, Juhee Chawla uses her charming smile and natural acting style to cover up for it. Akshaye Khanna is fine despite going a trifle over-the-top in a few scenes. Ayesha Takia has nothing much to do, but she does remind us that she's the same girl who surprised us with her bravura performance in Dor. Govinda tries to make up for that HUGE mistake called Bhagam Bhag, and succeeds to a large extent.<br /><br />That brings me the most irritating track of the film (which unpardonably ends up hogging the maximum screen time) - Salman Khan and Priyanka Chopra. The track is irritating mainly because of them. But I must credit them for their consistency. They're consistently BAD all through the film. Priyanka could well be the next queen of hamming - I don't buy the crap that her role (that of an 'item girl') required her to act over-the-top. Somebody should tell her the difference between being flamboyant because the character demands it and downright hamming. If you've seen Rakhi Sawant (who seems to be the inspiration behind this role) in her interviews and Bigg Boss you'll know what I mean. I strongly feel that if Nikhil Advani had taken Rakhi Sawant in this role rather than a bigger star like Priyanka, the story would have worked better. Salman Khan's phony accent is.....well, Shannon Esra's Hindi is less accented than Salman's.<br /><br />To be fair to the director, he does manage to add some good directorial touches to the film. I particularly liked the use of grey as the predominant color in the Anil Kapoor-Juhee Chawla story as a metaphor for their boring existence, and the bright colors that come into the story with the arrival of the other woman. But will anyone choose to paint their house in varying, depressing shades of grey? That's acceptable cinematic license I would say. But when the film runs almost for 4 hours, it almost feels like the director is trying too hard to give the audience a glimpse of his 'touch' in an endlessly meandering montage of uninspiring sequences.<br /><br />Maybe Nikhil Advani wants us to sit in the theatre for as long as is humanly possible- pata nahin, kal ho na ho.",Neutral
"I read Holes in 5th grade so when I heard they were doing a movie I was ecstatic! Of course, being my busy self, I didn't get chance to see the movie in theaters. Holes was at the drive-in just out of town but, alas, We were just too busy. I was surprised to hear that all my friends had seen it and not one of them had invited me! They all said it was good but I've read great books that have made crappy movies so I was definately worried.<br /><br />Suddenly the perfect opportunity to see it came. It was out that week and my parents were going on a cruise and I was left to babysit. My sister, who is 9, and I watched it and absolutely loved it! I then took it to the other people I was babysitting's house and their kids, 9 and 4, liked it too. Even my parents loved it and they're deffinately movie critics. Overall, I recommend this movie is for anyone who understands family morale and and loves a hilarious cast! This movie should be on your top 5 ""to See"" list!!!!",Positive
"The Thing is a milestone in movie-making and remains one of my favourite films of all-time. Despite the film's roots in science-fiction it is ultimately a horror film that brilliantly balances splatter with psychological trauma. Today, Over twenty five years after its release, the special effects stand up as an example of sheer brilliance and effects man Rob Bottin suffered a complete physical breakdown for his art. It would be impossible to make the same movie today as the Studio would most certainly insist on casting a female character or a Paul-Walker type.<br /><br />An all-male American Science team in Antarctica are thrown into turmoil when an alien lifeform able to perfectly absorb and imitate other lifeforms infiltrates their camp. Their trust in each other steadily crumbles as they become increasingly unsure who is real and who is an imitation, and this 'body-snatchers' scenario sees their numbers steadily dwindle as one-by-one, they fall victim to The Thing. When cornered, it manifests itself as a different nightmarish creature, the metamorphosis always horrific and compelling.<br /><br />The helplessness, isolation and claustrophobia of a team of desperate men with no way out of their situation and no way of help reaching them is expertly sustained. The long hours of darkness and the mounting snowfall provide a bleak backdrop to the terror that unfolds. Director John Carpenter selected with great care a team of brilliant character-actors and each member of the team fits perfectly into the part they play, whether it be the young and street-wise chef, the elderly and wise Doctor or the bitter and cynical helicopter pilot. The point is that no-one here comes close to being an all-American badass superhero with blonde locks and a six-pack and the film's real strength is thanks in no small part to this stark realism. The people suffering on-screen are recognisable in our daily lives.<br /><br />The Thing remains consistently enjoyable and affecting even after repeated viewings. I have now seen the film on more than twenty separate occasions and my amazement at the quality of the direction, the acting and the special effects is unwavering. My girlfriend prefers the high-school spin-off of the film -The Faculty- which is good and solid entertainment but far more light-hearted and whistful. She still loves and acknowledges the brilliance of The Thing however, and thank goodness for that... Because I could not remain in the company of someone who didn't love this movie.<br /><br />A classic and then some.",Positive
"Fair and nifty little science fiction/horror fantasy thriller about a well-known video game designer, Allegra Geller (Jennifer Jason Leigh) whose latest game - ""eXistenZ"" not only draws the attention of people who volunteer to try the game, but one who nearly kills her (and her game, too). Since she forced to stay out of sight, Allegra is stuck with Ted Pikul (Jude Law), a marketing trainee (""P.R. nerd"") to be her bodyguard even though he only has a gun that's made out of flesh and bone and the bullets are teeth. Director David Cronenberg has, well, used some bits from his earlier films (""Videodrome"", ""Scanners"", ""The Fly"", etc.) and placed it into certain parts of the story with some good timing. Law and Leigh are fine here and so are some of the supporting cast (Ian Holm, Willem Dafoe, Sarah Polley, Christopher Eccelston, and so on) that has an international twist to it. Dafoe is anything but devilish as Gas, a deceiving garage mechanic. One of the movie's best scenes is witnessing Ted eat (fish and frogs) and construct a gun and admit to Allegra - "" I can't help myself."" ""eXistenZ"" manages to show that he (Cronenberg) is up to his old tricks and it still works like a charm.",Neutral
"As an ordinary movie-watcher I can't say I enjoyed watching this one. It's not too emotional for a drama, not too gripping for a thriller, not too fast for an action. Plus, some moments of the movie are hardly credible. OK, I understand, soldiers become a bit out of their mind out there, but it's hard to believe that a person would risk his life, carjack into the middle of a hostile city, and after being shouted at by a professor's wife run away, without having asked a question (in a proper way). It would seem terribly romantic if it were an animation or so, but it's supposed to be a SERIOUS film about war.. There are several episodes like this, so the whole picture makes an impression that it's just a raw preview of a movie, and it needs considerable work.<br /><br />It feels like the movie makers wanted to create an image of an emotional brave soldier, but all these 'curves' of his psychology seem simply unnatural.<br /><br />This picture left a question in my head: WHY? Why they gave it an Oscar? Why SIX? And IMHO it's the most thrilling part of the movie :)",Neutral
"Recognizing the picture of the diner on the cover of the DVD made me realize that this was a local movie. The word Detroit in the title furthered my suspecions and I did some looking up of things and yes, a local movie it was.<br /><br />So I picked it up. Someone I knew actually knew some of the producers/director (dont remember which) and said the producers/directors got people to PAY to be in this movie.<br /><br />Brilliant! What a great idea. The movie makers get some capital to do the movie with, thanks to their cast and crew. Then the investors (cast, crew, others) get some of the profits, I'm imagining.<br /><br />Profits!<br /><br />Um anyways. This film totally underwhelmed me. The special effects were special as in special children who ride the small buses to school. The acting was very amusing, not intentionally however. There's a great line where a guy says ""well? this bone aint gonna smoke itself!"" as a pickup line. Unfortunately that is the only fun part of the whole film. The story? Well, I sort of followed it about 3/5 of the way in, then everything stopped making sense and as we were sitting there watching it, it suddenly ended. I mean as in,..no resolution of anything..like they ran out of time. ""Sorry folks, out of time, goodnight!""<br /><br />We sat there baffled and booing, and threw in another film. Then about 20 minutes later a neighbor of mine showed up..with one of the guys from the movie! We threw it back in and he (the actor) gave us a running commentary, which was awesome because he totally ripped on the movie!<br /><br />What more could you ask for??<br /><br />The most absurd scene for me was a motorbike chase scene were it was so dark that it could have literally been a guy running past with a flashlight and not a motorbike at all. That and the jaw droppingly in your face sudden ending is enough to make you howl. In pain! The zombies looked less like zombies than my coworkers do. And I dont work at the morgue either.<br /><br />So, I recommend seeing this if you can get someone from the movie to come over and give you a running commentary as to all the things that went on behind the scenes and make sure this person hates the movie because that just adds to the fun.<br /><br />Otherwise, give this one a pass. Rent something like Feeders if you want a jaw droppingly bad in a funny way movie...",Negative
"""A Fare to Remember"" is a totally derivative, almost ridiculous movie, but has a warmth about it that makes it a very effective and upbeat holiday movie. It stars a pretty newcomer, Challen Kates, as a high-powered ad executive who, right before her wedding, has to rush from L.A. to Seattle to keep a client who has rejected every other presentation. She has transportation difficulties from the beginning and seemingly no money. This is the first dumb thing - were there no ATMs anywhere? She must make a fortune. At any rate, she meets a cab driver (Warner) who looks like a homeless man, and he drives her to her presentation and when she emerges with a huge box of beef jerky (the client's product), he's there to take her to the airport. All flights are canceled, so in order to get to L.A. for her wedding, she hires him to take her there.<br /><br />Along the way, they bond and learn from each other. It's a very sweet movie though there is absolutely nothing new in it - it combines ""Six Days and Seven Nights"" and a few other films. But the chemistry between the stars is good, they're likable, and the acting is good. Look for Jerry Springer as the head of the beef jerky company and a cameo by Karl Malden.<br /><br />This is a nice film to take in over the holiday season. It's on Lifetime.",Positive
"This is unlike any other movie, the closest thing I can compare it to is a Woody Allen film... But where as Woody Allen is constantly fathoming human foibles Bret Carr appears to be trying to figure out a way to get to grips with that one crippling insecurity that tends to define us for better or worse. In the Case of Lou, it is the root cause of his stuttering, which can be traced back to a singular child hood trauma that is revealed through flash backs.<br /><br />There are so many strangely neurotic people in the world and I believe they all deserve a chance for redemption, although diversity of human character is after all what makes the world such an intriguing place, so maybe we shouldn't fix our neurosis anymore than we should fix our noses or Breasts.<br /><br />This is an indie film shot on a long shoestring, but the production values are tremendous as is the scope of the film. I feel like its a quirky Gem for the self-help market. I really look forward to seeing what this filmmaker does next, i could imagine a career along the lines of Woody Allen or Albert Brooks, although usually when a guy like this breaks through, he goes off and makes "" X MEN"" and his humble quirky origins are soon forgotten or are they.... X Men is aout a bunch of freaks if i remember correctly :)",Positive
"Jimmy Stewart brings the story of Charles Lindbergh to life as he almost narrates the entire film while he crosses the Atlantic. It well edited with flashbacks over Lindeberghs life. Franz Waxman score is shear brilliant and truly gives the picture a heroic feel. One of Stewarts finest roles and this film can deliver time after time. Look for appearances by Murray Hamilton ( The Mayor in the JAWS Movie) as Bud Gurney.Comes out on DVD 8-15-06 with the release of a few more of Stewarts classic films. I consider Jimmy Stewart to be Americas greatest Actor and never tire of seeing him in any film I see, watch this picture and you'll agree.",Neutral
"This movie had a very unique effect on me: it stalled my realization that this movie REALLY sucks! It is disguised as a ""thinker's film"" in the likes of Memento and other jewels like that, but at the end, and even after a few minutes, you come to realize that this is nothing but utter pretentious cr4p. Probably written by some collage student with friends to compassionate to tell him that his writing sucks. The whole idea is  I don't even know if it tried to scratch on the supernatural, or they want us to believe that because someone fills your mind (a very weak one, btw) with stupid ""riddles"", the kind you learn on elementary school recess, you suddenly come to the ""one truth"" about everything, then you have to kill someone and confess. !!! What? How, what, why, WHY? Is just like saying that to make a cake, just throw a bunch of ingredients, and add water forgot about cooking it? I guess these guys forgot to, not explain, but present the mechanism of WHY was this happening? You have to do that when you present a story which normal, everyday acts (lie solving riddle rhymes) start to have an abnormal effect on people. Acting was horrible, with that girl always trying to look cute at the camera, and the guy from Highlanders, the series, acting up like the though heavy metal record store (yeah, they're all real though s-o-b's). The ""menacing"" atmosphere, with the ""oh-so-clever"" riddles (enter the 60's series of Batman and Robin, with guest appearance of The Riddle) and the crazies who claim to have ""the knowledge"" behind that smirk on their faces just horrible, HORRIBLE.<br /><br />I'm usually very partial about low budget movies, and tend to root for the underdog by giving them more praise than they may deserve, in lieu of their constrictions, you know, but this is just an ugly excuse for a movie that will keep you wanting to be good for an hour and a half, and at the end you will just lament that you fell for it.",Negative
"This movie was childish in its writing and laughable in its visual effects. Scenes where Father Merrin is tossing in his bed and his glimpses of a gimpy native are signs of bad acting and poor imagination. Nothing seems to fit. The story jumps from scene to scene. The elementary writing leaves no fact to the imagination and leaves no room for suspense. The lady doctor at one point states that she thinks the town is going to ""explode soon"" from all the crazy happenings. There was, in fact, nothing in the movie to make that line relevant. From the terrible job the movie had done, I would have never known that there were any tensions in the village. If you are into cheesy movies go ahead and rent this, but if you want to see this done right check out Exorcist:The Beginning",Negative
"Well,I am a dancer so automatically I liked this film. The only thing I didn't like was they didn't have much dancing as I thought there would be. But I have to say the it was a good dance film. I think there should be more songs too. But it was a good film as i said before! My rating 9/10!",Positive
"I did not enjoy the film Eraser whatsoever. It's awful acting, boring storyline and average special effects made this an annoying arnie film, as it had a mountain of potential. With other action films of the time Eraser fell very short!!!",Negative
"I really felt the movie was ahead of its time. The one potential daughter-in-law was such a strong, career oriented woman. She knew what she wanted and was diplomatic but firm with the over-bearing mother-in-law to be. The mother's role was played extremely well (you just loved to hate her). Her need to control her son's lives was neurotically evil. If you've ever been in a relationship where you've been judged and found lacking (and everybody involved knew it) this may hit too close to home. It's been years since I saw this movie and I remember thinking that this plot and dialog would work in a 50's or 60's movie. It is difficult to watch because of the mother and sons' dynamic but I would love to watch it again. I keep hoping to find it on one of the old movie channels but so far no luck. Attempts to buy it were also futile (I don't believe it's on tape or DVD).",Positive
"I had the good fortune of reading the book before seeing the movie. It was an epic of adolescence, a dream of summers gone, a great potential indie film or big budget drama. It somehow got into the hands of a hack, who clearly took notes watching Boogie Nights and Rushmore without actually learning anything at all. The script loses the meat of the book in favor of forced emotional notes and low brow gags. I feel sorry for the actors, since the characters in the book were rich and textured, but cut down to embarrassing charactures in the film. Mason Gamble is great when given the opportunity, as is Dylan Baker, but the skeleton that remains of the story plays out like a bad after school special. Poor people = GOOD, Rich people = BAD. <br /><br />Though it's almost worth watching to see the Southern California beach where Gary Sinise parks his trailer which is meant to pass for a bay in Delaware. <br /><br />It's a good book, but an embarrassing turn for first time director Mills Goodloe. <br /><br />K.",Negative
"This is the type of film that makes you question your past admiration for a particular director before you stop and remind yourself that there are very few people whose body of work doesn't contain a few clunkers.<br /><br />The casting in Lelouch's films is of utmost importance because he puts the viewer into such intimacy with the characters. The actors have to bring real screen magic to live up to the intensity. Otherwise it is just hollow. <br /><br />None of the actors in this film had any of that screen magic, in my opinion.<br /><br />Jeremy Irons and Patricia Kaas fell far short as the leads. Irons is a talented actor but he was wrong for this part. Lovable rogue didn't suit his strengths. His brand of charm also hit a false note for me here. Iron's persona is too decadence-tinged to fit into a Lelouch love story.<br /><br />Although I would hesitate to pass up any opportunity to hear an English accent, I also think an American actor would have worked better in this role. So many of the songs that Kaas sings are so closely identified with the Americanness of the particular lyricist that it seemed kind of discordant to then have Jeremy Irons playing the love interest -- even though logically it really didn't matter. It still screwed up the flow of the movie somehow. At least for me.<br /><br />Of course, it would have had to have been the right American. I think George Clooney would have been great in the part. And he would have brought the screen magic in spades. Brad Pitt could also have done a really good job delivering his particular combination of charming and edgy.<br /><br />I was also very disappointed with Patricia Kaas. In reading about her, I've learned that she has a hugely successful career as a singer and many fans, so what do I know, but I found her screen presence as a singer very boring. She was actually a much better actress in her speaking scenes than she was a singer in those scenes in which she had to interpret and sell a song. Nothing she sang moved me. She was pleasant but bland.<br /><br />In contrast, someone like Kate Hudson, who is not a professional singer and has only voice-coach French still would have handled this part a million times better. Not to mention all that stunning French talent out there that could have been tapped into. It was wrenching watching Patricia Kaas take up screen space when there are so many charismatic French actresses who could have been cast instead. <br /><br />The music was so important in this film, it could not really work without the music working. And since Kaas delivered so poorly in this respect, the movie never really had a chance.<br /><br />Lelouch sealed the fate of this movie when he cast Patricia Kaas. JMO.",Negative
"This movie does have some great noirish/neorealist visuals, and it tells a story that is refreshingly free of Hollywood's sugar-coating, which was only possible because it was essentially an independent foreign film. But some of the scenes go on for much too long (the wedding, especially), and I found the exaggerated acting and unrealistic dialog to be more fit for the stage than for the silver screen.<br /><br />The dialog was particularly distracting, and it seemed to get worse as the movie went on. Most of the characters were either Italian-Americans or Italian immigrants living in New York in the twenties and thirties, but their dialog sounded like they were practicing lines for a Shakespeare play while they mixed cement and laid bricks. Toward the end I was laughing, and not because the filmmakers wanted me to. I guess the stilted poetry could be defended by saying that the characters would have been speaking Italian, and the dialog is a literal translation of how they would really talk. But it absolutely did not work for me.<br /><br />Another line of dialog made me laugh for a different reason: the main character's son, born and raised in New York in the 1920's, suddenly picks up a lovely lilting British accent. I'm only guessing this had something to do with the fact that the movie was made in England.<br /><br />I give this movie an 'A' for effort and intention, but a considerably lower grade for execution.",Negative
okay... first to Anne rice BOOK fans....<br /><br />sure lestat's eyes are not blue...sure he isn't blond in this movie... but even though Marius is not lestat's maker...even though they COMPLETELY altered the story.....<br /><br />how can u say its not a good movie..<br /><br />this movie...is the BEST vampire movie i ever saw...and lestat is pictured perfectly in it....maybe not his features...but i don't think one can find a better lestat....the way he speaks...and the way he looks at mere mortals...his arrogance..and sheer love for fame is pictured flawlessly.<br /><br />if u for once...consider it just a movie..and not try and relate every scene to the book...u will love the movie as much as i do.<br /><br />now...to the non readers..<br /><br />be prepared to fall absolutely in love with this movie....it has every thing....and the goth music...is like an added treat... the dialogues...are beautiful...and catching...and even though its a vampire movie..u will find yourself smiling...at the wit of the characters...and u will find yourself sympathizing with the vampires..<br /><br />overall...one of my fav movies...!!10/10,Positive
"This film gets off to a bad start. An incredibly corny monologue is followed immediately by a brilliantly-done, truly amazing spaceship crash. Then things go downhill again, as you realize that the survivors are all a) bad actors (apart from the docking pilot and the psychopath) and b) almost all of them fit too nicely into the role of monster-fodder. Hell, half of them don't even speak English, preventing the audience from getting to know the characters at all. You feel as if you were watching ""Deep Blue Sea"" meets ""Silence of the Lambs"", minus the good bits. And unfortunately, the entire thing tries to hard to be ""Crashed on a desert planet with Hannibal Lecter"" during the daylight scenes. Vin Diesel is a great actor - but he is no Anthony Hopkins, and he frankly annoys as the smart hyper-cool psycho. There is at least one very good scene involving an unexpected survivor - but apart from that you could just as well have cut out the first thirty minutes or so...<br /><br />But then things take a turn. I can't exactly pinpoint the moment, but soon the movie gets a lot better. It also feels less chopped - the scenes actually begin to follow each other with a consistent narrative, and Vin Diesel becomes much less annoying and soon he is a show-stealer. By the time the first monsters appear, the film is actually quite enjoyable. By the time night falls, it is great. Thrilling, horrifying and exciting. And even the character development of most main characters is well-done. If you can just sit through the poor bits at the start you're in for some GREAT entertainment. <br /><br />Besides, the visuals are eye-candy, and I honestly admit: I love the colour and the tone of this movie. <br /><br />7/10 (could have been 9/10, if only....)",Positive
"Alain Chabat is a fine actor, writer and director but maybe a trifle misguided to take an 'idea' credit for a story that probably had them rolling in the aisles when Aristophanes was still learning that it's 'i' before 'e' except after 'c'. But, like I said, Chabat is a fine actor and he can do charm when he needs to. I'm also gradually overcoming an aversion to Charlotte Gainsbourg who also turns in an accomplished performance. If you absolutely insist on knowing, the 'plot' is the one about the guy well into his forties and more than content to be single. This doesn't sit well with his mother and five sisters and to get them off his back he makes an 'arrangement' with the sister of a colleague to pose - for fifteen thousand euros -as his new girlfriend, allow the romance to come to fruition with a wedding and then jilt him, thus getting him off the hook. Naturally they wind up together but along the way there's some sub-Benedek and Beatrice duelling and all things considered it's a pretty painless ninety minutes and performing so well at the French box office that a sequel may not be out of the question.",Neutral
"The first thing you should know about ""Zipperface"" is that it was shot on video, so it has that peculiar ""home-video-ish"" look that is terribly distracting and makes it hard to take this seriously as a ""real"" film. And ""Zipperface"" indeed looks as if a bunch of amateurs got together for an attempt at a ""real"" serial-killer thriller. It's not quite that, but it's not as bad as it looks, either. Having a woman as one of the two detectives on the case puts a spin on the exploitation genre. Dona Adams gives an appealingly amateurish performance in the role - her obvious inexperience in front of the camera somehow works for her. Plus, she puts up a GREAT fight against the killer at the end. The red herrings appear ludicrous at first, but ultimately they work - I guessed the killer INcorrectly. And you have to wonder if perhaps Tarantino had seen the Zipperface guy when he came up with the idea of ""The Gimp"" for ""Pulp Fiction"". (*1/2)",Negative
"Can't grade this very well, because I can't say I liked it. But it is the story that bothered me, not the realization of the film. The acting, directing, atmosphere, music were all good. It's just that after you see a bunch of people doing things you can't truly relate to, the movie ends. It is educational in the way that it shows the horrors of war as seen from home and the way feelings don't need to make any sense at all and still be strong, but that's about it.<br /><br />The plot covers a period of a few years in which the poet Dylan Thomas is taken under the roof of a former ex-girlfriend. He is married, brings his wife and later the kid, while the ex (Knightley) marries some other guy. But the tension is there, Dylan is a self obsessed jerk and the new husband comes back home from the war with a slight case of PTSD. Add in some pretty temperamental characters and you have your hands full.<br /><br />Bottom line: you have to be ""in the mood"" to like this film. The hard part is defining this mood. I don't think I've ever been in it yet. Ever. So it is probably better watched by adults with a grasp on weird complex human behaviour and maybe a curiosity about Dylan Thomas.",Positive
"<br /><br />This film has some really impressive action scenes. The humor and action are blended well, though the intensity of the film does not sustain itself till the end. The last scene is a slight anti-climax in terms of action quality and astonishing explosiveness of the scenes preceding it. The humor doesn't seem to be so ridiculously clumsy as in many other Hongkong movies, and this film is of totally other class than most American action-comedies of recent years. Lau Ching-Wan acts as a typical, intuitive police-hero who scoffs at invalid orders from incompetent police superiors. The dialectic of the film is built on the superhuman coolness and ruthlessness of the drug gang, humiliating the police force while providing a serious dose of lead poisoning with a variety of machine guns. Leaving plenty of corpses in it's wake. Yu Rong-Guang is especially impressive as an ultra cool, merciless gangster in this Woo-like piece of action where tough guys are truly die-hard.",Positive
"QUESTION: How does a film merit two different titles like ""The Librarians"" and ""Strike Force""? <br /><br />ANSWER: The film is sooooooooo bad that the filmmakers couldn't even decide on a title!!!! <br /><br />This film is a hodgepodge of martial arts, death wish-vendettas, melodrama, romance, and other cliché film techniques. The story focuses on a vigilante group called The Librarians led by Agent Simon (WIlliam Forsythe). The group is hot in pursuit of a nefarious, multi-lingual, pockmarked creature named Marcos (Andrew Divoff) who captures women and holds them hostage in the lawless urban world of south Florida. <br /><br />Burt Reynolds appears as a cameo in this film, and his scene is entirely extraneous to the action. Burt delivers a long monologue in one of the strangest drawls I have ever heard. This may have been Burt's attempt at an Irish dialect, but the overall effect is a kind of perverse imitation of Marlon Brando in ""The Godfather."" <br /><br />Also appearing in this film is Erika Eleniak, who has infiltrated the inner circle of Marcos' bizarre world. Erika's character kick-boxes her way into an alliance with Simon. The Librarians and Erika will become a powerful strike force against evil in a film that has been delivered directly from the editing room to your cable TV converter box.",Negative
"Staten Island filmmaker Andy Milligan is well known in the horror community for being an even worse director than Ed Wood. And with this as a dim example of his output I'm apt to agree with them. In ""The Ghastly Ones"" we basically have three bickering couples traveling to their childhood home (located on a conveniently secluded island) to collect an inheritance. There they are killed off one by one and the events unfold in murder/mystery fashion with a scarred retard hunchback butler added to throw you for a loop. The film is in such bad shape that it looks like someone just ran it through a dishwasher, the sound is terrible, the dialog is otherworldly bad, there's some primitive mannequin gore (plus some dismemberments and guts) and it's technically inept in every possible way it can be inept. But is it enjoyable in a bad movie kind of way? Sort of. It's excruciating to watch but oddly entertaining in a train wreck fashion. Approach with caution. If you're not a fan of horrible movies better deep six this one.",Negative
"Yesterday, I went to the monthly Antique Flea Market that comes to town. I really have no interest in such things, but I went for the fellowship of friends who do have such an interest. Looking over the hundreds of vendor, passing many of them quickly, I spotted someone selling VHS tapes and DVDs. Most of the films he had on DVD were rather recent; the oldest one I noticed was the 1940 Cary Grant-Irene Dunne co-starrer MY FAVORITE WIFE. But the VHS tapes, by their nature, were mostly older films. I couldn't resist buying SOMETHING since they were being sold at 3 tapes for $10.00. What a bargain, as Eddie Murphy used to say. I came across one film that I had heard about for years but had never seen: John Cassavettes's OPENING NIGHT (1977). Well, I certainly wanted that being a fan of Gena Rowlands, and I had heard that this film contained one of her finest performances. He also had FACES (1968). I had seen this about 20 years ago, a time when I probably had not had enough life experience to appreciate it thoroughly. And I wanted to take advantage of the bargain, so I grabbed that one too. My other choice was CLAIRE'S KNEE (1970). <br /><br />When I got home, I decided to put aside the work I had planned to do so that I could watch OPENING NIGHT. I was totally enthralled by this film. It focuses on Myrtle Gordon (Gena Rowlands), a famous actress of stage and screen, who, during out-of-town previews, is having personal and professional problems coming to terms with both her character and the play's theme of facing aging. After one rehearsal, an avid fan and autograph hound accosts her with cries (and tears) of ""I love you! I love you!"" A few minutes later, this fan is hit by a car and killed. This begins Myrtle's descent into herself where she must face her own fears of aging, the future of her career as a mature actress, and the inadequacies she finds in the play itself (written by a much older female dramatist, played by Joan Blondell). Throughout the film, she sees the dead girl, an obvious symbol of her past; drinks almost constantly; and receives insincere support from her director (Ben Gazzara), the producer (Paul Stewart), her costar (John Cassavettes himself), and the dramatist. Actually, they're more concerned about how her behavior will affect them and their careers: flubbing lines on stage, improvising new lines, generally cracking up on stage, and arriving for the Broadway opening totally drunk. <br /><br />This story functions not only to address the issues of aging but also to promote Cassavettes's displeasure with mainstream movie-making. As I watched the film, I was at times surprised, confused, amused, disparaging, but ultimately involved, entertained, and satisfied. Cassavettes really had a great sense of humor, cared very much that his audience understood what he was implying, and wanted them to be emotionally involved in the story. He makes allusions to ALL ABOUT EVE with the use of the avid theater fan, even dressing the young girl in a slicker and hat similar to the one worn by Anne Baxter at the beginning of that film. This allusion functions most obviously to support his aging theme, the contrast of the older and younger woman. He also obviously uses the contrast as a symbol for Myrtle's confronting her own lost youth. At first, I felt the symbolism was TOO obvious, but then I realized that that was Cassavettes's intention. He doesn't want his audience misunderstanding what he's getting at; if they did, it would interfere with their emotional involvement. This spectre of youth haunts Myrtle, attacks her, and wants to destroy her. Myrtle eventually ""kills"" her, but before she can really come to terms with herself and the play, she must reach bottom (another figurative death?). So Cassavettes has her get so drunk that she can't walk and must crawl to her dressing room the night the play opens on Broadway. She resurrects herself (helping yourself out of such situations is also important to the film's theme) and makes the play a success by giving a great performance and changing the direction of play for the better by improvising so that it contains some ray of hope for the aging character she's playing. These scenes are funny and interesting. Cassavettes and Rowlands actually did the play in front of live audiences, who did and did not know they were going to be part of a movie. The play they're doing also acts as contrast: it's mainstream and self-serious about the issues it addresses, that is, until Myrtle changes its denouement. In doing so, she also improves the work of her co-stars. The natural evolution of interaction (achieved through improvisation)between and among human beings, subjective realism, and universal truth - these were Cassavettes's concerns in making films. <br /><br />Gena Rowlands is amazing throughout. Of course, she has that great face, and Cassavettes (notoriously in love with her throughout their marriage) treats us to numerous closeups of it so that we too can feel her emotions and that we know what's going on inside of her. She makes you care so much about this character that you want to see her work her way out of this crisis of the soul. And this is what holds your attention for the 2 hours and 30 minutes running time. The film is deliberately paced at times and requires constant attention, but anyone with interest in good film-making and great acting will be rewarded. Someone else said that this is a movie for people who love movies. All others be forewarned. <br /><br />Seek out OPENING NIGHT if you've never seen it. Everyone in it is excellent, and it's one of Cassavettes's best films.",Neutral
"I'm an opera buff, and operas are full of sex, blood and death. It may help to know the librettos of the operas the arias are from to really appreciate this film -- my mileage is very different than Tug-3. I am a classical music lover, and I liked this film.<br /><br />I loved Ken Russell's ""Nessun Dorma"" segment, and would actually like to see him produce Turandot, because opera is supposed to be overwhelming, truly multi-media experience , but then I loved Lisztomania. I love *Turandot* and knowing the libretto so well may be why I don't find this segment the travesty that Tug-3 did.<br /><br />The Buck Henry/ Rigoletto segment is probably the most approachable for the average viewer -- they are likely to recognize the tunes, and its a classic bedroom farce. I like bedroom farces, so the silliness didn't upset me.<br /><br />The ""Liebestod"" segment is so outstanding that I recommend people watch this for that piece alone. ""Depuis la Jour"" was, for me, beautifully spiritual. And the Caruso recording of ""Vesti la Giubba"" (aka I Pagliacci) with John Hurt as the clown was wonderful. But people just wanting naked women may feel there is too much music and not enough bare flesh and sex.",Neutral
"This film has a really weird mixture of genres - toilet humour and action in one. It doesn't really pull it off - it should have stuck to one genre. The best thing I can say about the movie is that the dog in it is cute.<br /><br />The most disturbing sequence is in the middle of the film when Moses (Sandler) and Carter (Wayans) decide to stop off at a hunting lodge/motel. I'm not quite sure what the point of this sequence is - it just seems gratuitous in the extreme. The proprietor of the hunting lodge (""Charlie"") is a very nerdy looking guy. For some reason, Moses starts a conversation with Charlie about porno, jacking off, homosexual sex, sex in a threesome... Charlie's photo of his ""wife"" appears to be Charlie dressed in drag. There is no reason for this really juvenile dialogue and scene. Anyway, the whole scene seems to be directed to the moment when a naked Moses ends up with Carter's gun up his butt and Charlie sees them through the window. It all reeks of school boy humour about homosexuality - horrified and titillated all at the same time - which I don't find funny at all.<br /><br />I have a friend who is always raving about Adam Sandler movies. This is the first one I've seen - after this, I'm not sure I want to see any more.<br /><br />BTW, this is my husband's account - he's seen Happy Gilmore, and he tells me it's quite good - maybe I should give Sandler just one more chance.<br /><br />Countess Skogg",Negative
I feel totally ripped off. Someone needs to refund the $4.95 I spent at Blockbuster to rent this homemade mess. This is NOT a musical it is a complete waste of time and my evening. What I don't get is why did this get distributed in the first place???...somebody MUST have been doing some heavy drugs the night that deal was made. I've seen better films come out of film schools and I have been to film school so I can say that as a fact. The quality of this work is also just SO VERY bad to view...shot on DV??? Nuff said. The songs are not songs but just banter that sounds the same in every section. Want to see a good musical? THEN DON'T RENT THIS MOVIE.,Negative
"How is it possible to like and dislike the same movie?<br /><br />The plot is very much like that Jody Foster thing, Sommersby, only not as good. Nicole was great....Jude was adequate. They didn't give him many lines...is there a reason for that? Generally, he's a pretty good actor. She's so elegant, his character is so country bumpkin. It makes one wonder what they see in each other.<br /><br />Romance between two such was only successful in Lady Chatterly's Lover.<br /><br />I think the dislike comes about because the movie is too long. They could have told the story in two hours.<br /><br />The story is good. Good locations, good filming. The character actors were great.",Positive
"I think the weighted average for this film is too low. I give it a 7. Very entertaining, although over the top in a few places. My wife says it passes the Danielle Steele test. Superb performances throughout, particularly by Andie MacDowell.",Positive
"I enjoyed this movie. More than I expected. It has enough action, intrigue and locations to make it worth your while. While I can't quite yet see Mark Wahlberg as a leader, he's gotten good enough to be a credible manager and that's OK.<br /><br />The superhero of the movie is the Mini Cooper. It's shown to have the speed, dexterity and muscle to pull off any job. And to handle a maniac driver like Charlize Theron's character.",Positive
"It may be a little creaky now, and it certainly can never have the impact it once had, but this is still a thrilling reminder of what Michael Jackson could once do. Looking back on it now for the first time since its initial prominence, I was struck not by the horror trappings - quaint, but fun, and Vincent Price has never sounded so genuinely, un-camply (sic?) menacing - than its absorption of the horror film, allowing Jackson, behind genre and make-up, to give us a bravely revealing portrait of male sexuality.<br /><br />Because THRILLER isn't really about horror, in the way horror isn't really about horror: it is about that age-old theme, the sexual awakening of a young woman. The film opens in a cinema, with Jackson's girlfriend uncomfortable with the imagery, and the aggressively gendered response. Of course, she is on a date, and she is less scared by the film than what she knows will be expected by her boyfriend.<br /><br />The mainstream imagery of the film they watch, the group atmosphere all suggest the socially conditioned expectations. This leads her not only to think of the body in disgust - hence all the decaying ghouls; the loss of her virginity is seen as a kind of death - but the sexual rite is not just about her boyfriend, but her peers, her society, hence its visualisation as a gang violation.<br /><br />This is brilliant, disturbing stuff, the best thing director Landis has ever done. Jackson, the most popular artist on the planet, was still willing to show that the fixed image of a star contained multitudes, not all of them reassuring. The song itself has held up remarkably well, the creepy, insistent bass rhythms, the extraordinarily salacious lyrics, the beautiful 70s disco ecstasy tailing the chorus, shattering timelessness, revealing the milky desire behind the fear.",Positive
"Greetings;<br /><br />I never thought I would see the day when I would be so disgusted by A movie that it would be a burden to finish it... I was always a fan of horror movies, B'C and C's included. But in this case it's hard to describe how a movie could fail to qualify for any letters in that scale...<br /><br />The movie is centered on a poorly developed back story, a mix of folklore with an after taste. And to top it up, the performance of the actors is questionable. Horror B movies usually fall in two categories... 1) A gem that was under looked, and under funded 2) So bad it's funny, laugh or your money back. Well this movie falls in between. I wasn't scare, didn't laugh... So I guess if you really need to see it you could but I recommend you don't...",Negative
"What should i say? I only saw this flick for curiosity, and this is truly a shame... I grew up in Brittany with stories of celtic legends, and spent 5 years in Rennes, the town in which this film is said to take place... Shame that not any actor nor camera from this flick ever arrived in Rennes. They could at least have chosen a likely town, or a likely forest, but nothing even SEEM like Brittany nor Rennes... And calling it a film about celtic legends is really making a fool of the audience. Besides those details, it could have been a good film, but it's crap. Silly scenario, silly characters and no originality. Definitely to avoid.",Negative
"""The Couch Trip"" is one of those silly comedies that they cranked out in the '80s. In this case, Dan Aykroyd plays a mental patient who poses as a psychiatrist, and he goes to Beverly Hills to sub for Charles Grodin. Most of the movie's humor springs from their satirical look at Beverly Hills and people's empty lives there (a woman has a power struggle with her maid).<br /><br />It's the sort of movie that you just watch to have a good time. Don't expect any kind of religious experience. But you'll most likely laugh a lot at how the Beverly Hills people flaunt their wealth. Also starring Walter Matthau, Donna Dixon, Arye Gross and Victoria Jackson (of ""UHF"").",Positive
"1st watched 10/10/2009 - 8 out of 10 (Dir - Billy Wilder): Spectacular rendering of Lindbergh's famous flight by James Stewart as Lindbergh and Director Billy Wilder. There isn't really a whole lot of background built into this story but that's OK because Wilder makes the event really remarkable as it comes directly from Lindbergh's perspective since he used his book as the basis of the movie. This early movie about flying has to be one of the best about the act itself as well. Stewart talking and thinking to himself during the flight gives you so much insight into what Lindbergh went thru in this 33 hour solo flight across the Atlantic. And he did the whole flight without sleeping the night before -- which is amazing!! There is a little backstory about how he purchased the plane and got the financing, and some flashbacks about his life during the flight but the movie is mostly about the flight. The story is also beautifully made and photographed and is a joy to watch despite it's age. I appreciate the fact that they didn't throw in a lot of fluff and just let the story tell itself. Well done throughout. This is a classic movie that should be viewed by all.",Positive
"This movie is a pathetic attempt, apparently, to justify the actions of Mary Ann Letourneau. In order to do this, they cast a 19-year-old -well, probably not ""in order to do this."" There was no way they could have cast a 12 or 13 year old as the boy because the love scenes would have grossed everyone out (if they had even been allowed to do them) - as they should. Mary Ann's boyfriend was my nephew's age, making her a pedophile. Sixth grade, people. The definition of pedophile doesn't have to include many children - all you need is one.<br /><br />I really don't care about her upbringing or her unhappy marriage. She had a responsibility to her students that she did not live up to. The reason given is that she is bipolar, rejected the diagnosis, and refused to take her medication. It's understandable, then, that she was not thinking rationally. One hopes that she now understands her actions.<br /><br />Now that she and Vili are married and have two children together, I pray that she is on her medication and thinking clearly.<br /><br />All that aside, Penelope Ann Miller was totally convincing and perfect casting for the role.",Negative
"Back in 1997, do I remember that year: Clinton bans cloning research, the unfortunate death of Princess Diana, the Marlins won the world series and a woman gave birth to septuplets. This was also the big year in the release of Titanic, one of the biggest films of all time: a tale about the ship of dreams, about a boy and a girl who fall in love but are torn apart by their social class and at the height of their emotional commitment the ship meets with disaster. I don't think anybody could have expected Titanic to be as HUGE as it was, the movie was bigger than life and had millions of fans, 85% of them being teenage girls, I was 12 years old at the time, and of course saw the movie multiple times. It was the film that made me believe that the love that Jack and Rose shared was so real and beautiful. At the time I felt that Titanic could do no wrong, of course I grew up and didn't watch the film since I was 14, a couple years ago I saw the film on DVD for 5.99 and figured that it was a good price and to see what I thought about the movie now. Was it worth the hype? Was it really the best movie of all time? Was that Leonardo's real nose? OK, I know that's silly to say, but I did re-watch the film. Being completely honest here, Titanic is a great movie, best movie of all time, no, just depends on your idea of a good movie, but Titanic delivered in romance, humor, disaster, emotions and never let us go on this maiden voyage.<br /><br />The film starts with Brock Lovett and his team exploring the wreck of the RMS Titanic, searching for a necklace set with a valuable blue diamond called the Heart of the Ocean. Unsuccessful, they instead discover a drawing of a young woman reclining nude, wearing the Heart of the Ocean, dated the day the Titanic sank. 101-year-old Rose Dawson Calvert learns of the drawing, and contacts Lovett to inform him she is the woman in the drawing. She and her granddaughter Elizabeth ""Lizzy"" Calvert visit Lovett and his skeptical team on his salvage ship. When asked if she knew the whereabouts of the necklace, Rose Calvert recalls her memories aboard the Titanic, revealing for the first time that she was Rose DeWitt Bukater. In 1912, the upper-class 17-year-old Rose boards the ship with her fiancé, Cal Hockley and her mother, Ruth DeWitt Bukater, both of whom stress the importance of Rose's engagement to Cal since the marriage will mean the eradication of the Dewitt-Bukater debts: while they have the outward appearance of the upper-class, Rose and her mother are financially broke. Distraught and frustrated by her engagement to the controlling Cal and the pressure her mother is putting on her to go through with the marriage, Rose attempts suicide by jumping from the stern. Before she leaps, a drifter and artist named Jack Dawson intervenes. Jack and Rose strike up a tentative friendship as she thanks him for saving her life, and he shares stories of his adventures traveling and sketching; their bond deepens when they leave a stuffy first-class formal dinner of the rapport-building wealthy for a much livelier gathering of Irish dance, music and beer in third-class. But after Cal's servant informs him of Rose's whereabouts', Rose is forbidden from seeing Jack again. However, after witnessing a woman encouraging her seven-year-old daughter to behave like a ""proper lady"" at tea, Rose defies him and her mother, asking Jack to sketch her nude and wearing only the Heart of the Ocean, an engagement present from Cal. After a beautiful moment together in the very first backseat fun time, they go to the deck of the ship.<br /><br />They then witness the ship's fatal collision with an iceberg. After overhearing the ship's lookouts discussing how serious the collision is, Rose tells Jack they should warn her mother and Cal. Meanwhile, Cal discovers Rose's nude drawing and her taunting note in his safe, so he frames Jack for stealing the Heart of the Ocean by having Lovejoy plant it in Jack's pocket. Upon learning Cal intends to leave Jack to die below deck, Rose runs away from him and her mother to rescue him. Jack and Rose return to the top deck. Cal and Jack, though enemies, both want Rose safe, so they persuade her to board a lifeboat. But after realizing that she cannot leave Jack, Rose jumps back on the ship and reunites with Jack in the ship's first class staircase. Jack and Rose return to the top deck, the lifeboats have gone, and the ship finally goes down into the freezing Atlantic taking Jack and Rose down.<br /><br />So does Titanic live up to it's hype? I still say that this is a great movie to watch, I think that there were and still are quite a few haters that for some reason just want to trash the movie because it had won a ton of awards and everyone was in love with the movie. But it has great acting, amazing effects, a well-written story and still looks flawless. Love it or hate it, you have to admit this movie didn't get a lot of hype just because of Leo's baby face or Kate's amazing ability to cry on sight, this film is something special. It will always hold a special place in my heart, it has too seeing that I saw this film 8 times in the theater when it was released. But all that aside, I do recommend this movie, it's a great one and sure to go down in the classics one day.<br /><br />10/10",Positive
The blend of biography with poetry and live action with animation makes this a true work of art. The narration by Sir Michael Redgrave is moving. The length of the work makes it easily accessible for class room exposure or TV/Video time slots.,Positive
"I saw this movie a few days ago and gamely jumped during the scary parts. I must admit, I found it pretty decent...until I started to THINK about what the characters were saying. Logical problems:<br /><br />1. Her boyfriend, who seems to be a pretty fit dude, makes no sound while being killed. Don't you think that he might have at least tried to take the killer? <br /><br />2. When the remark is made that the gym teacher is ""SOOOO in love with Lisa,"" I almost screamed at the screen. When your best friend's family HAS BEEN KILLED BY A TEACHER WHO WAS IN LOVE WITH HER, you don't make comments like that if you have half of a heart.<br /><br />3. As soon as Nash asks the uncle how many exits they have in the house and the uncle catches on that there may be danger ahead, wouldn't the smart thing to do be to get Donna, boyfriend, aunt, and uncle into a car and drive far, far away, then bait the house with the HRT and police force so that the killer has no way to get out?<br /><br />I could go on. And on. And on. Basically, the plot was decent, the characters weren't profiled enough for you to actually feel any empathy when they were slaughtered and there were way too many errors.<br /><br />HOWEVER.<br /><br />This movie might be good for teenagers, or young couples just looking for a fun night out. If you don't consider all the goofs, it's a mediocre film.",Neutral
"A couple of years back I had purchased (and enjoyed) the MGM double-feature DVD of the two Kolchak TV movies, THE NIGHT STALKER (1971) and THE NIGHT STRANGLER (1972). When the Universal set of the subsequent TV series came out, I had intended to buy it immediately – but rumors of playback issues with the dreaded DVD-18s kept me from adding it to my collection; recently, I placed an online order which consisted of a spate of discounted Universal Box Sets and decided to pick up the KOLCHAK 3-Discer as well.<br /><br />Having watched it now, I can safely say that I didn’t regret acquiring this beloved (if short-lived) crime/horror series one bit: it may follow a standardized formula – dogged and resourceful newspaperman Carl Kolchak, marvelously played by Darren McGavin, gets into everybody’s hair with his attitude (flustered editor Simon Oakland, long-suffering colleagues, assorted authoritarian figures, a plethora of monsters and villains), faces up to the inevitable (and usually supernatural) threat alone but, finally, is pressured into keeping his story under wraps – but a winning one (further boosted by an impressive line-up of guest stars and notable behind-the-scenes credits), making the show a great deal of fun.<br /><br />That said, quality varies from one episode to another and the modest budgets afforded them results in special and make-up effects which sometimes leave a lot to be desired (for instance, the werewolf in the eponymous entry and the goofy alligator creature in the very last installment) – not to mention the fact that these were restricted to 50-minute programmes and intended for family consumption to boot rather precludes a simplified and wholesome rendering of its often intriguing psychological and metaphysical themes (in the case of the werewolf, again, he’s never seen biting anyone but, somewhat foolishly, is made to merely throw people around)! <br /><br />While the hero’s cynical narration does a lot to pull one into the fanciful plots, there’s a healthy dose of comedy relief involved in each episode (often, but not exclusively, revolving around McGavin’s relationship with either Oakland or geeky reporter Jack Grinnage) – to say nothing of reasonable atmosphere (the setting, for the most part, is Chicago) and suspense. To make the ride even more pleasant, there’s a bouncy score by Gil Melle' and Jerry Fielding.<br /><br />For the record, the monsters encountered (but not always defeated) by Kolchak throughout the series are: a revived Jack The Ripper, a variety of cults (voodoo, Native American, Aztec), aliens, vampire, werewolf (going round its over-familiar concept by having this particular episode entirely set on a cruise-liner!), doppelganger, Satanist, swamp creature, mass of electricity, robot, apeman, witch, headless motorcyclist, succubus, a knight’s armor taking a murderous life of its own (the episode with perhaps the best supporting cast – featuring John Dehner as a morose police captain, Hans Conried and Robert Emhardt), Helen Of Troy(!) and crocodile. Some of the actors (other than those playing Kolchak’s co-workers) return in the same roles – Keenan Wynn and Ramon Bieri (both as officers of the law), John Fiedler (as a shrewd morgue attendant) and Richard Kiel as two distinct nemeses of the hero. If I were pressed to choose the finest (or most entertaining) episodes, I’d lean towards HORROR IN THE HEIGHTS (co-starring Phil Silvers and Abraham Sofaer) and the afore-mentioned THE KNIGHTLY MURDERS – while, as the weakest, I’d go for THE WEREWOLF (due to reasons I’ve already explained) and CHOPPER (based on a story concocted by Robert Zemeckis and Bob Gale!).<br /><br />Unfortunately, the set contains no extras: it would have been nice to see a featurette discussing the numerous concepts dealt with in KOLCHAK: THE NIGHT STALKER, as well as putting the series into the context of where TV was at the time of its original airing, or even denoting the lasting influence it had on the apparently endless run of sci-fi series popular today. In fact, Kolchak himself – in a much younger and ostensibly darker guise – returned in a 2005 revival; this version is available at my local DVD rental outlet…but, for various reasons, I’m not sure I’d want to check it out so soon after the 1974-5 classic!",Positive
"The acting was horrendous as well as the screenplay. It was poorly put together and made you almost want to laugh at the several terribly acted out murder scenes. The ending was even worse. Everyone kept dying, but somehow the ending made it look like everything was perfectly OK! They did not give enough history about the obsession the teacher had, etc. The movie needed more time to perhaps develop a better storyline. The only reason I give this 3/10 is that I kind of feel bad for the young actors. They needed better coaching. They could have really made this an OK film, but the screenplay and acting failed miserably.",Negative
"after just having watched The Deer Hunter,which is a masterpiece,the movie Jacknife had big shoes to fill.it has same themes as The Deer Hunter,the devastating effects on a person after the Vietnam War.Robert De Niro is in this film,as in The Deer Hunter and is very good here,as is Kathy Baker.but this movie belongs to Ed Harris,who gives a powerful,emotional and impactful performance.the movie is based on a stage play,and there are one or two scenes where that felt obvious to me.by that i just mean that for those one or two scenes it felt like i was watching a stage play.that was not that big a deal,and doesn't really diminish the film.i actually really liked this movie.it's not an epic like The Deer Hunter.they are about similar era and have similar themes,but they are two very different films.i thought The Deer Hunter was great,and i also think this movie was great.it's the acting in this one that makes it so great.for me,Jacknife is a 10/10",Positive
"I've no idea what dimwit from San Francisco came up with this stupid plot, but apparently they need to get off whatever drugs they are taking and put their analyst on danger money -- NOW.<br /><br />Yeah, this is a plausible story, if you regard the alien abduction sequence in ""Life of Brian"" as plausible.<br /><br />This film is little more than a leftist pipedream. Had the US and USSR give up nuclear weapons, the result would've been to eliminate the only real obstacle that kept the two from engaging in a war. Bad as Korea, Vietnam and other wars of the era were, they were ""proxy wars"" fought to keep the superpowers from a direct engagement.<br /><br />This film makes me think about how realistic it was when some group of high school kids would go on a hunger strike against nuclear proliferation. As if someone would say ""Mr. President, some kids at Drastic High are not eating!"" and Ronald Reagan would reply ""My God! I'd better revise my Defense policy!"" Right.<br /><br />Like this film? Wouldn't it be better if the Soviet Union would've collapsed because they could not support their massive arms build... wait, that happened!",Negative
"I have to admit I have always found it difficult to watch an Antonioni film from start to finish at the first try, and even for this one, I ended up watching it in three parts on repeated occasions. In the end, I realised perhaps it was better that way, because it forced me to stop thinking in the usual terms of plot and just enjoy the scenes one by one. <br /><br />The first part seems a lot more fragmentary, which is not a bad thing, it just requires more of an effort to follow. When it gets to the desert scenes, all efforts are repaid in full. The stunning cinematography is only a part of it, what really makes it all unforgettable is how the landscape is made into an overwhelming presence, the silence and vastness of it, the sense of sadness and freedom, the way it fuses and contrasts with the two young characters. The desert is dead, but at the same time it feels less distant and alien than the urban scenes in the first part. The dance between the airplane flying over and the girl's car makes for a series of great shots. The love scenes in the desert are simply beautiful, it is hard to imagine this kind of approach from a film of our times. There is of course something very stylish and studied about them, but at the same time they manage to express a sense of natural, spontaneous innocence that is very rare these days. It all feels loose and unscripted (thanks also to the understated acting), but that is the result of a maniacal attention to detail and form, which comes to its climax in the series of explosions at the end, a really mesmerising spectacle. It just leaves you in awe.<br /><br />I don't really care for some the usual objections: boring - well, yes, it is, if you want all films to follow a classic plot development and be packed with action twists, but then if all cinema was like that, that would be truly dull and sad; pretentious - maybe, but when that kind of ambitiousness is coupled with actual skills, depth, and style, pretentious is a compliment. The ""political"" criticisms make the least sense to me, I don't see the point of approaching a film like this with ideological blinders or worse, patriotic requirements. It just defeats the purpose. Perhaps it's true that, like a previous commenter remarked, Antonioni viewed these young 'hippies' and the politics of protests and riots with the police with the fascination of a foreigner, but I think that adds something rather than detracting from the film. It's not true that hippies did not exist in Italy at the time (think of the '68 protests, like in France), although they were obviously different from the American counterpart and in some ways even more militant. But his interest in this film was not narrowly political. The events seem more like a pretext for a film whose appeal has a universal, timeless quality.<br /><br />A special mention for the fantastic soundtrack. Amongst other things, this film, along with Easy Rider, is probably one of the main earliest precursors of the contemporary 'artsy' music video as well as the concept of a film soundtrack that would stand on its own, but unlike the former, it uses music in a much more subtle way, blending it with the landscape rather than the action. <br /><br />If you want traditional narrative in a film, then don't bother. If you want to be stunned, be patient and you won't regret it.",Positive
"Okay. Yes, this was a very-tight-budget movie with continuity errors (like single scenes obviously filmed in sunshine and then in shadow and then mixed together), and as much as I love Nick Mancuso he was often a little too good at the burnt-out part, and some of the minor supporting cast was really bad (plus at least one actor was used for two different but conspicuous roles). But come on. Richard Grieco was hysterical (his hair alone is worth the trip). Steven Ford was very likable. Mancuso had some great lines, while Nancy Allen, ironically, was completely bland and uninteresting. Classic? No. Bad parts? Yes. Entertaining? Big yes. I would have loved to have been on-set the day they decided what kind of hairstyle Grieco would have. ""Are you fast?"" ... ""Y'ain't THAT fast.""",Positive
"There's really not a lot to say about Las Vegas Lady. It's harmless enough, but it is little more than a dull heist film from the 70s. The movie is neither as clever nor as sexy as it strives to be. The plot is a retread of the tired old casino robbery storyline that's been done to death. Except in the case of Las Vegas Lady, I think the robbery plot was designed by a 3 year-old. The plan involves three women  one to unnecessarily and in plain view scale the outside of the Circus Cicus building, one to pose as a waitress only to blow her cover at the first opportunity, and one to stand around exposing her cleavage. That's pretty much it. Intricate, huh? Other than Stella Stevens and her aforementioned breasts, the other women involved in the plot aren't particularly memorable. Las Vegas Lady co-stars Stuart Whitman. When not pawing Stevens, his involvement in the movie is highlighted by one of the most idiotic gun fights ever put on film.<br /><br />I really wanted to like this movie. It does have that 70s feel to it that I always enjoy and some nice shots of Las Vegas circa 1975. But the movie itself is too dull to rate any higher than a 4/10  and that's probably overstating it. In the end, Las Vegas Lady is a waste of some perfectly good cleavage.",Negative
"I saw this film at a time when I was timidly toying with the idea of moving into my own apartment and starting life on my own. Maybe that is the reason why I took it so seriously. I believed totally in the poor character's psychological degradation inside a Paris of perpetual construction sites, dust, squalor, selfishness, rudeness, malice and decay. I'm giving all the credit to Polanski's artistry in his direction, his playing and his inescapable script but I fainted during the horrible final scene and had to be revived by cognac in the office of the theatre's manager. Luckily for me, my life on my own didn't turn out as disastrous as this (so far) but I have always kept a great respect for an artist who can perform such illusions and so totally immerse himself in the (fake) reality he is trying to convey. Simply put, the man is a genius of the first order and a credit to the human race. This film is the sum of many, many instances of great acting and great casting. As some performances were done in English (the scenes with Shelley Winters and Melvyn Douglas among others) and others in French (with most other characters) and Polanski did his own dubbing in English and French, I heartily recommend, if you happen to be bilingual, to switch the audio from French to English and vice-versa, during the appropriate scenes while watching the magnificent transfer on Paramount DVD. This film is part of Polanski's so-called ""apartment building trilogy"" which also comprises ""Repulsion"" and ""Rosemary's Baby"". Unfortunately, ""Repulsion"" still hasn't made it to a decent DVD transfer in Region 1. Needless to say, the three films would make a magnificent boxset.",Positive
"Valentine, a model in France is separated from her lover who is abroad, they plan to meet up in England, but seem to be growing ever more distant as the film progresses. One night after declining a pass made by her coworker, she hits a dog named Rita. The dog survives and she returns it to her owner, a hostile retired judge who's is living as a hermit and eavesdropper, listening in on the conversations of all his neighbours. She becomes intrigued by the nature of this man and visits him often, often becoming part of his eavesdropping games. One conversation the two listen in on is of extreme importance though, the conversation between a young soon to be judge and his wife, which we find out parallels the life of the man who is eavesdropping upon them. As we find out more about the couple, the man reveals more of his story, then continues his story, and we find out if the two men will continue towards the same fate. Little does Valentine know how her life, this encounter and the fate of the young judge will become entangled together. Her hitting the dog that day seemed to be fate, a divine sacrifice by the dog for her owner, allowing Valentine to be the saviour of the young judge, who is traveling the same path as her dear friend, to prevent him from having such a grim future, filled with loneliness and solitude. It seems the old man's dream will come true after all, and he can sleep with a smile on his face for the rest of his days.<br /><br />An AMAZING finale to possibly the BEST trilogy of all time! Kieslowski never ceases to amaze me. He is one of my favourite directors, and one of the most talented directors in the history of cinema. His use of the colours of the French flag in the three films was nothing short of incredible, every shot, every scene was like a work of art. Three of the most visually appealing movies i've ever seen. And his subtle connections between the three films are awesome. Usually signified with a subtle pause, or late focus in a scene, see if you can spot some. I have to mention this and it is a huge SPOILER, i loved the ending, how all the characters of the three films were the remaining survivors of the ferry disaster, with Valentine and the young judge together, and the old man watching it on her TV, solidifying his happiness over the suffering which he dealt with for those many years. I couldn't think of a better way to end the film, but a smile on my face, great way to wrap up an amazing film and trilogy! I recommend this for EVERYONE who loves film, movies, anything...A Work of Art! 10 out of 10 for both the movie and trilogy.",Positive
"Low budget mystery. A shot rattles out of the dark and a woman is seen running from that direction. A young architect Jimmy McMillan(Chick Chandler)discovers a dead body that goes missing. The woman in a hurry, Mary(June Clyde), is linked to the death scene; but it is McMillan that has to try and solve the case to avoid serious suspicion. Suspects are six shop owners in the vicinity of the crime scene. All the atmosphere of Film-Noir; but not quite the real thing. This flick musters just enough to be a decent low budget mystery/drama and is a nice little escape. Other players include: George Meeker, Michael Raffetto, Milton Wallace and Rebel Randall.",Negative
"Silly movie is really, really funny. Yes, it's got its dead moments, it can be a bit too obvious, it declines a bit in the second half and the story is an incoherent mess, but it's laugh out loud funny all the way. And it's worth seeing just for Ed McMahon as a right wing kook. This movie is in the same class as Elvira, Mistress of the Dark, another incredibly funny, underappreciated film.",Positive
"wow, the Naked Brothers Band. What should i say. I guess i can say this show just sucks. number one: they have no talent, they probably can't even play the instruments. number 2: on the commercial it said they were famous but nobody even heard of them till there crappy show came on. Look, i really don't hate it that bad, i'd give it like a 4 out of 10, but what annoys me is how everyone says they have such great talent and Nat is SO deep and writes deep lyrics. Deep my ass! he talks about hardcore wrestlers with inner feelings. wow, i could read what it says on the walls of a bathroom and it would be more deep than that. And they didn't get famous by themselves, their parents are famous celebrities and wanted their kids to be too so they made up a bad show. i have a feeling that it will be canceled soon.",Negative
"This is a silly spoof of private eye thrillers as a novelist(Michael Cain)is called upon to 'ghostwrite' an autobiography of a colorful, waning Hollywood star(Mickey Rooney). At times silliness becomes obnoxious. This is not Cain at his best. Rooney is way over the top. Notable support from Lizabeth Scott, Lionel Stander and the comely Nadia Cassini. Not easy to watch.",Negative
"This movie is truly amazing,over the years I have acquired a taste for Japanese Monster movies and am well aware that early examples of this genre can be poor. However this one reaches a new low, as it follows the adventures of Johnny Sokko(?), a young boy who controls a Giant Robot, and his fight against the evil Gargoyle Gang, who seem to have an endless supply of horrid giant monsters at their disposal.",Negative
"This movie is a rather odd mix of musical, romance, drama and crime with a sniff of film-noir to it. It's basically one messy heap of different genres, of which none really works out like it was supposed to.<br /><br />This movie is an attempt by Mickey Rooney to be taken more serious as an actor. He's a former child-star who always used to star in in happy comical- and musical productions at the start of his career. In this movie he picks a different approach (although the musical aspects are still present in the movie). But his role is actually quite laughable within the movie. I mean Mickey Rooney as a tough player? He's an extremely small boyish looking man. He actually was in his 30's already at the time of this movie but he seriously looks more like a 16 year old. Hearing him say babe to women and hearing talking tough to gangsters who are about 3 times bigger than he is just doesn't look and feel right. He simply isn't convincing in his role.<br /><br />Because the movie mixes so many different genres, the story also really feels as a messy one. Somewhere in it there is a crime plot and somewhere in it is a romantic plot-line and one about living your dream but none of it works out really due to the messy approach and handling of it all. It just isn't an interesting or compelling movie to watch. László Kardos is also a director who has done only 10 movies in his lifetime, despite the fact that his career span from 1935 till 1957. He must have been a struggling director who had a hard time getting work into the industry and instead once in a while was given a lesser script to work with. His movies are all unknown ones and normally also not of too high quality.<br /><br />Let's also not forget that this is a '50's movie but yet it more feels like a '40's one or perhaps even as one from the '30's. This is of course mostly due to the fact that this movie got shot in black & white. Generally speaking black & white movies from the '50's often have a cheap looking feeling over it and this movie forms no exception.<br /><br />It's a rather strange sight seeing Mickey Rooney and Louis Armstrong and his band as themselves performing together in a sequence. It wasn't the only movie Armstrong appeared in though and he would often pop up in these type of movies, often simply as himself. I guess jazz lovers can still somewhat enjoy watching this movie due to its music, since there is quite an amount of it present in this movie. The movie actually received an Oscar nomination for best original song.<br /><br />An awkward little movie and outing from Mickey Rooney.<br /><br />4/10",Negative
"This, and Immoral Tales, both left a bad taste in my mouth. It seems to me that Borowczyk is disgusted by sex, and these two films are cautionary tales about what will happen if you do have sex. As a film, it's not very well done -- some of the acting is truly epically bad (such as the ""American"" woman with the French accent). The young woman's sudden flip-flop from being anxious about the marriage to being interested (when it seems like it should have been the other way around), and the aunt's sudden realization of the young man's secret don't make sense -- they're not explained at all. I also didn't like how the daughter's relationship with a black man was presented as a sign of her family's perversion or predilection for bestiality. The central idea, the idea that there's this ""sexy beast,"" if you will, that lives in the woods, could have been a foundation for a perverse but fun story, but instead is just used as a basis for a nasty, sex-negative, morality play.",Negative
"Vincent Cassel plays the part of Paul, an ex-con assigned to an office job where he meets Carla, a secretary who is quite deaf', when she has her hearing aids in very deaf when not (played by Emmanuelle Devos). Together they help each other to develop as people.<br /><br />What was particularly interesting about this film was the complexity of the characters  not fitting into obvious stereotypes. Paul appears uneasy in the office environment, is it that he's just not cut out for work? This belief is dispelled when he gets a job in a bar and shines.<br /><br />The film has a certain amorality which I find refreshing and showed how easy is to act criminally, even if we think it is harmless or justified.<br /><br />Finally, it is a film full of great moments' both touching and humorous. One is when Carla is babysitting and is trying to comfort a screaming baby. She continues to cuddle it  but takes her hearing aids out for her own comfort.",Positive
"Dead Gentlemen Productions has put together a film with amazing production values considering their budget. Anyone that has ever played any role-playing game, particularly any fantasy RPG (they play Dungeons and Dragons in the movie) will LOVE this movie. Brilliant performances all around--especially with regards to the dual nature of the principles, playing their players and their characters. Anyone who has ever filmed or acted in a student film will appreciate the amount of work and love they put into this project. This movie (and its prequel) is to fantasy movies and role-playing games what Blazing Saddles is to westerns--parody of the highest order. I only have a couple minor complaints about the movie itself, none of which will prevent me from buying the DVD as soon as it's available (only 6 more weeks--I'm counting the days): <br /><br />1. When Lodge is talking to Joanna about joining the gaming group, he hands her a copy of the Dungeons and Dragons Players Handbook and says ""this will tell you everything you need to know."" The camera hovers too long on a shot of the book, and the moment really seemed like a commercial.<br /><br />2. The jokes are hilarious, but they seem unevenly spread throughout the movie. The last third of the movie, after the almost continuous barrage of visual and verbal humor preceding it, slows down a bit, as if the narrative was catching up with the jokes. Odd, but Blazing Saddles always struck me that way as well. . . and I love that movie, too.<br /><br />One of the narrative strengths of the story is the unresolved nature of the romantic subplot. Will Joanna become the GM's girlfriend? Will she go back to Cass? Or will the three maintain a platonic friendship, deepened by the camaraderie of role-playing? (Yes that sounds sappy, but there are a couple of saccharine moments, particularly when Cass and Lodge ""make up"" at the end.) But the movie spans one week: in terms of human relationships, those questions could not be answered in a week. The fact that the characters' relationships are left undefined strikes me as better than the more classical choices you see in most movies, like the girl gets her prince and they move into the castle, or the prince sinks into the North Atlantic after three trite, tedious, and predictable hours. The writers really seem to have a grasp of the psychology of the characters, and you can see the characters (both the gamers and the player's characters) change over the course of the movie, but not suddenly, and not unbelievably. <br /><br />I would love to hear more wisdom from Brother Silence. ""The man who stands out in darkness is. . . fluorescent.""",Neutral
"Okay, you hippies are probably wondering what I have against an ""education"" and ""informative"" show like ""Barney""? Well, I have a lot of hate against it for these reasons:<br /><br />1. It teaches that having a personality and individualism is immoral. No one on the show has a personality. Everyone dresses alike, talks alike, acts alike and dances alike. Even in the episode called ""Being an Individual"", kids try to tell Barney about what they like and EVERYONE on the planet should do what I like. Do you wanna teach your kid that being an individual is wrong?<br /><br />2. ""A Stranger is a Friend,You Haven't Met"" Episode. While seemingly harmless, the show's producers soonfound that it could also be extremely dangerous for young children. In fact, several young Barney-lovers from across the U.S. fell victim to pedophiles, who were using the show's friendly message to lure children away from their parents. The episode has since been pulled, but the damage had been done. So called ""Innocent"" mistakes in programming, like this one, clearly show why parents need to watch television WITH their children.<br /><br />3. IF your not happy all the time, you are a bad person. No one seems to show any other emotion but happiness, no matter which situation they are in. If the child's parents get mad or sad for some reason, the child may think of Mommy or Daddy differently. Not a good message at all.<br /><br />4. Magic solves everything! Seems like every problem is solved by magic. At least in shows like ""Fraggle Rock"", it teaches us that magic CAN backfire at it is best to solve problems on your own. Does Barney teach this? NO, of course not. There HAS to be magic in there. And the problem is, a lot of two year olds cannot tell fantasy from reality, and might think their parents, siblings or relatives can use magic to solve everything, yet become confused when they CANNOT use magic and think they are weird. Another boner pulled again.<br /><br />5. Barney makes no distinction between stealing and sharing. He has even specifically said that ""stealing is okay if the person you steal from doesn't mind"". Kids can learn that if you really want something, stealing is a perfectly acceptable way to get it. This is not something that preschoolers need authority figures to tell them.<br /><br />6. ""If I just have the right thing, I can solve all my problems."" Whenever the kids have a problem, Barney gives them whatever they need to solve it. The message being sent here is ""Don't try to think to solve this! It's too much work, and the solution probably wouldn't work anyway. Just use this."" Because of this, children could stop thinking through things (Barney said it was too much work) and become dependent on the ""right"" object. (The right shoes, the right food, the right computer, the right exercise machine...) This is obviously a good message for the Barney marketers, but it's not good for preschoolers.<br /><br />7. The message that cheating is okay. In another episode the children are involved in a contest to carry a peanut on a spoon without dropping it. One child puts peanut butter on his spoon, and easily wins. The child is then rewarded for his creative thinking, when the child in fact bent the rules, and changed the game so that he could win. This teaches that cheating is good, you win and people think that you are creative, when in real life you will often be disqualified, or worse, and severely disliked by other competitors who played by the rules.<br /><br />8. Do the kids in this show eat anything else besides cakes, cookies and candy? That teaches that it is okay to eat tons of junk food and avoid healthy food, despite Barney's so called ""Health Food"" song. Other than that, EVERYONE in the show eats junk food. No wonder there are so many obese kids in America and Europe.<br /><br />And finally....<br /><br />Most other kids' television shows teach creative problem solving well, without having to resort to ""magic"". Barney could also have done that but instead decided to use the method that was A) best for the marketers and B) took the least time and money for scripts. It's a blatant sellout that shows just how little the Lyons Group actually cares about children.<br /><br />That is my rant for you all.",Neutral
"This movie is a definitive 5. I finally caught it on HBO the other night. I remember when it came out in theatres telling a friend that it would never be a hit because Americans didn't want movies about history, especially movies that were more about ideas than action. I don't know if that was the reason FMLB didn't do well, but now, having finally seen it, I can add a few observations of my own.<br /><br />First, while Dwight Schultz has been fine in Star Trek and The A-Team, as the lead in this movie he is off-putting. I kept expecting him to shout out Jon Lovitz-like, ""I am ACT-ING!"" He phrasing and tone of voice sounded like he was trying very had to be an ACT-OR, on a stage where he had to emphasize strangely various words and phrases. <br /><br />Second, I enjoyed the sly positioning of Paul Newman's character as a manipulator who, at every turn, strives to herd these cats (the scientists) along to get to his goal. <br /><br />Third, there was some discussion of the moral implications of creating the A bomb, and whether the US should use it. Probably not enough of this, or as in depth as warranted.<br /><br />Finally, there seemed to be an awful lot of twists thrown in for dramatic effect. I don't know how much of the events in this movie are true to life, but things like having the test bomb slip in its chains or having a lab accident caused by a spilled coffee cup (and a scientist killed as a result) were stretching the bounds of believability. Maybe that stuff, or events that were similar, really happened, but it sure felt like various scenes were added solely for dramatic effect, which undermined the whole tone and purpose of the movie.<br /><br />FMLB was OK. I need to read more about the actual events to know if it was over the top or just mostly accurate.",Neutral
"Everyone involved with this project should be ashamed as to the result of their efforts. Oh. I laughed a coupe of times , but I laughed a couple of times during Schindler's list also. They really screwed up a good premise.",Negative
"""Stella"", starring Bette Midler in the title role, is an unabashed tearjerker. Set in upstate New York, Stella Claire works nights as a bar maid, pouring and dancing in a workingman's saloon. One night, in comes a slumming medical intern, Stephen Dallas, who woos Stella, and in the course of their affair impregnates her. She spurns both his offers of marriage and abortion, sends him packing to a lucrative medical career, and raises her daughter herself in near-poverty. Flash-forward 16 years and the daughter has grown into a gorgeous, loving, young lady. Dr. Dallas is not out of the picture, still maintaining a tenuous, but caring relationship with his daughter and..I'm rambling, and worse yet, making the movie sound somewhat interesting. The acting and screenwriting are so over-the-top you'll let out a groan in almost every scene. The chief offender is Bette Midler, but close behind is John Goodman as her alcoholic buddy. Each scene seems more contrived than the preceding right up to the finale, which is truly a hoot. Taken as a dramatic piece, this film rates no more than grade D, but as camp, it scores an unintended B+.<br /><br />",Negative
"I dislike this movie a lot. If you've read the Puzo's books, or at least have watched very closely the two first movies (specially the first one), you're going to agree with me.<br /><br />Compared with the Corleone's saga presented by Puzo's novel, the script of this film is, sometimes, even ridiculous. The characters and the relationships among them are distorted. The story ends up reaching nowhere, although it appears to go to some direction during the movie.<br /><br />It is understandable that different times should be expected for the Corleone's saga in the 90's, and that we would not gonna find things the way they were before. But, in the other hand, I don't know why they had to copy some dialogues from the other movies, in contexts when they didn't fit. Why this? It sounds like those poorly made sequels that just try to copy the original film's qualities.<br /><br />What will never be understandable is the fact that Mario Puzo, Coppola and Al Pacino joined together to make this. A man who directed pieces like Apocalypse Now and Godfather has to be forgiven for almost anything he does in cinema until he dies. So does Al Pacino, for being the actor he is. But Mario Puzo shouldn't have written this. How come? He damaged all his previous work. What a shame, my friend. The Puzo's novel ""The Last Don"" is a 90's story about the mob, and it is great. We can never tell the same about the plot for the Godfather III.",Negative
"Well, Killshot is not awful, but it comes close. Production values are decent and the main actors do a pretty good job (except for Rosario Dawson in a wasted role), but the story is just pathetic. I don't know if the Elmore Leonard book had such dumb characters,since I haven't read it, but I'm guessing that the book was supposed to be at least slightly humorous. The movie has no detectable humor. After the first twenty minutes, you'll be yelling at the screen, ""Oh, come on! Nobody's THAT stupid!!"" In a nutshell, and without any spoilers, everybody acts in a manner convenient to the plot, which makes no sense anyway. A very frustrating and unrealistic movie, which may account for it sitting on the shelf for as long as it did.",Neutral
"Boring as hell and kind of a chick flick.<br /><br />It's the story of a neurotic woman who struggles with the concept of marriage as a business arrangement, the romantic nature of a one night stand, and the uncertainty and pitfalls of true love.<br /><br />Many of the story's motifs are reminiscent of other recent KST movies (e.g. the English Patient), but have far less appeal.<br /><br />After the first half-hour I started checking my watch, wondering if I'd make it home in time to catch Leno on tv.<br /><br />I passed up ""Gladiator"" to see this!?!",Negative
"I don't normally go out of my way to watch romantic comedy, and maybe I will in the future after seeing Return to Me. The plot was simple and no secret after the publicity. You don't have to be Einstein to guess what will happen after the first 15 minutes. What you can do is relax and let the cast take you into a world where the ""chemistry"" abounds and the good guys win and you can just laugh and have a good time. I LOVE this movie....and have the DVD on order!",Positive
"This film fails on every count. For a start it is pretentious, striving to be ""significant"" and failing miserably. The script was banal in the extreme, nobody at any time said anything remotely interesting. It was impossible to care about any of the characters. Knightly was a self-regarding waste of time whilst Sienna Miller was just a waste of time. The bit about the soldier who went off to war was a cliché even before the film Atonement used it. The use of the Second World War as a backdrop was in itself a cliché...the bombs, the sheltering in tube stations etc...employed to import a bit of much-needed drama. Why anybody thought for a moment that this film was worth making is quite beyond my comprehension. It was yet another case of ""let's get the costumes looking authentic, never mind about the story, the script or the acting!""",Negative
"I think this movie was supposed to be shocking. But the only way in which it is indeed shocking is how shocking badly it's been made ...and simply is. It's one-and-a-half hour of torment. Even more so for the viewer than for the characters in the movie (the five girls).<br /><br />Sure the main characters get their bloody piece in a bad way, which is basically fine, since it's a horror-movie. And I (usually) like horror-movies. I've no problem with violence in these type of movies per se. However all the violence in this film serves no end whatsoever. It's no spectacle other than that it's simply grotesque. It's so lame it even gets boring, and really quick too.<br /><br />The worst thing (if the above wasn't bad enough for ya) about this movie is that they've tried to copy the Blair Whitch Project, by filming with cheap hand-held-cameras. But (again, this too) serves no end whatsoever. In the ""Blair Which"", sure enough, there's an explanation, namely they are their with a camera looking for the blair witch. In this film, there's no other explanation than: ""Hey ya'll we wanted this to LOOK LIKE the Blair Whitch!!"" The sound in the movie is also something to get depressed about. The girls are screaming so hysterically that many a time you can't make out what they're saying. Also, no effort has been made to make anything any better, sound-wise or other wise.<br /><br />Than finally, there's the soundtrack, which is just as bad as the rest, and varies from cheap euro-house to the worst grungy hard-rock...<br /><br />My advise: Don't watch this under ANY circumstances.",Negative
"There is a complete copy now available at the Internet Archive - watch it or download it today!<br /><br />http://www.archive.org/details/The_Mascot_Complete<br /><br />One of the greatest animated shorts ever made. Starewicz is endlessly inventive and his techniques still astound animation fans 70 years later. We may have computer-generated techniques now, but all he had in 1934 was an imagination that wouldn't take ""no"" for an answer. Whatever he wanted to see on the screen, he created. <br /><br />And he wanted to see some truly bizarre stuff - every imaginable piece of scrap is called up for service: old shoes, chicken bones, utensils, broken glasses, dolls, monkeys, rats....seems like there was nothing that was off limits.<br /><br />A truly eerie, even unsettling film that should be seen by anyone with even a passing interest in animation. This film must be seen to be believed!",Positive
"Police, investigations, murder, suspicion: we are all so acquainted with them in movies galore. Most of the films nowadays deal with crime which is believed to involve viewers, to provide them with a thrilling atmosphere. However, most of thrill lovers will rather concentrate on latest movies of that sort forgetting about older ones. Yet, it occurs that these people may easily be misled. A film entirely based on suspicion may be very interesting now despite being more than 20 years old...it is GARDE A VUE, a unique movie by Claude Miller.<br /><br />Is there much of the action? Not really since the events presented in the movie take place in a considerably short time. But the way they are executed is the movie's great plus. Jerome Charles Martinaud (Michel Serrault) is being investigated by Inspector Gallien (Lino Ventura) and Insector Belmont (Guy Marchand). It's a New Year's Eve, a rainy evening and not very accurate for such a meeting. Yet, after the rape and murder of two children, at the dawn of the old year, the door of suspicion must be open at last. In other words, (more quoted from the movie), it must be revealed who an evil wolf really is. To achieve this, one needs lots of effort and also lots of emotions from both parties...<br /><br />Some people criticize the script for being too wordy. Yet, I would ask them: what should an investigation be like if not many questions and, practically, much talk. This wordiness touches the very roots of the genre. In no way is this boring but throughout the entire film, it makes you, as a viewer, as an observer, involved. Moreover, the film contains well made flashbacks as the stories are being told. Not too much and not too little of them - just enough to make the whole story clearer and more interesting. The most memorable flashbacks, for me, are when Chantal (Romy Schneider), Martinaud's wife, talks about one lovely Christmas... But these flashbacks also contain the views of the places, including the infamous beach. It all wonderfully helped me keep the right pace. And since I saw GARDE A VUE, I always mention this film as one of the ""defenders"" of French cinema against accusations of mess and chaos. <br /><br />But those already mentioned aspects may not necessarily appeal to many viewers since they might not like such movies and still won't find the content and its execution satisfactory. Yet, GARDE A VUE is worth seeing also for such people. Why? For the sake of performances. But here don't expect me to praise foremost Romy Schneider. GARDE A VUE is not Romy Schneider vehicle. She does a terrific job as a mother who is deeply in despair for a lost child. She credibly portrays a person who is calm, concrete, who does not refuse an offered cup of tea but who does not want to play with words. Her part which includes a profound talk of life and duty is brilliant, more credible than the overly melancholic role of Elsa in LA PASSANTE DE SANS SOUCI. It is still acted. However, Romy Schneider does not have much time on screen. Practically, she appears for the first time after 45 minutes from the credits; she, as a wife and a different viewpoint, comes symbolically with the New Year, at midnight. Her role is a purely supporting one. Who really rocks is Lino Ventura. He IS the middle aged Inspector Antoine Gallien who wants to find out the truth, who is aware that his questions are ""missiles"" towards the other interlocutor but does not hesitate. He is an inspector who, having been married three times, is perfectly acknowledged of women's psyche. He is the one who does not regard his job as a game to play but a real service. Finally, he is a person who does not find it abnormal to sit there on New Year's Eve. Michel Serrault also does a fine job expressing fear, particularly in the final scenes of the movie. But thumbs up for Mr Ventura. Brilliant!<br /><br />As far as memorable moments are concerned, this is not the sort of film in which this aspect is easily analyzed. The entire film is memorable, has to be seen more than once and has to be felt with its atmosphere and, which I have not mentioned before, gorgeous music. For me, the talk of Chantal and Inspector Gallien is the most brilliant flawless moment. You are there with the two characters, you experience their states of mind if you go deeper into what you see.<br /><br />GARDE A VUE is a very interesting film, a must see for thrill lovers and connoisseurs of artistic performances. New Year has turned and...is it now easier to open the door? You'll find out when you decide to see the memorably directed movie by Claude Miller. 8/10",Neutral
This movie is a disgrace. How can you take one of the greatest science fiction stories of all time and turn it into some kind of half-assed love story. The entire beginning of the movie was not in the H.G. Wells story and didn't need to be. Also the Eloi were done completely wrong. They did build houses or form any kind of real society. They didn't care about each other at all. That was an important part of the story. The way they had formed a world that was without hardship or complex emotions. They were barely even aware of the Morlocks. I don't know why this movie was made the way it was but some stories should be told as they are or left alone.,Negative
"The parallels between this film and ""Captain Walrus"" (an independant film shown at the Team Projection Film Festival in 1994) are so blindingly obvious that any praise for ""Sally Marshall Is Not An Alien"" must be viewed with the knowledge that it is riding on the success of another work.<br /><br />In Captain Walrus, two young boys (Geoff and Roger, played by Dean Turner and Brett Allen respectively) examine the bizarre behaviour of their new neighbour Britney (played by Louise Farley). As the two boys watch through their telescope, they observe the repeated visits of a man in uniform who they call Captain Walrus (played by Peter Sargent). However, the emphasis in Captain Walrus is on the pointless and somewhat power-hungry actions of the neighbour Britney, and less on the friendship between the two boys.<br /><br />A critical success at the film festival, the plot of Captain Walrus has obviously been appropriated and rehashed in order to give the Australian Film Community another notch on the belt with regards to children's product. Although Sally Marshall is not an Alien is a fine film, and a credit to its producers, its inauthenticity leaves something to be deserved.",Neutral
"A lot people get hung up on this films tag as a ""children's film"", and that it certainly is, though it is one made for adults. Takashi Miike uses the fantasy genre, particularly, the children's fantasy genre, as a springboard into the wild territory that is the Great Yokai War.<br /><br />The setup is simple a boy is selected to play the ""hero"" in this years annual festival, only to discover his role is much more real than he could have imagined. What follows is a hallucinatory, grotesque, whimsical, and often funny journey through the world of Japanese folklore, but wait there's also an evil Villain on the lose who wants to destroy the world. However, the villain here, is not a mere demon, it is the demon-spirit of the accumulated resentment of those things which humans ""use"" and ""discard"". Usuing a chamber made out of pure liquid hate/resentment, the villain transforms the vibrant colorful Yokai spirits into soulless ten foot tall makeshift robots which chainsaw for arms and eyes like burning coals(those whove played the video game, Sonic The Hedghog, might remember a certain Dr. Robotnik performing similar procedures to the cute and cuddly's who Sonic had to then ""liberate"").<br /><br />The hero in this film is actually the least interesting character, essentially playing the straight man, in a world gone suddenly mad. Though he does go through the typical heroes trials he more often than not cowers, as do many of the Yokia themselves, who seem truly defenseless against the murderous robots, some spirits being umbrellas with eyes, talking walls, or creatures whose soul purpose in life is to count beans...of course in this magical world of Miike's Yokai war even beans take a magical power when one believes in them.<br /><br />In several ways this film subverts the normal conventions of children's fantasy, as few, if any, of the characters are heroic, their victory being a combination of happenstance, almost arbitrary faith, and a desire to party. The Yokai spirits, only rally together and lay siege the villains hideout, after they mistake the end of the world invasion of Earth for a great Yokai festival, and even then only to dance and party. Also the film ends not with the usual celebratory all's well that ends well fantasy ending, but with a final scene, showing our hero years older, with an adult job, now unable to see the Yokai spirits of his youth, who then despondently turn to the villain, who being a spirit can never really die. This ending, with it's Yokai spirit who is the spitting image of Pokemon's Pikachu, warns us not just of leaving behind our childhood selves, but of the horrors of over-consumption. The villain is resentment caused when humans no longer have reverence for the world and the objects around them(in Japanese folklore nearly every object has some kind of spirit), and so when they are used and discarded as we in consumer societies do without reverence, they become soulless vengeful machines, not unlike those seen in modern video games, suggesting that though our imaginations and myths do not ever really die, but can become deformed.<br /><br />This is one of the first scripts Miike has contributed to, and I believe it shows, as there's a tightness conceptually that sometimes gets swept under the rug by his exuberance for visual playfulness. Though I've focused mostly on the story (since lots of users here seem to write it off), I do want to say that visually it's a kaleidescope of CGI, stop animation, costume, and live puppetry, that works remarkably well. There's a dreamlike quality to a lot of the film, and the Miyazaki comparisons are warranted, as are the NeverEnding Story and Labrynth comparisons, though this film is sharper and more adult than either. The Yokai are beaten, brutalized, and turned into machines of living hate, who I believe even kill a few humans, a deformed aborted calf with a mans face is born and dies in the films grotesque opening, while a sexual undercurrent, the women with the long neck licking the face of our boy hero, or another characters persistent memory of touching the thigh of a young scantily clad water spirit as a boy, seem to linger a bit too long for most western tastes, especially when considering this is a ""children's film"". However these are slight enough to catch adult attentions while minor enough, not to traumatize any children to bad. Grims fairy tales, before revisions, did much worse, far more often.<br /><br />All and all this is one of Miikes most accessible and engaging ventures yet, with enough visual drama and great performances(the Yokai spirits have a humanism and an absurd humor to them, thats laugh out loud funny at times) to appeal to audiences of all ages, and a steady conceptual undercurrent strong enough to draw in an adult audience who have presumably brought their children or else come out of a sense of nostalgia for the long lost fantasy films of their youth. The latter group the film seems to address the most fervently asking that they not just continue passive consumption of the world around them, but show reverence to those spirits within them which seemed so much closer to reality in childhood. Another beautiful, funny, and truly original film from a thrilling director who hasn't come close to his apex. Instant classic.",Positive
"Much like Final Fantasy, if you look at a still shot - it doesn't look so bad. But when the people start moving, it's utterly horrifying. Uneven jerky motions, frightening lack of emotion, and lack of a feel of life in the face gives me the creeps. The characters do not even appear ALIVE/organic.<br /><br />I saw a preview screening with my daughter, who actually fell asleep! She was not at all engaged. For the record, I thought her to be easily engaged by both Pixar-esque films as well as a number of the 'bad' 2D films like Sinbad.<br /><br />The lighting is painful, giving the children the appearance of holding a flashlight under their chin at a campfire. The lip syncing is bad - worse actually than Final Fantasy. <br /><br />I also seriously question having Hanks play five characters.... this was a major distraction throughout the film. The role of the conductor is eerie - although in a way I just can't pinpoint. It reminds me of my father's fake ""phone"" voice when greeting clients.<br /><br />I think this is why the multiple roles are distracting - you are accutely aware that the voice is the same, but yet distinctly different. It gives each character the feel of being ACTED, as opposed to being real human characters. The illusion of reality is broken by the multiple role playing of Hanks. I've seen the technique work - a la Eddie Murphy, but Hanks just can't come close to pulling it off with a voice alone, given the horrifying animation.<br /><br />I would not waste my money on this - wait for the rental.",Negative
"If you think piano teacher Erika Kohut (Isabelle Huppert) in Michael Haneke's film ""LA PIANISTE"" is the ultimate degree in the personification of derangement, perversion and darkness, I've got news for you: the piano teacher in Elfriede Jellinek's novel ""LA PIANISTE"" (on which the film was based) is twice as ""repulsive"", ""disgusting"", ""deranged"" and even more fascinating -- though there can't be words enough to translate the level of artistic proficiency that Isabelle Huppert has reached here, above all other mortal actresses in activity today. And who else could have played this character with such emotional power, complete with the best piano playing/dubbing an actor could deliver?<br /><br />In the novel as in the film, there are two big antagonists to the ""heroine"" Kohut: her own mother (wonderful, wreck-voiced Annie Girardot, in a part originally intended for Jeanne Moreau) and Austria itself. The mother personifies Jellinek's perception of her native Austria as a country that deceptively and perversely encourages racist/fascist (or at least authoritarian) behavior, sexual and emotional repression, and, let's say, übermensch ideals which are impossible to keep today without the danger of a mental breakdown.<br /><br />""La Pianiste"" also deals with a very powerful and delicate issue: how dangerous it is to reveal your innermost fantasies to the one (you think) you love. We tend to think our own sexual fantasies must be as exciting to others as they are to ourselves, which may turn out to be a huge, embarrassing and sometimes tragic mistake. Here, Kohut learns (?) the lesson in the most painful and humiliating of ways.<br /><br />It must be mentioned that Elfriede Jellinek is one of the best-known and praised authors in Austria and Europe (well, now she's got a Nobel Prize!) and that autobiographical passages can be inferred in her novel, as she herself was a pianist and had a reportedly difficult relationship with her mother. The novel also includes long passages about Kohut's childhood and adolescence so you kind of understand how she turned into who she is now. Haneke chose to hide this information in the film, forcing us to wonder how she got to be that way (don't we all know a Erika Kohut out there?). But he very much preserves the fabric of the book in his film: unbearable honesty, to the point where most secretive, ""horrendous"" feelings painfully emerge -- envy, cruelty, violence, jealousy, hate, misery, sadism, masochism, selfishness, perversion etc. All of them unmistakably human.<br /><br />I thought ""La Pianiste"" was a deeply moving film, very disturbing and thought-provoking, with a handful of unforgettable scenes, and that's just all I ask of movies. It also made me buy and be thrilled by the book, discover a fantastic author I hadn't read before, and listen again and again to Schubert - so, my thanks to Haneke, Jellinek and Isabelle!!! On the other hand, if you're looking for light entertainment, please stay away. My vote: 9 out of 10",Positive
"There is something about Doug McLure's appearance in a movie that is a warranty of wretchedness. His DG initials are like a special cinema-certification, that comes somewhere before 'U'. <br /><br />Cushing, on the other hand, seemed to suffer from both a dilatory agent and poor judgement of his own. He did excellent work in the Hammer movies as Dr Van Helsing. I'v seen him do a very passable Sherlock Holmes in 'Hound Of The Baskervilles'. And his magnum opus was probably Grand Moff Tarkin in the first 'Star Wars'. The only man but the emperor who could tell Darth Vadar to 'stop bickering' and get away with it. But - crikey! - he's done some turkeys. There was that lamentable 'Daleks' movie for one. And here's another.<br /><br />There's a machine that's been hijacked from Tracy Island. It's a cylinder with a screw at the front and traction devices at the sides. I'm surprised Jerry Anderson didn't sue for plagiarism. Maybe he was bought-off. Yet if the movie is any guide, they can't have paid him much.<br /><br />It's 1976 and we're still playing about in latex romper-suits. <br /><br />That's about it really. Some movies have an entertainment value in the 'so bad it's good' category. This one doesn't even manage that. It wouldn't even entertain kids. 'Crash Corrigan's' stuff from the 1930's has got more going for it.",Neutral
"Karim Hussain's masterpiece of art/gore--this cat is definitely a talent to look out for. We have in this several longer vignettes interspliced with some shorter segues. This is all in all a very powerful film that relies on its intense graphic imagery and symbolism and it is not for all viewers.<br /><br />The film kicks off with a short called OVARIAN EYEBALL. Very short segment that has a nude woman placed on a table naked. An unseen woman's hand covers the supine woman's face with a red cloth and makes an incision in her abdomen out of which an eyeball stalk is extracted. I've got nothing too much to comment on this one due to its brevity.<br /><br />HUMAN LARVAE is one of the films lynchpins and it is a totally unflinching portrayal of a perverse act committed by a disturbed man who has an incestuous love for his pregnant sister. This is one of those ""must be seen to be believed"" type things. I will say that this film has some of the best effects I've seen in an indie horror film but the subject matter will make this an undeniably unpleasant experience for most (not me though--I live for this!).<br /><br />REBIRTH could have been cut out of this film all together. This is the film's weakest segment and it has a bunch of nude people f!cking bloody holes in a field and whatnot. Very short but this one kind of blows the film's momentum.<br /><br />RIGHT BRAIN/MARTYRDOM is one of the most profane representations of religious imagery that I have ever seen and it totally kicks ass. Think ""P iss Christ"" or menstrual blood paintings of the Virgin Mary. Very hard sexual/sexually violent/gory imagery is presented in this piece and it is definitely not for anyone who will be offended by sacrilege.<br /><br />Subconscious Cruelty is one of the best films I've seen under the banner of extreme horror it will be a very divisive film amongst horror fans and the filmgoing public in general. Some will call it trash, some will call it brilliant. I don't see much middle ground. I thought this film was pretty damn original and I will recommend it to anyone who is adventurous enough to try it. 9/10.",Positive
"'Loulou' delights in the same way an expensive, high quality French wine does. It leaves you with a very fine aftertaste.<br /><br />'Loulou's theme isn't new. The film doesn't carry an original plot either. Its colored picturing shows fine, but not extraordinary. Its setting is serious. Its elegant styling never and nowhere puts any weight on your mind.<br /><br />Whatever one further may say about 'Loulou', it's beyond doubt that this very French film stands out for its excellent acting. The three leads convincingly reflect all numerous doubts and tenses sparkling between them, making the plot alive. Their acting fully invites you to participate, to make friends.<br /><br />For those around at the time, 'Loulou' also provides an extra bonus: its perfectly captured mood of 1980.",Neutral
"I'm not a Steve Carell fan however I like this movie about Dan, an advice columnist, who goes to his parents house for a stay with his kids and ends up falling in love with his brother's girlfriend. Its a story thats been told before, but not like this. There are simply too many little bits that make the film better than it should be. The cast is wonderful, and even if Carell is not my cup of tea, he is quite good as the widower who's suppose to know everything but finds that knowing is different than feeling and that sometimes life surprises you. At times witty and wise in the way that an annoying Hallmark card can be, the film still some how manages to grow on you and be something more than a run of the mill film. Worth a look see",Positive
"I have seen this movie and in all honestly was quite disappointed. And in my opinion this movie lacks heart. I frankly didn't care what happen to the characters by the end of the movie. <br /><br />There was so much there they could have done with the movie that they didn't because they were either so rapped up in trying to be obscure and make some deep comment on life, or trying so hard not to, that the characters and story were completely lost in all of it. I have seen another picture by this director and enjoyed it well enough. But I felt this film lack of the whimsy and heart of the other and I was left wondering what the point was, or if the point of the movie was that it had no point. Honestly, while I didn't feel like tearing my hair out during the movie, I did remorse the lost time on the sad little film.<br /><br />I have no doubt that some people will love this movie, but frankly I didn't.",Negative
"The name of this film and the clips that I saw caused me to believe that this film would have excitement and interesting moments. I was disappointed. The desert sands were interesting but this film inched along at a snails pace. It started fine with an underground cave and something coming out but then tried to involve us with the lives of some very unlikeable human beings. As they found dead bodies, or should I say, skeletons with some flesh on them, they began a search for the reason why? At times it became somewhat different as something was following them in the desert. Some type of black ooze or something that would begin to eat the flesh of humans. As the flesh was munched upon, a bag of bones began to creep after the remaining humans. The reason for this black ooze as we find out was pretty bad, ants? Unbelieveable! Then the ending made no sense. I guess the motto of this film will be, when you have an itch and see an ant, quickly kill it before the ant's friends smell your flesh.",Negative
"Another comment about this film made it sound lousy. Given talking pictures were so new - I think the script and acting were good. Davis was so young and fresh. She had not yet found her own style that we had grown to expect. Yet it is great to see her this way - still learning the craft.<br /><br />So many clichés came from this film and it seems, this film blazed some trails for the next 70 years. My vote is see it and remember how young this type of film was. Keep and open mind and you maybe shocked at how troubled the characters were in this picture, for being 1934 and how we view the early part of last century as uptight.. I love it and hope you make up your own mind about it not influenced by others negative and one note comments.",Positive
"It seems like people are attracted to shows that showcase pathetic lives that have no purpose what-so-ever. To me i give my sincerity to NBC for their dire efforts to make new changes in television, making laugh track free shows. They seem to always find big success, like The Office. When I first started to watch it seemed to me that it could have potential to be a smash hit. But after a couple of episodes, I really felt like going to church and donating every penny in my entire bank to pathetic people showcased in these lowlife, poor, disgraceful areas. And the end where they show Earl and the brother in bed together, it just seems to me that this show is trying to show the bad side of life, like street beggars or people who struggle to pay the rent and have no sense of what the real world of normal people in society are like. I just seem to always be disgusted when I watch the filth the people in this show live in. It's like Venice Beach in California, beautiful but so many hobos. Believe me I'm no rich guy, middle class, and not a clean freak either, a bit sloppy, but it just seems to me that the show just can't seem to get off of all the gruesome, schmuck people out there who have one leg. I just wish that they would show a little more class, not all filth and poorness and trailers and just below average life, it just seems to depress me. To me this show is nothing more than a showcase of what not to do in life, what not to be. It also shows me that education is the most important thing you can have because apparently these two don't have an ounce of smarts. This is a schmuck-u-mentary.",Neutral
"I recently rented this film on DVD and thought it would be an interesting choice seeing as I am both from the north of England (Bradford), and also interested in film-making. However, it soon became apparent that this film seemed to lack a decent level of development script-wise. The characters were weak and often stereotyped and the story lacked substance. The subject matter could be an interesting basis for a film. However, the delivery of this appeared naive and unfocused. <br /><br />The ending felt as though it was casting judgement on the characters - punishing and rewarding where the filmmakers felt necessary. This felt a little awkward and silly, and seemed at odds with the 'realism' used in the style of shooting. For me, the film dealt with the characters and subject matter in a rather heavy handed and clumsy manner. It felt as though the writer had already decided how he wanted to end the story and set about crow-barring everything else in to fit it.<br /><br />Another point that I feel strongly about is the watered-down Ken Loach feel the film had. I get quite upset that UK film financiers can't see that there is more to British films than 'gritty realism'. It has become almost a safe option. Film is an infinitely wonderful playground for imaginative ideas and it is not being exploited by UK feature film producers. There is a lot of talent here in the UK. It's unfortunate that most of these individuals end up either making music videos and commercials 100% of the time or they go to America. <br /><br />Love + Hate would have worked better if it had been cut down to 30 or 60 minutes and appeared as a one-off TV drama.",Neutral
"I am probably a little too old for this movie, 16, and being a guy, the story is a little too girlie, but I really thought it was a cool movie overall. All the girls in this movie are so hot and really great actresses, from Alana, to Adrianne, to Deena, to Kimberly, all the way down to the cute girl that plays Alana's little sister, Rachel. I am not a huge pop-star fan with the lovesick songs, but I thought that Aaron Carter did a really great job in this, and seems like he was really into this movie, and made it seem real. My mom liked all the older farts that she grew up with, so that's cool too. I kept thinking that I liked a lot of the people, and wonder if I will see them again? A sequel would be cool. I rented this, but I might buy it too, since I have a ton of DVD's, and like to go back to see something that I missed. I couldn't buy it at Blockbuster though, so I don't know where I could buy it right now, but I'll look into that. Anyway, I am a 16 year old guy, I already said that, I know, but I would totally take a date to see this. It's really good for all ages, really. I think even my little half sister who is 6 could see this. That's what is so cool about it, that it is something that all ages can see. I'm sure that was done on purpose, but it really works. Girls can dream about being with Aaron Carter, and guys like me can dream about all the hot chicks in this movie. There is something for everyone.",Positive
"This was one of those films I probably never would have picked off the shelf , but it came on IFC one day and I said - Eric Stolz, William Forsythe...why not? If I'd changed the channel, I would have really missed a treasure. <br /><br />The subject is depressing - young author paralyzed in climbing accident convalesces in lower-class rehabilitation center. It would have been so easy and tempting to make this a manipulative tear-jerker. But, that doesn't happen because it was written by Neal Jimenez, after he himself was accidently paralyzed. No Hollywood happiness here. All of the patients in the ward come from wildly different backgrounds, but they share a feeling of helplessness, of being at the mercy of others. Stolz is very good as a ""lone wolf"" type, forced into embarrassing dependence on his girlfriend (Helen Hunt); Wesley Snipes is fine as a former ladies' man whose family is falling apart; but William Forsythe takes the cake as a tough guy determined to make someone pay for taking away his independence.<br /><br />See this film.",Neutral
"So many films are now in a Genre described as ""Comedy/Thriller"", as was this one. A fine cast, interesting premise, but what an unpleasant film to watch. Into Hemp films? Then either ""Saving Grace"" or ""Lock, Stock..."" are far more enjoyable films. Rating: Just 2 out of 10 Roach Clips",Negative
"I saw this movie in September with my mother. I was expecting a good movie, and I saw an excellent one. This is now my most treasured movie. It did not leave me after I left the theater. The situations in this movie reminded me of my late grandmother. Meryl Streep and Renee Zellweger were equally incredible. This movie has made me realize how important family relationships are. Rent it. I can't recommend it enough.",Positive
"My husband dragged me to this film as I had no interest in seeing some Anime cartoon. I was absolutely delighted by the simple story and amazing animation. In a digital world where effects are computer generated it was refreshing to see gorgeous, imaginative hand drawn animation. The world of Sosuke and Ponyo is a vivid fantasyland intermixed with minimal reality. I haven't seen animation like this since I was a child and it is wonderful to see it endure and succeed.<br /><br />The actors supplying the voices in the English version were fabulous. The length of the movie was PERFECT, especially for children who tend to get squirrelly in films. Overall a delightful experience worth the very expensive ticket prices we have nowadays.",Neutral
"Having recently seen Grindhouse, I was browsing in Video USA looking for some movies that might have played in real grindhouse theatres in downtown areas during the '70s. The Hong Kong action flick Five Fingers of Death seemed just such a picture. The cartoon-like sound effects and the quick jump cuts seemed a little distracting at first but after a while I was so involved in the story and the characters I didn't care. Parts of the music score sounded like the ""Ironside"" TV theme song that was subsequently used in Quentin Tarantino's Kill Bill movies. Some scenes involving the hero's fiancé seemed to border on parody but they were so brief that they didn't ruin the film. The most exciting parts involve the tournament and some revenge segments after that. Well worth seeing for kung fu fans!",Positive
"The plot of this movie is dangerously thin and the only ""star power"" if we can call it that consists of Joe Estevez. I don't know what is more shocking. The fact that this movie was made or the fact that some people actually gave good comments about it. If you ever see the cover of the video you'll be able to read them. Someone even went as far as saying that the actress/writer could be the leading lady of the 90's. Yeah! And Joe Estevez could have more money than his brother Martin. If you want to check it out anyways I highly recommend watching the MTS version of it. At least you'll laugh a lot without going insane.",Negative
"I am commenting on this miniseries from the perspective of someone who read the novel first. And from that perspective I can honestly say that while enjoyable, I can see why it hasn't been rebroadcast anytime recently. More specifically, this mini has some serious problems, such as:<br /><br />1) It is terribly miscast. The actors who played the younger generation were all 15 to 20 years older than the characters. Ali McGraw (45 at the time) was playing Natalie Jastrow who was supposed to be about 26. Jan-Michael Vincent (39 at the time) was playing Byron Henry who was supposed to be about 22. The other Henry children, and Pamela Tudsbury, were also played by actors way too old for characters who were supposed to be in their 20's.<br /><br />2) Some of the acting was absolutely awful. Ali McGraw at times almost made this mini unwatchable. I have seen more convincing performances in high school plays. <br /><br />3) The directing was poor. To be fair to Ali McGraw, the bad acting and character development were probably the directing. The portrayal of Hitler was way overdone. His character came off looking and behaving more like a cartoon villain than the charismatic, sometimes charming, but always diabolical genius Herman Wouk painted him as in the novel. Some of the other characters are done so stereotypically (Berel Jastrow) they do not gain the depth of character that Wouk created for them.<br /><br />4) This mini is very dated. The hokey music, the pretentious narration (it sounded like a junior high school history film narration), and the entire prime-time soap opera feel of the mini made it almost comical at times. Also, too often Byron and Natalie are costumed and made up to look like they are in 1979 rather than 1939.<br /><br />Someone who watches this without the benefit of reading the novel first will probably not sit through it all, because it will come off more as a late 70's / early 80's ""take myself too seriously"" prime-time soap drama, rather than the television version of what is certainly a modern American classic.<br /><br />Remakes of older movies and the like are sometimes poorly done, but this is probably one case where a creative and inspired director could make a very stunning, memorable, and critically acclaimed production. I don't ever see that happening since a remake would have to be just as long (15 hours) or longer to do it right, and given the short attention span of most of the current American viewing public, it wouldn't fly.",Negative
"This is an utterly forgettable picture. A friend of mine picked it up in a bargain bin at a local rental place for $.50. He should have demanded a refund. Or at least a discount.<br /><br />The plot is something like this: A giant monster threatens the earth and aliens decide that the most average human being on the planet must be chosen to save the earth. Thus a tiny holographic space alien appears before a postal worker and tells him that he's ""it.""<br /><br />The devil is in the details when it's time to rate a movie, and on that count Zarkorr! The Invader fails miserably. The monster Zarkorr only has a few brief moments on the screen, totaling maybe 5 minutes tops (with a generous estimate). The cute alien hologram has even less screen time and might be the most interesting character to look at, and only because she's wearing a ""teeny bopper"" stereotype outfit, complete with a teasingly short pleated skirt. The climactic final battle with the monster is over before you can say ""Whiskey Tango Foxtrot, over."" In the next moment you are left to ponder whether you've just experienced a train wreck or if someone just drained 3 pints of blood out of you.<br /><br />Admittedly though, this movie did deliver one line that my friends and I to this day still repeat and laugh at and was about the only bright spot in this otherwise abysmal picture. As the cast of ""protagonists"" is being ""interrogated"" by the fuzz, one of them responds to the questions with the statement ""What are you, some kind of a question asker?"" It is delivered in such a preposterous manner that if you're sitting with a group of friends (who won't be your friends long if you actually talked your friend into watching this) you may actually experience a howl or two of incredulous laughter.<br /><br />While this is no Manos or Eegah (It's not even bad enough to be classically bad) this movie will still bore you with its awful dialog, unimaginative characters, and nonexistent special effects and still deserves to inhabit the bottom 100.<br /><br />1.5/10",Negative
"A gem of a cartoon from the silent era---it was re-discovered by CARTOON NETWORK, and was broadcast for likely the first time in decades, if ever.<br /><br />What makes this so enjoyable are the varied cameos...Douglas Fairbanks is attacked by giant mosquitos; Will Hays pays a visit as 'boss' of Static Studios; as well as appearances by Chaplin, Keaton, and William S. Hart. The image of chewing gum decimating the shoes of the populace (a money-making idea for Felix's near-bankrupt shoe-=salesman boss) cannot be described--it must be viewed. A terrific cultural gem.",Positive
"As someone who has read all of Baroness Orczy's books and seen most of the movies based on them, I must say that the 1980's version, with Anthony Andrews and Jane Seymour, was better than this. It was better written and stuck more to the spirit of the story than this one, which seemed to go out of its way to involve people getting shot. This new adaptation is less light-hearted, yet does not have as much depth, either. Although there is some good acting, the actors did not have much to work with. Nice costumes, though.",Negative
I will divide my review into following 5 categories each accounting a maximum of 100%(if perfect) ________________________________________________________________ <br /><br />Visual Pleasure:[100%] This is extremely pleasing movie visually. I had a great time watching it. Golfing scenes are very well shot and the dramatic effects on the green were quite amazing. I also loved seeing the old wooden golf clubs and the bag.<br /><br />Director's Work:[70%] Bill Paxton is more associated to acting but this film shows he's got talent. Did a decent job.<br /><br />Acting:[90%] Shia LeBeouf was very good in his role of Francis Ouimet(this guy can ACT well). The rest of the cast was also good.<br /><br />Entertainment Value:[100%] I enjoyed every minute of it. It was overwhelmingly entertaining.<br /><br />Script:[91%] Based on a true story and therefore it makes the film that much more special. It was intriguing right from the start and loved every scene till the very end.<br /><br />__________________________________________________________________ <br /><br />My Advice: Definitely a MUST watch for all the Sports lovers especially Golf(You all will love it). Anyone who is looking for a nice entertaining movie and doesn't hate Sports can watch it. <br /><br />_____ <br /><br />10/10,Neutral
"This film is a nightmare! The sensation you feel when you wake up from a nightmare is the same I got when I finished watching this movie: ""UffOK, it ended, what a relief!"" I felt pain watching this movie, so bad it was! It's a B-series low cost movie, that's for sure, but I think it not an excuse to be so bad! I've watched brilliant low cost movies, with nice plots, nice production, nice acting, and most of all, some substance! This one got nothing of it! The plot is hilarious, it almost seems like an ""American guide about how to transform ancient Chinese mythology into a ridiculous teenage movie, with some kids playing with the occult"" I don't know if the Chinese tale present in this movie is real or not, but if it is, the ""damage"" is even worse! The production is just horrible, a plain zero (What ""special effects"" are those?). There's no suspense. The supposed ""tension scenes"" are a complete failure. The acting is not better; and what about the dialogs? Oh my God! A movie which has for several times dialogs just like: ""I will pass there later, OK? Is that alright?  OK, alright. - OK?  OK, alright, bye then"" I'm sure it doesn't deserve more than a 1/10 score!<br /><br />Too bad to be true!",Neutral
"I wholeheartedly disagree with the other viewers of this wretched film. The only reason why I didn't rate it 1 for awful was due to the great talent of Carmen Miranda. The beginning and end are the best parents due to her gifted singing and dancing.<br /><br />The problem is with the rest of the picture. Alice Faye comes off quite hollow. Don Ameche has a great singing voice but with the wretched writing material, he comes off so terribly corny.<br /><br />The plot is a real stiff here with Ameche assuming two parts as a song and dance man and a baron not happily married to Faye.<br /><br />It seems that by playing the song and dance man, Ameche's marriage gets a second change to reignite. Some silly nonsense about the baron having to clear up business and being away allows him to play both parts.<br /><br />S.Z. Sakal is given little to do here and so his comedic gifts are not given the opportunity to shine. Ditto for J. Carrol Naish who actually appears uncomfortable in his role.<br /><br />This is a chica chica boom bomb of a film.",Negative
"This is one of my favourite movies EVER... I have seen it about a million times and would never turn down the opportunity to watch it again. In fact, I love it so much that I REALLY wanted to check out the resort where it was filmed on my upcoming vacation... does anyone know the name of it? If so, please email me!!! I watched this movie for the first time when it was first released and I was about Nikki's age and for the longest time I bugged my dad to take me to away somewhere because of course I expected the same thing to happen to me! It's just such an amazing setting and such a cute puppy-love story. This is a definite DVD collector's must!",Positive
"I saw the movie as a child when it was released in the theater and it was so bad that it became the makings of a family joke. If the ranking had a zero, this movie would get it. The dinosaurs were awful. The storyline was ridiculous. The acting really doesn't qualify to be called acting. The only reason I even remember the name of the movie so well is because my family still talks about how BAD it really was.",Negative
"Sure, it was cheesy and nonsensical and at times corny, but at least the filmmakers didn't try. While most TV movies border on the brink of mediocrity, this film actually has some redeeming qualities to it. The cinematography was pretty good for a TV film, and Viggo Mortensen displays shades of Aragorn in a film about a man who played by his own rules. Most of the flashback sequences were kind of cheesy, but the scene with the mountain lion was intense. I was kind of annoyed by Jason Priestly's role in the film as a rebellious shock-jock, but then again, it's a TV MOVIE! Despite all of the good things, the soundtrack was atrocious. However, it was nice to see Tucson, Arizona prominently featured in the film.",Positive
"I'm sure the film contains certain gaps in logic, but I was so enthralled by it that I really didn't care. The movie plays out like a fun, lighthearted teen romp combined with a Schwarzenegger-type action flick. It's packed with action, packed with excitement and has some humorous moments as well. Sean Astin is fun to watch, and I haven't seen Louis Gossett, Jr. since I saw ""Diggstown"" in theaters. He is a fine, underrated actor and I love watching him on screen. I just wonder what he's doing now. Unfortunately, he might be starring in a lot of those direct-to-video flicks. Hopefully, my assumption is wrong. Anyway, this is a fun, edge-of-your-seat thriller and I definitely suggest you check it out. <br /><br />My score: 7 (out of 10)",Neutral
"This movie really starts strong. We know that Roberts is an Atlanta hotshot sent to Australia to fix Coke's marketing problems. We also know he is an eccentric genius. Roberts' fine acting convinces us of this rather quickly.<br /><br />Unfortunately, the plot is so flimsy, that whatever fine character development has been achieved, it is negated by voids, inconsistencies, and downright boring film sequences.<br /><br />Usually, I am a sucker for bold and far out plots. Examples which I am fond of include, ""Dark Star,"" ""O.C. & Stiggs,"" and ""Popeye."" Coupled with the fact that I must admit that this film was well acted, it surprises even myself that I cannot recommend this film.<br /><br />The utter breakdown in this movie occurs about midway through the film. All comedy is instantly lost and the film turns dark. Afterwards, the film plods along. The film's attempt to get the comedy rolling again is not successful. More surprises await the viewer and they are darker still.<br /><br />To be sure, mixing drama with comedy can be a formula for success. However, with this movie, the result is about as successful as ""new coke.""",Neutral
"the guy who wrote, directed and stared in this shocking piece of trash should really consider a carer change. Yes Rob Stefaniuk, i mean you! Seriously, who funded this crap? there are so many talented writers out there whom money could be better spent on. I think the idea is great but the acting, script and directing is just plain awful! The jokes are so not funny, I understand that they are supposed to be taking the mickey. BUT do it with style, this movie is screaming 1995 Saturday night live skits. Why, I say again why do studios give money to hacks like Rob Stefaniuk - NEVER GIVE A COMEDIAN THE Opportunity TO WRITE DIRECT AND STAR IN HIS OWN MOVIE. DUH!",Negative
"Mas Oyama was the most successful karate master of the late 20th century. He rejected the ""training"" of the karate clubs of the time focusing on an intense no holds form of training. He eventually built his system into a huge business empire with hundreds of schools across the world, without compromising his teachings. The testing in the Kyokushin schools are still some of the most physically challenging tests any martial art school requires. One non- physical hardship Oyama faced was prejudice due to his Korean ancestry and he spent time proving that loyalties were to Japan and Japanese Karate. This movie series was part of that effort although anyone who had the chance to meet Oyama (I did) would never question his allegiance to Japan. In this series, Oyama's most famous student, Sonny Chiba, is called upon to portray his master.<br /><br />Oyama arrives from the countryside where he has been training alone. He challenges and makes short work of the established Karate schools he encounters. Disgusted by the state of karate, Oyama returns to his lone training. He eventually picks up a student, falls in love and gets in the way of gangsters who are allied with the established karate schools. In the middle of this is the legendary bullfight with a mad bull. How much of the film is true is questionable.<br /><br />That Oyama could kill a bull with his bare hands is true. He was called on to repeat this feat numerous times. There are filmed instances of Oyama actually doing this, although sometimes the bulls seemed to be tethered as Oyama was getting on in years. Sonny Chiba portrays his master with conviction and the karate is quite good. Chiba may not have been the best karate practitioner but, at this point in time, he was certainly above average. <br /><br />As a whole the movie is good, much better then most martial art films in the drama department. I always wondered why it's not more well known. Possibly it the very realistic depictions of martial arts. People are shown getting tired and hurt unlike 99% of action film where the hero is a limitless fountain of energy and each blow instantly dispatches an opponent to death. Chiba seems so exhausted at one point that it hurts to watch. Perhaps viewers rather not have their entertainment reflect reality so closely.<br /><br />Recommended especially for martial artists.",Neutral
"This one is considered a key Pre-Code film  from the director who later made the musical biopic THE JOLSON STORY (1946), but also the paranoid sci-fi INVASION U.S.A. (1952)!  and features one of Barbara Stanwyck's best early roles.<br /><br />She's supported by a fine cast which includes popular actors and valued character performers of the day  George Brent, Douglass Dumbrille, Edward van Sloan, Nat Pendleton and John Wayne (at one point addressing Stanwyck with the titular nickname, derived from a popular song which is heard constantly throughout) in the former category and, in the latter, Robert Barrat (as Stanwyck's father), Donald Cook (as her most tragic conquest), Alphonse Ethier (as her elderly mentor  more on this later), Arthur Hohl (as a lecherous politician) and Henry Kolker (as Cook's boss and father-in-law, whom Stanwyck also seduces). Curiously, scenes in which Walter Brennan appeared were subsequently deleted at his own request when the film ran into trouble with the censors!<br /><br />Abetted by crackling i.e. typically hard-boiled dialogue and realistic Anton Grot sets, the narrative contains unexpected overtones of Nietzschean philosophy fed to our small-town heroine by the intellectual Ethier (Stanwyck complains to him early on that she's no ""ball of fire"" which, of course, contradicts her later comedy  directed by Howard Hawks and co-starring Gary Cooper  of that name!). Under Ethier's auspices, she quickly blooms into an essentially heartless character determined that nothing shall stand in her path to success; the symbolic depiction of her rise in stature at the New York firm she's eventually employed with is reminiscent of a similarly sardonic one  relating to an ambitious statesman's lust for power  in Sergei Eisenstein's October (1927)! Sociologically, it's also interesting that Stanwyck is constantly seen sticking her neck out for her black maid/companion.<br /><br />The first two-thirds of the film are simply terrific; at first, I found the latter stages somewhat disappointing  because I was expecting to see Stanwyck get her comeuppance by falling for the belatedly-introduced George Brent character while he ignores herbut, just like the others, he's soon under her spell! On second viewing, however, this aspect felt less jarring  as it's evident that Stanwyck has been affected by the two deaths her selfish behavior has caused, and that her tenure in Paris has softened her (even if she tries to cling to her hard-earned wealth for as long as it's possible).<br /><br />Released on DVD by Warners as part of their FORBIDDEN Hollywood VOLUME 1 COLLECTION, the film is presented in two strikingly different edits  a recently unearthed Pre-Release version and the tamer Theatrical Release print. Among the considerable footage cut from the latter is dialogue pertaining to Stanwyck's life as a tramp from the age of 14 (though it's heard in the accompanying trailer!), while many other scenes have been shortened (i.e. censored for content): the violent fisticuff which develops between Stanwyck and Hohl after she resists his advances; the seduction at the railroad car; the scene in which Dumbrille is surprised with Stanwyck by Cook; the shooting, followed by a suicide (only shots are heard in the shorter version); Stanwyck thinking about her conquests while the phonograph is playing (again, only Brent appears in the version released to theaters), etc. Tha latter, then, utilizes alternate takes for some scenes  and includes an establishing shot of the city which is missing from the longer version; however, we also get an obviously tacked-on happy ending (the Pre-Release version concludes abruptly on a very effective open-ended note) and an equally unconvincing cautionary letter sent by Ethier to Stanwyck in New York which, basically, has the function of substituting all references to Nietzsche!",Positive
"A black guy fights ..... and supposedly wins .... yeah ... 1/10. Obviously fiction.<br /><br />So we're presented with a damm nice title, a real nice tag line and even a nice plot line .. Thats about it, thats where it ends.. We move into fiction after that.<br /><br />Michael Jai White, the black guy so don't get confused with the name.. portrays a black guy.. Umm, thats all there is to the name..<br /><br />Its so hard to find decent help, must have hired the black guys friends to help cause the low budget, low ineptness of this movie, has the camera's shadow trailing the first scenes.... Yeah obvious idiot moment for the average guy like you and me.. but yeah...<br /><br />10 lines. review submitted,. if you paid to see this movie, you got screwed.",Negative
This movie is a real waste of time and effort. The film lacks plot and depth. The visuals are decent but nothing to write home about. There are far better films out there.,Neutral
"I watched this movie and the original Carlitos Way back to back. The difference between the two is disgusting. Now i know that people are going to say that the prequel was made on a small budget but that never had anything to do with a bad script. Now maybe it's just me, but i always thought that a prequel was made to go set up the other movie, starring key characters and maybe filling in a bit about life that we didn't know. Rise to Power is just a movie that has Carlito's name. There should have been at least a few characters from the original movie, the ending makes no sense in relation to the original. In the end of this movie he retires with his sweet heart but how the hell do we get him coming out of prison in the next movie? And his woman isn't even the same woman that he talks about as his only love in the original. I would say the movie is mildly entertaining in its self, with a few decent bits but it pales when held up to it's big brother. Don't lay awake at night waiting to see this, watch the original one more time if you really need a hit.",Negative
"The most bizarre of the cinematic sub-genres is the so called ""The Great Ladies of the Grand Guignol"": camp horror films which combined over-the-top melodrama with gothic thrills and always starred by seasoned and almost forgotten actress from hollywood golden age in unflattering roles of either long suffering victims or screeching evil harpies. This genre provided them with an unusual acting showcase that allowed strut their stuff on the screen once again and win new generations of fans at expense of their glamorous images from yesterday.<br /><br />""What's the matter with Helen"" is the last drop of this sub-genre with stunning performances of both Debbie Reynolds and Shelley Winters as the troubled mothers of two convicted criminals who run away from their past to the sunny California in the 1930s to open a talent school to milk out the eagerly mothers who want their daughters to be the next Shirley Temple. In California, Debbie gets happiness, clients, tango, tap dancing and a new love interest (Dennis Weaver meanwhile Shelley gets wacko with horrible flashbacks, menacing anonymous calls, menacing strangers, menacing Agnes Moorehead as a radio evangelist, cute little rabbits (!) and an unfortunate encounter with an electric fan (ouch!).<br /><br />The sloppy script (penned by Henry Farrell, the man who started all this genre with ""Whatever Happened to Baby Jane"" along with master director Robert Aldrich, Joan Crawford and Bette Davis) is full of plot holes, red herrings and wasted opportunities that could had made this movie great: the underlying themes of twisted motherhood (with Debbie and Shelley's characters as ""failed mothers"" and the overbearing mommies of the child stars) and obsessive female bonding (Debbie and Shelley relationship and the fact that the few male characters of this movie are either sinister or sleazy even Dennis Weaver dream boat Texan) are wasted. Instead we get Debbie Reynolds musicals interludes and dancing tots, although fun to watch take too much screen time of what is supposedly to be a psychological chiller. But still this movie is highly entertaining. The two stars and Curtis Harrington stylish direction easily overcomes its flaws. The movie recreation of the 1930's is colorful and elegant (look at Debbie's clothes!) made with a very tight budget. The increasing atmosphere of madness and hysteria is genuinely creepy with a shocking finale that will haunt you for days. And you wouldn't easily forget that silly ""Goody, goody"" song that runs through the movie either. And seeing an increasingly mad Shelley Winters screw every one of Debbie Reynolds' chances at happiness is a hoot to watch!<br /><br />8 out of 10.",Positive
"Hey, it's only TV. Sure, it's STAR TREK, the most beloved bla bla, and this is a great one, but it's all relative. What it boils down to is a guy in elf ears grooving with a swatch of pizza-colored shag rug.<br /><br />There's a kind of THIRD MAN noirishness to the tunnel hunt, and it's creepier than many episodes of what is after all one of the better TV shows. The suspense is actually suspenseful. The peril really feels perilous. As a little kid I think I cried when Spock told me that this hideous creature was as sad, scared and horrified as the people it was eating. This was one of my early lessons in empathy, a lesson reinforced by the EMPATH episode which was, if less thrilling, even more melancholy.<br /><br />What bothered me when I was five was that this thing, which looks like meat and tomato barf, somehow actually consists more or less of rock. Now that kind of choice might seem visionary, a hippie designer's idea of through-the-looking-glass one-universism, but it might also just smack of the drug era.",Positive
"When I watched this film the first time, it was a taped copy and the title was/is Caged Terror. I still own the tape, and I confess, I've watched it more than once from beginning to end! The film is extremely low budget and the dialogue is often unintentionally amusing! I have gotten a few of my friends to watch this and we've had some great laughs from the terrible script. The film concerns a couple, (remember this is like early 70's so they are just too hip man!) who go on a week-end camping trip in what I believe was supposed to be upstate NY. They have some hilarious dialogue after catching and eating a fish and the girl bemoans the death of the fish and that they ate it! The guy comes back with something goofy about how they ate the fish and now it was a part of them, and he goes; ""And that's beautiful man!"" Heavy man, really heavy! LOL! Anyway, along come a couple of Vietnam vets, one of who plays the flute, I believe. (At any rate they are musical fellows!) The guys are clearly attracted to the girl and when the couple prove unfriendly, they end up terrorizing them during the night. The guy ends up caged in a chicken coop, and has to watch his girl friend being ravished by the two guys. Actually, by the end of the night, she seems to be pretty into it, and when morning comes, the guys leave and the girl and guy are free to leave. Supposedly the guy has learned a lesson about how to treat people, and the girl has a smile on her face! :) Anyway, I would recommend this film highly to anyone looking for a damn good laugh! It never fails to amuse me anyway! If I could find this on DVD and replace my old tape copy, I'd actually buy it again, it's classic camp! You gotta love this stuff!",Positive
"Still the definitive program about the Second World War, The World At War isn't just long, but also very informative. The series contains 26 episodes (each episode lasts for about 45 min.), and includes the events leading up to and following in the wake of the war. Most episodes are about the war in Europe, and there are several episodes about the war in the Pacific. Other episodes include information about the wars in Africa, Burma, the Atlantic and the home fronts of Germany, Great Britain, United States and Soviet Union. There is one episode that's dedicated to the Holocaust. The series starts off with the episode A New Germany (1933-1939), and tells about the rise of the Nazis in Germany and German territorial gains prior to the outbreak of war. The series ends with the episode Remember; the war's influence in a post-war world. Remember is a fitting episode to end this great program. Every episode begins with a short introduction and then with opening credits. The credits are accompanied by a powerful music theme. There are many fitting music pieces throughout the series. Each episode is like a mini-film. The footage is fantastic, and so is the way it was put together. In addition, some of the footage is in color. The information included also makes the episodes memorable and entertaining.<br /><br />The series was produced by Jeremy Isaacs for Thames Television (UK). Commissioned in 1969, it took four years to produce, such was the depth of its research. The series was narrated by Laurence Olivier (one of the most famous and revered actors of the 20th century). The series interviewed leading members of the Allied and Axis campaigns, including eyewitness accounts by civilians, enlisted men, officers and politicians, amongst them Albert Speer, Karl Donitz, Jimmy Stewart, Bill Mauldin, Curtis LeMay, Lord Mountbatten, Alger Hiss, Toshikazu Kase, Arthur Harris, Charles Sweeney, Paul Tibbets, Traudl Junge and historian Stephen Ambrose. Jeremy Isaacs says in ""The Making of The World at War"" that he sought to interview, not necessarily the surviving big names, but their aides and assistants. The most difficult subject to locate and persuade to be interviewed, according to Isaacs, was Heinrich Himmler's adjutant, Karl Wolff. The latter admitted to witnessing a large-scale execution in Himmler's presence.<br /><br />The World At War is often considered to be the definitive television history of the Second World War. Some consider it the finest example of the documentary form. In a list of the 100 Greatest British Television Programmes drawn up by the British Film Institute in 2000, voted for by industry professionals, The World at War ranked 19th. The program has everything that the viewer needs to know about the war. After watching a few episodes I liked the series so much that I tried to watch the remaining episodes one after the other. I've seen some of them several times. There are two other great documentary series that I know of that may be of interest to the viewer. One is called The Great War (1964) that's about World War I. The other is called Cold War (1998) that's about the Cold War obviously.",Neutral
"I rented this movie for a few laughs. I had never seen the SNL skit, but with hits like Tommy Boy, and Waynes World, it couldn't have been that bad, could it? The answer: it was. This movie hardly was a means of relaxing after a hard day at work. I just kept waiting for a plotline and a funny part, but there wasn't any. The highlight was tiffany amber thieson, and thats just about it.",Negative
"just watched it, me and my better half could not believe how awful and badly acted it was. If anyone else thinks its good then you must be easily pleased. I actually gave up a night out to watch this, its all been done before. IE. hostel springs to mind, but at least that did not make you cringe with the bad acting and lack of story line, same old stuff, re-hatched,i read so much about this film, i even recommended it to my mates, my fault,someone said it was good! no more gory,horror or reeling back in disgust than your average ""scary movie"" it has to be said, please don't bother with this movie. get mary poppins. now thats scary! I'm off out now, go to the cinema and watch something scarier than this, little miss sunshine maybe",Neutral
"This is an excellent film. No, it's not Mel Gibson in ""Braveheart,"" but then, it's not trying to be. Actually, ""The Emperor and the Assassin"" probably has (thankfully) more in common with a Shakespearean production than a Hollywood blockbuster.<br /><br />In the third century BC, the King of Qin is attempting to unite (in other words ""conquer"") the seven kingdoms of China. He has already overthrown the Kingdom of Han. Now he needs an excuse to invade the Kingdom of Yan.<br /><br />This is where the Lady Zhao comes in. She and the King have been friends since childhood. They are obviously very much in love, but cannot marry for political reasons. Together they devise a plot. She will pretend to have fallen into disfavor with the King and escape to Yan. Once there she will convince the Prince of Yan to send an assassin back to kill the King. When the assassination fails, the King will have his excuse to invade Yan.<br /><br />Once in Yan, however, Lady Zhao begins to reconsider. Hearing and seeing more and more examples of her old childhood friend's ruthlessness, she begins to wonder if the King may need to be assassinated for real.<br /><br />One sure sign that you're not watching a Hollywood production is the final encounter between the King and the assassin. Unlike a Hollywood movie where the hero and villain are clearly defined and the final outcome already predetermined, this is a fight that could truly go either way.<br /><br />This is a well crafted and well acted story of a tumultuous time in Chinese history. There is a mixture of both incredible beauty and incredible ugliness. Most beautiful of all, however, is Gong Li as the Lady Zhao. I grow more and more convinced every time I see her that Gong Li is the most beautiful woman in the world.<br /><br />I must say, however, that she does have one unintentionally funny line in this film. Early on Gong Li asks one of her servants ""Do I have a beautiful face?""<br /><br />Duh!!!",Neutral
"Tonight's film course film was The Legend of the Suram Fortress and during its 87 minute running time it managed to quickly jump into my top five most difficult films of all time. That's difficult to watch; films so different to everything else that you're seeing something totally alien. A brief synopsis would be: a group of Georgians are trying to build a fortress to defend themselves from invaders, but every time they are about to put on the finishing touches, for no readily apparent reasons it collapses. So they go and see a fortune teller who advises them that if they want to get the fortress to stay standing, they need to find a youth, a tall blonde blue eyed boy to be buried into one of the walls during the construction and his presence will ensure that the construction job will be completed smoothly. And sure enough in those closing moments there he is gladly being smeared in cement and eggs, giggling as he's buried alive, with only his mother to grieve.<br /><br />It actually a fairly simple story. But the director, Sergo Paradjanov, working in Soviet Georgia in 1984, not too long after leaving a fifteen year jail term, doesn't follow any of the film making rules we are used to. There are very few close ups. Very often the action we need to be following is hidden in the bottom left hand corner of a landscape shot, extra-ordinarily easy to miss. There are very few close ups and at times its hard to tell whose doing what to whom and why. Every now and then the film goes off on digressions which have no relevance to the main plot and generally serve to confuse the viewer. The music is utterly mad, with found sounds, on screen instruments and church organ dropped in seemingly at random. At times when nothing seems to be happening, someone will break into a jig, almost playing time until the next scene comes along. But infuriatingly there is an obvious cinematic voice behind it all so you're compelled to try and understand the message whatever it is. One of those times when your eyes are glued to the screen simply because you can't believe what you're seeing.",Negative
"So fortunate were we to see this fantastic film at the Palm Springs International Film festival. Upon entering the theater we were handed a small opinion card that would be used for our personal rating of the film. Looking at the card I turned to my wife and said, ""How many movies in your life do you think you can rate as superb? Only about 5 for me."" But then watching the interaction between Peter Falk and Paul Reiser while viewing the spectacular scenery in the film's setting of New York state, I slowly starting bumping the movie up a category at a time. Certainly it was good but the totally natural repoire of the actors and an award winning performance by a man who will unfortunately probably be remembered for a raincoat wearing detective rather than this film, the movie jumped to the excellent level.<br /><br />By the end of the film there were few dry eyes in the house and my usually stoic and callous heart melted just like the Grinch's and I ended up giving this a superb.<br /><br />This picture is a must for anyone who has parents. No violence or nudity but some strong language.",Positive
"You could stage a version of Charles Dickens' ""A Christmas Carol"" with sock puppets and I'll probably watch it. Ever since I was a child, this has been one of my favorite stories. Maybe it's the idea that there is good in everyone, and that therefore no one is beyond redemption, that appeals to me, but for whatever reason I never miss an opportunity to watch one of the many screen adaptations of this timeless classic when they're on TV as they inevitably are this time of year.<br /><br />What makes this version really stand out is the somber gravitas that the cast bring to their respective roles. Lines we've heard dozens of times in the past take on a whole new intensity, and each character becomes more real and believable in the hands of this wonderful ensemble.<br /><br />George C. Scott was nominated for an Emmy in 1985 for this role. It is to his everlasting credit that rather than sleepwalking through this oft-portrayed role of Scrooge, he instead gave it a fresh interpretation that was, in my opinion, one of his finest performances ever. He wisely did not attempt a British accent, instead delivering his lines in that famous gravelly voice. His Scrooge is not merely a cranky old man (as he is so often portrayed), but a man who harbors a profound anger against the world. As he is visited in turn by each of the Three Spirits, we understand how this anger took root, grew, and ultimately strangled his soul. As he is forced to review his life, we see him alternately softening, and then relapsing again into unrepentant obstinacy. And in the great dramatic scene when he, kneeling and weeping at his own grave, begs for mercy as he attempts to convince the third spirit of his repentance and desire to alter his life, we see a man who has been utterly broken and brought to his knees literally and figuratively. Scott has made Scrooge utterly believable and painfully human.<br /><br />Impressive as Scott's performance is, the ensemble of supporting actors contributes significantly the this version's dark beauty. Fred Holywell, Scrooge's nephew, is an excellent example of this. Often portrayed as an affable buffoon, here he is played by Roger Rees with an emotional intensity missing from earlier portrayals. When he implores Scrooge, ""I ask nothing of you. I want nothing from you. Why can't we be friends?"", we see in his face not only his frustration, but his pain at Scrooge's self-imposed separation from his only living relative. It is a moving performance, and one of the movie's most dramatic scenes.<br /><br />Even more magnificent is the performance given by the wonderful English actor Frank Finlay as Scrooge's late partner, Jacob Marley. In most versions of this tale, the scene with Marley tends to be a bit of a low point in the film, simply because it's difficult to portray a dead man convincingly, and the results are usually just plain silly (ooooh, look, it's a scary ghost.......not!) In this version, it is perhaps the most riveting scene in the whole movie. Marley's entrance, as the locks on Scrooge's door fly open of their own accord and the sound of chains rattling echo throughout the house, is wonderfully creepy. But Finlay's Marley is no ethereal spirit. He is a tortured soul, inspiring both horror and pity. Marley may be a ghost, but his rage and regret over a life wasted on the pursuit of wealth, and his despair at his realization that his sins are now beyond redress, are still very human. As portrayed by Finlay, we have no problem believing that even the flinty Scrooge would be shaken by this nightmarish apparition. Finlay really steals the scene here, something not easy to do when you're opposite George C. Scott.<br /><br />And it just goes on and on, one remarkable performance after another, making it seem like you're experiencing this story for the first time. Edward Woodward (remember him from the Equalizer?) is by turns both jovial and menacing as the Ghost of Christmas Present. When he delivers the famous line, ""it may well be that in the sight of Heaven you are more worthless and less fit to live than MILLIONS like this poor man's child"" he is no longer a jolly Santa Claus surrogate, but an avenging angel who gives Scrooge a much needed verbal spanking.<br /><br />Susannah York is a wonderfully tart tongued Mrs. Cratchit, and David Warner brings marvelous depth to the long suffering Bob Cratchit, a man who goes through life bearing the triple crosses of poverty, a sick child, and an insufferable boss. His face alternately shows his cheerful courage, and also, at times, his weariness, in the face of intolerable circumstances. Later, in the scene in which Scrooge is shown by the Ghost of Christmas Yet to Come the Cratchit family after the death of Tiny Tim, Warner's performance, while hardly uttering a word, will move you to tears.",Positive
"I am a sucker for films like this. Films that take you back and let you relive your childhood. I'm a grown up now and have many grown up responsibilities like a mortgage, kids, dogs, a wife and a slew of others. I enjoy my life but it is not as innocent and carefree like it was when I was twelve. Mike Binder's Indian Summer knows this and explores this like he was twelve years old. It brings you back to a time when life was simpler and much more fun. It brings you back to a time when worrying about your first kiss and wondering if you could finish the camp marathon were important issues. Indian Summer is a fantastic film and it is one that should be watched at least once a year just so you can sit back and laugh...and reminisce.<br /><br />The film stars Kevin Pollak, Bill Paxton, Diane Lane and Matt Craven (to name a few) as childhood friends that are being summoned back to Camp Tamakwa by their former Head Camp Counsellor, Uncle Lou. Uncle Lou is played perfectly by Alan Arkin. He is kind of guy who is the patriarch of the group. He is also all knowing and encompasses the true spirit of a father figure and someone who understands the simple things in life. He has a hard time relating to today's kids that need a walkman blaring in their ears when they are at a place of immense beauty like Tamakwa. This is a camp that has moose wandering through the camp, leaves turning colours that God gave them and water for as far as the eye can see. Uncle Lou yearns for the days of old and asks his former campers back to the camp to see one of them will take over the camp. While they are all together again, we get to see their trials and tribulations and perhaps a new love could spring between them.<br /><br />As the adults return to the camp, it isn't long before they act like kids again as the typical camp pranks get played all over again. They take toilet paper out of the stalls, the put toothpaste on sleeping bags and so on. All of this is done hilariously and with actors like Pollak and Paxton, it is all very funny stuff.<br /><br />But beyond the hilarity, we get to explore some very real adult emotion that anyone can relate to. In one of my favourite scenes, Kevin Pollak and Elizabeth Perkins are overlooking a bay where they used to go canoing as kids. Pollak can't get over how small it all looks and Perkins finally tells him that the bay didn't get smaller, they just got bigger. It doesn't hammer the point home, but it does it subtly. We all grow up, we all move on and we all unfortunately can't live like we did 20 years ago. The more things change, the more they stay the same.<br /><br />Indian Summer is a character driven film and it is written beautifully by Mike Binder who actually did attend Camp Camp Tamakwa, (as did Sam Raimi, who played Stick in the film) and it is his fond and vivid memories of his experiences that fuel the film. There are many touching scenes and there are many hilarious ones also. Both are perfect.<br /><br />I love this film. I love everything about it and it is a true hidden gem.<br /><br />10/10",Positive
"Bears about as much resemblance to Dean Koontz's novel as Jessica Simpson does to a rocket scientist. If you've read the book, I suggest you put it as far out of your mind as possible before watching the movie.<br /><br />Watchers is your typical ""Boy meets dog, dog turns out to be super-intelligent government lab experiment, dog and boy are pursued by super-intelligent and emotionally disturbed monster created by same lab, and, oh yeah, did I mention the shady government agents pursuing the monster pursuing the dog?"" movie.<br /><br />Corey Haim is the boy, Barbara Williams is his mother, Michael Ironside is one of the evil government guys, and Sandy the dog is, well, the dog (named Furface here; Einstein in the book).<br /><br />The monster effects are ridiculously cheesy, much of the dialogue is laughable, the script rarely makes sense or is believable - a good example is Haim's character's unquestioning acceptance of the dog's intelligence, as if every Fido off the street can type messages on a computer keyboard or bark once for yes and twice for no! Hmm, it's gotta be the puppy chow, right? Haim's performance is enthusiastic but shaky, as he carries off the stupid dialogue with the least amount of skill. Ironside has been the highlight of many a bad movie, and this is no exception. He easily gives the best performance of the movie, although I'm compelled to add that the dog (who's a pretty darn good actor himself!) comes in a close second.<br /><br />All in all, an atrociously dumb movie, and yet . . . And yet I watched it three times within a week. And yet I can't help liking it. Hey, what can I say, I have a taste for junk - and Michael Ironside (not that I've ever actually tasted Michael Ironside- I'm sure there are laws against that). But any movie that can make me laugh that hard (yes, even unintentionally) can't be all bad. Chalk it up to a guilty pleasure, a ""yes I know it's insultingly stupid but I like it anyway"" movie.<br /><br />It's tough for me to rate this. On a normal scale I'm forced to give it a D-, but on my own personal cheese scale, it gets bumped up to an A-.<br /><br />Yeah, I know. I'm weird like that.",Positive
"I know no one cares, but I do. This film is historic for one reason. It is the unity of two heroes from two great seventies sci-fi films. Well, one is great, and one is quite bad. The great one is truly great, in fact it's the best. The bad one is truly bad, in fact it's the worst. Of course of the great I refer to ""Star Wars"" and it's star Mark Hamill, aka ""Luke Skywalker"", who is the hero of this film about a kid who gets his Vette swiped and then goes to Vegas (on a lead) and after a whole lot of adventures, eventually recovers it. (Since he's into fixing cars I guess you can call him ""Lube Skywalker""). Along the way he meets a hooker with a heart of gold, and ends up facing off with a character played by Kim Milford, the hero from the seventies sci-fi cult film ""Laserblast"", which is, as I've hinted at earlier, the worst sci-fi film ever made. Milford plays the lead baddie whom Hamill must steal his car back from. I realize that no one cares about this meeting of two great sci-fi heroes, but I do. And I also must say that this is one of the best/worst movies of all time. Mark Hamill's acting needs the force, the plot needs extensive Jedi training, and the character of the hooker played by Annie Potts just might be the most annoying character of all time, ever, in any film I've ever seen. But it's a fun movie to watch on a weekend day, or a weekday night, late at night, very late. It's one of those films that meanders, looking for something but without quite finding it and yet, at the same time, it's entire purpose is, like free-form jazz, to simply exist as is. And it does. And what is, isn't that great, but you can't say it isn't entertaining, because for an hour and a half you might feel ripped off, but you won't feel cheated. So turn off your mind, relax, and enjoy this muddled gem without any expectations, and may the force be with you, always.",Negative
"When i got this movie free from my job, along with three other similar movies.. I watched then with very low expectations. Now this movie isn't bad per se. You get what you pay for. It is a tale of love, betrayal, lies, sex, scandal, everything you want in a movie. Definitely not a Hollywood blockbuster, but for cheap thrills it is not that bad. I would probably never watch this movie again. In a nutshell this is the kind of movie that you would see either very late at night on a local television station that is just wanting to take up some time, or you would see it on a Sunday afternoon on a local television station that is trying to take up some time. Despite the bad acting, cliché lines, and sub par camera work. I didn't have the desire to turn off the movie and pretend like it never popped into my DVD player. The story has been done many times in many movies. This one is no different, no better, no worse. <br /><br />Just your average movie.",Neutral
"May I please have my $13.00 back? I would have rather watched ""Hydro- Electric Power Comes to North America"". Again. This is a movie with one voice. The same voice, which comes out of every characters mouth regardless of age or gender. To listen to that voice again I would have to charge at least $150 an hour. And I don't take insurance. It was eerie watching Will Ferrell morph into Woody. But I don't think imaginative casting is enough. One should wait until they have a story before they bother making a movie. Unless he's just doing it for the money. And if that's the case why not just reissue an All-Rap version of ""What's up Tiger Lily?""",Negative
"Something I really love about this woman's short films was the elusiveness of theme -- especially in ""Living with Happiness."" This film has some nice beginnings -- unusual location and the potential for a strange cinematic treatment, but fails to succeed with clunky expositional dialogue, patchy performances and very television coverage.<br /><br />It's once again charming television and very ordinary cinema. The ideas are so fleshed out that they almost feel pat like a television commercial. But the sentiment is good so we can't complain too much.<br /><br />I really would love to see this director make a full length animation and try and work with a producer who doesn't demand so much boring clarity.",Neutral
"Not really spoilers in my opinion, but I wanted to cover myself, nevertheless. As the executive producer, Morgan Freeman wants the audience to ignore the numerous absurdities of his character in 10 Items Or Less, a movie with an intentional indie-feel, and just be absorbed in the mentor/be-all-that-you-can-be theme. He plays a alternate universe, semi-washed up version of the real Morgan Freeman, who is chauffeured in an old Econovan by a kid all the way into Carson, CA from Brentwood to research his next movie role. Why Carson, is a mystery to So. Cal residents. He could have saved the trip and gone anywhere in the San Fernando Valley and found the same elements. Paz Vega is pretty to watch, a cross between Salma Hayek and Penelope Cruz, playing a disgruntled grocery checker at a large but slow local market that apparently is the ultimate source for Moragn Freeman's research. His character is only known as ""Him"" to allude to how actors are regarded when encountered in real life by average people-""Psst, that's 'him,' etc. Unfortunately, I was too distracted that Him had all kinds of worldly wisdom and advice but had no reliable return back to his home in Brentwood, carried no cash or debit card, or had the wisdom to keep a cell phone with him. If one has such a high opinion of their self that they believe they possess an answer to everything like Him does, then I gotta see cash and a Blackberry which displays intelligence and good survival instincts to preserve that big ego which Him definitely has. Nothing really happens in this movie. I don't believe that either of the main character's were substantially changed by their encounter with each other. It flirts with the idea of adultery, but then that thought fizzles. This to me was similar to Steve Martin's Shopgirl, without the sexual affair. It was self-indulgent for Freeman and unconvincing to the audience.",Neutral
"( HR is what Himesh is called in the movie, I think he likes it too. ) It's amazing how intelligent people, talented even fall in to the same trap.<br /><br />I really like Reshamiya. It's amazing what he has done. No one in recent years has come back from the wilderness and made a mark for himself.<br /><br />And I truly expected a great film ( What with the budget of 50 Cr and the cute actress ). As intense as Reshamiya is I thought, he would excel at a sentimental and an emotional role. Ironically he is depicted the same but for what care? Sheer incompetence, carelessness, awful acting, banal background music, insensitive direction make it a real pain.<br /><br />Blunders rule. ( Ex. How can German Police issue public instructions on a loud speaker in English? They communicate among themselves in English!) Unfortunately this incompetence has become the standard in main line Bollywood. There are some excellent directors but many a bad ones too. The worse thing is that the majority just doesn't care.<br /><br />Songs are the only saving grace...<br /><br />Please don't repeat this HR and find yourself a good director ( low budget.. No problem).<br /><br />The villain should really have shaved his head instead of the wig you know... after all it's a 50Cr movie.",Negative
"If you're looking for a kung-fu action movie, look elsewhere. While there are fighting scenes, the film revolves around its provincial protagonist, who struggles to find her way in Americanized Canton. Unlike most ""kung-fu comedies,"" the action scenes are used to reinforce the comedy, instead of the other way around.<br /><br />Cheung Booi is a statement about the farcical nature of kung-fu movies, where the stars always seem to find some reason to fight. Instead of some grand drama about honor and respect, minor misunderstandings cause the characters to yell at each other and start beating each other up.<br /><br />My Young Auntie, as it's known in the West, is the story of Cheng Tai-nun, played by Kara Hui, who is a young woman who marries an elderly landowner to keep his holdings from falling into the hands of his greedy and corrupt brother. After he dies, she moves to Canton to live with her nephew, played by director Lau Kar Leung, and his son Ah Tao, played by Hsiao Ho.<br /><br />The basis of the irony is that although Cheng is the same age as Ah Tao, her manner is more akin to her status as his step-great-aunt. While Ah Tao speaks English (extremely poorly), plays the guitar and goes to costume parties, Cheng utterly fails when she tries to adapt to her lifestyle in Canton, complete with makeup, revealing gowns, high heels and dance scenes.<br /><br />What makes this movie great is its realization. Lau Kar Leung is perhaps one of the greatest, if not the greatest director of his generation in Hong Kong, and Kara Hui won ""Best Actress"" at the first Hong Kong Film Awards in 1982. Also, this is arguably Hsiao Ho's finest performance. His chemistry with Hui is remarkable, and although he went on to have a storied career in kung-fu comedies, often working alongside Sammo Hung, he has the perfect combination of athleticism and comedy. As the romantic tension and intrigue build in the second half of the movie, his entire countenance changes. No longer does he easily jaunt through life without a care in the world. He becomes the straight man and his cohorts the Kramer, Elaine and George.<br /><br />My one complaint is how suddenly the comedic aspects of the film die off during the conclusion. The film transitions from outright farce to dramatic intrigue with little but a change in incidental music. But there is a certain symmetry in it. The film begins focused on the intrigue, focused more on Lau Kar Leung's character, and it ends that way, too. But the final scene returns to the movie's comedic roots, giving conclusion to both aspects of the film.",Neutral
"This movie is not the scariest of all time, but it is a great example of a campy eighties horror flick -- low budget, no stars, lots of inventive death scenes, and enough nudity to keep the teenagers in their seats. The premise is interesting and fun and the three evil kids play their parts well. A nice starting point for ""Just Say"" Julie Brown exposing her talents early in her career. This film won't be seen by many, but for fans of 80's horror it's a must.",Positive
"Once again, the posters lied to me.<br /><br />The marketing of this flick was deeply at odds with the content; 'explosive'? When I read the synopsis for this movie, I was expecting to see a townful of grotesques, every man-jack of them bloodshot and bloated by alcohol, peppered by heroin needles and bent double with chronic masturbation; into such a ""den of vice"" would come the clean-shaven hero, shining Gabriel. Instead, the movie was the complete opposite of what I was led to expect.<br /><br />The first few minutes of the film showed us that Middletown is a simple little place full of poor people doing the best they can, whether fiddling a little to make ends meet, drinking to forget the pain, or watching cock-fighting (chickens, not penises) to while away the boredom. In other words, the townspeople were desperately ordinary.<br /><br />The only (deliberate?) grotesque in the piece was Gabriel, the brainwashed Presbyterian preacher played by Macfadyen, whose face is built in such a way as to suggest a permanent air of bewildered fury. If I were kind, I would suggest that the Paisleyite rantings of the preacher were a witty comment designed to make us despise Gabriel and his faith. Unfortunately, Brian Kirk is so inept a film-maker that you quickly despise everyone in the movie, leaving the audience to fret their way through eighty-plus minutes of dark, hackneyed tedium. My only respite from this waste of celluloid was a game of ""guess the accent"" broken up with rounds of ""spot the location."" Are we surprised that Gaybo ends up stealing his brother's child and suffocating his father? Of course not; he's a bible-bashing preacher and therefore psychotic. All the townspeople stand around looking shocked at the end of the movie, but I suspect that they've just realised what a turkey they've put their names to.<br /><br />The Northern Ireland Film and Television Commission have a budget to spend, but there are better projects than this feeble enterprise. The only kind thing I can say in favour of this movie is that it has managed to replace ""Superman Returns"" as the worst film of 2006; one hell of an achievement.<br /><br />v1:20061114 v2:20080107",Neutral
"Alfred Hitchcock has made many brilliant thrillers, and many of them have gone on to be hailed as some of the greatest films of all time. One film that tends to get somewhat lost under the Vertigo's and the Psycho's is this film; Strangers on a Train, the most compelling film that Hitchcock ever made. The story follows Guy Haines, a tennis player and a man soon to be wed to the Senator's daughter, if he can get a divorce from his current wife. One day, on the way to see his wife, he meets the mentally unstable Bruno Anthony aboard a train and soon gets drawn into a murder plot that he can neither stop nor stall; and one that could ultimately cost him his life.<br /><br />The conversation aboard the train between Bruno and Guy is one of the cinema's most intriguing and thought provoking of all time. What if two people ""swapped"" murders, thus resolving themselves of all suspicion of the crime, and rendering their motive irrelevant? Could this truly be the perfect murder? What makes this film all the more frightening is that the events that Guy is lead into could happen to any, normal everyday person. Everyone has someone they'd like to get rid of, so what if you met an insane man aboard a train that does your murder for you and then forces you to do his? The chances of it happening are unlikely, but it's the idea that anyone could be a murderer that is central to the message of Strangers on a Train; and in this situation, anyone could. <br /><br />Is there any actor on earth that could have portrayed the character of Bruno Anthony any better than Robert Walker? The man was simply born for the part. He manages to capture just the right mood for his character and absolutely commands every scene he is in. The character of Bruno is a madman, but he's not a lunatic; he's a calculating, conniving human being and Robert Walker makes the character believable. His performance is extremely malevolent, and yet understated enough to keep the character firmly within the realms of reality. Unfortunately, Robert Walker died just one year after the release of Strangers on a Train, and I believe that is a great loss to cinema. Nobody in the cast shines as much as Walker does, but worth mentioning is his co-star Farley Granger. Granger never really impresses that much, but his performance is good enough and he holds his own against Walker. Also notable about his performance is that he portrays his character as a very normal person; and that is how it should be. Ruth Roman is Guy's wife to be. She isn't really in the film enough to make a lasting impression, but she makes the best of what she has. Alfred Hitchcock's daughter, Patricia, takes the final role of the four central roles as Barbara, the sister of Guy's fiancé. She is suitably lovely in this role, and she tends to steal a lot of the scenes that she is in.<br /><br />Alfred Hitchcock's direction is always sublime, and it is very much so in this film. There is one shot in particular, that sees the murder of the film being committed in the reflection of a pair of sunglasses. This is an absolutely brilliant shot, and one that creates a great atmosphere for the scene. Hitchcock's direction is moody throughout, and very much complies with the film noir style. The climax to the film is both spectacular and exciting, and I don't think that anyone but Hitchcock could have pulled it off to the great effect that it was shown in this film. It's truly overblown, and out of turn from the rest of the movie; but it works. There is a reason that Hitchcock is often cited as the greatest director of all time, and the reason for that is that he doesn't only use the script to tell the film's story, but he also uses to camera to do so as well. Strangers on a Train is one of the greatest thrillers ever made. Its story is both intriguing and thought provoking, and is sure to delight any fan of cinema. A masterpiece.",Positive
"I was excited at the concept of my favorite comic book hero being on television... and sorely disappointed at the end result.<br /><br />The only ""amazing"" thing was the wall crawling (despite the visibility of the cable). I didn't think Nick Hammond was Peter Parker... and he was visibly of a different build than the guy who did the stunts in the spider suit. You could tell they were two different actors.<br /><br />Granted, I can also spot in the modern Spider-Man movies when I am looking at Tobey Macguire and when I am looking at CGI. But that is from a trained eye and experience working with CGI. Still, the 70's version could have been better despite lack of Special FX.<br /><br />The webs were hokey and looked like ropes that seemed to wrap around things rather than stick to them. And what was up with giving him a spider mobile to ride around in. Hello? He's the web slinger people.<br /><br />Sorry... didn't mean to get so worked up, but our beloved wall crawler deserved better.",Negative
"Yes, in this movie you are treated to multiple little snowmen on the attack in apparently a very warm climate so yes this movie is definitely not to be taken seriously. It is in fact a much worse movie than the original as at least with that one the whole production looked like it cost more than a couple of bucks and a video camera to make. It has its funny moments, but really playing off the cheapness of your movie and making that be your intended laughs is kind of weak film making if you ask me. You can not come up with a good story, your effects are going to really be bad, hey let us just make the movie look as bad as possible with horrible one liners and we have our movie. The first one at least had a somewhat credible story as the snowman in that one attacked during the winter and not what amounts to a resort. It also had better effects too, this one is just a step or two ahead of ""Hobgoblins"" as far as the monsters are concerned and you really want to be more than a step a two above a bunch of hand puppets. Still, it makes up for all of this with a super ending that depicts a great sea vessel being taken out by the mighty frost. Actually, I am just kidding, but really it was the funniest part of the movie.",Negative
"I was wandering through my local library, browsing VHS tapes, when I saw a movie that made my mouth drop--Waterbabies. I have been hoping to see this movie again--it's been over 22 years since I saw it (cable-movie channel around 78-79). I had recalled a good many of the details--Grimes in particular. My son, who is 4, and I watched it.<br /><br />He agreed with me that Grimes was ""Not nice"", and the best way for me to describe it was that he didn't love Tom. He accepted that. It was amazing that I still recalled some of the songs, too! They had stuck in my head for 22 years--which means they had to have some memorable-ness, eh?<br /><br />It's a good child's movie, with parental guidance in case of questions about what children had to go through that were not nobility/society in the time-frame. This is what all the children faced daily (except for a few lucky ones), and while we try to Disney-coat movies, making them more pc for children these days, it doesn't mean that cruelty didn't exist--or even still doesn't. I enjoyed the animation. It wasn't Disney, no. I don't think Don Bluth touched a paintbrush on this movie.<br /><br />There's a lot going for it, though. David T plays two roles! (I really like him!) James M does too. The waterbabies themselves are cute. You feel sorry for Tom, and root for him. Then Billie herself is extraordinary in the multi-role part she's playing--it's as if her eyes ARE magickal! I'm a huge fan of WoO, TLW&TW, and company (AND LOOKING FORWARD TO HP!), and I filed this along with those kind of movies. Yes, he jumps in the water, but not because of suicide. He jumped because he trusted the lady in black--she'd been appearing to him all along.<br /><br />I think it's a good movie! If you have kids, pick up a rental copy. If you happen to locate a buy-able copy, let me know where! Ian liked it! :)<br /><br />Dee",Positive
"THE FBI STORY (1959) was Warner Bros. 149 minute epic tribute to the famous criminal investigation agency! From a book by Don Whitehead came a somewhat laborious screenplay by Richard L. Green and John Twist and was directed with only a modicum of flair by Mervyn LeRoy. However it did have splendid colour Cinematography by Joseph Biroc and a helpful score by the studio's musical magician Max Steiner!<br /><br />The movie charts the history of the Bureau from its lowly beginnings in the twenties to modern times and its all seen through the recollections of aging fastidious agent Chip Hardesty (James Stewart) as he relates his investigative experiences - in flashback - to a class of budding young agents. But it's all very long-winded and episodic! And as it progresses it begins to look like a TV mini series instead of a major movie production as the young Hardesty runs the American crime gamut from taking on such notorious criminal figures as ""Baby Face"" Nelson, Ma Barker, Dillinger etc. to sorting out nefarious organisations like the Ku Klux Klan, Nazi spy rings and the Red Menace. And here it has to be said that only for the screen presence and appeal of its star THE FBI STORY would probably have ended up a forgotten disaster. Moreover, this is another problem with the picture - Stewart is left to carry the entire movie almost on his own! With the exception of Vera Miles - who has the thankless role of being his long suffering but devoted wife - he is surrounded by a cast of minor players! Throughout you find yourself half expecting someone like Robert Ryan, Jack Palance or even Raymond Burr to make a welcome entrance as a mobster or a police chief or whatever. But nothing quite as imaginative as that ever occurs! Pity!<br /><br />The film does however manage to give a good look inside the workings of the Bureau! With the help of Stewart's narration we learn about the thousands of men and women who work for the organisation which includes the hundreds of agents in the field. And we are also treated to a peek inside headquarters which houses the gigantic records section and we also get a glimpse of the chemists and fingerprint experts meticulously going through their daily chores.<br /><br />Another plus for the movie is Max Steiner's remarkable score! Heard over the titles is a powerful, rousing and determined march while for the picture's gentler moments there is an attractive love theme. But quite ingenious is the menacing and ominous march theme for the Ku Klux Klan sequence. And better still is the rhythmic Latin-American music the composer wrote for the South American scenes especially the exciting Fandango like orchestrations for the arrival of the Federal troops on horseback. THE FBI STORY was one of five scores the composer wrote in 1959 which included Samuel Bronston's naval epic ""John Paul Jones"", the charming Rom-com ""Cash McCall"", Delmer Daves' seminal western ""The Hanging Tree"" and Daves' ""A Summer Place"" from which derived the Young Love Theme - which was to become a major hit tune for Steiner better known as ""Theme From A Summer Place"".<br /><br />THE FBI STORY just about passes muster as a movie thanks to Biroc's rich colour Cinematography, Steiner's wonderful music and of course Jimmie Stewart who makes anything watchable!<br /><br />Classic but implausible line from THE FBI STORY............. As the bland Nick Adams (who has just blown up a plane with 43 people on board, including his mother) is being led away handcuffed he turns to the arresting officer and blurts: ""In case I get any mail you can send it to Canyon City prison for the next month or so - after that you can send it to HELL"". Wow!",Negative
"An untidy man, known as Bill, lives in a small dreary flat, with a poster of Marilyn Monroe on the wall, and his typewriter for company. Only the man can't think of anything to write. He wanders around the streets following people, just to see where they go. Maybe this will give him some inspiration to write. He begins to follow a well dressed man holding a bag. He follows him for a few days. While in a cafe, the well dressed man sits down at a table on the opposite side of Bill, and inquires why Bill is following him. The well dressed man says his name is Cobb. Cobb then surprisingly informs Bill that he is a burglar, and even starts to take Bill with him into houses to steal things; although Cobb insists he doesn't go into other people's homes to just steal. He says he likes to let people know he has been there, and interrupted the things they take for granted. He puts knickers from another burglary into a man's trousers, for example.<br /><br />The film is told in flashbacks at times too. The director used this technique in greater abundance in his recent feature Memento. Bill eventually decides to cut his hair and dress in a suit, on the advice of Cobb. He meets a Blonde lady in a club, who used to date the owner, a bald man, who is very dangerous, she says. We see a scene where a hammer is used by the bald man's hence men on a man's fingers in the Blonde lady's flat. These are some of the many pieces of the puzzle that the director shows us, and they will all fit into place when we arrive at the surprising conclusion.",Positive
"A very funny movie. Michael Douglas' ""do"" is worth watching this flick for if for no other reason. I'd like to see him do more of these low life roles. He was terrific, as were all the performers.<br /><br />The film struck me right off as an American Roshomon, only funnier and easier to watch because it was in American and didn't need no stinkin subtitles!<br /><br />In a funny movie with a laugh every minute or so, two of the best were with John Goodman (not someone I am crazy about) - 1. He is telling the priest about Jewel doing something he liked and says ""I had to wipe the smile off my face."" The visual shows he is not smiling and clearly is a guy who never smiles, but probably doesn't know it. 2. The scene at the end between Goodman, all suited up for Jewel in his cop uniform, and grappling with the be-leathered Reiser hunched over a table... and the two of them then protesting that they are not gay to another character who happens on the scene - this alone deserved a special Comedy Academy Award.",Positive
"Considering the lack of art with in African cinema (or Black American Cinema). The Idea offers a multidimensional look at a community assigned to hoods and dealers. But the funny thing is this is not at all the focus or even the subject of the short. But it is the unstated assertion of independence from these themes that is most sticking. The genre is unique and not the typical expectation. It is almost this departure which first catches the eye, so watching it twice is critical. The film has an aesthetic quality which lends its self to the true art of cinema.<br /><br />And it is this true art that with an African voice that is extremely rare. The film doesn't copy to attain its message, it innovates and provokes by pulling at subtle stereotypes (not racial but character based stereotypes), From a writers perspective the film is brilliant. It carries multiply messages which include a very rapid character development. It must be remember this film is less than 10 minutes and it manages to establish character very quickly. The usage of colour texture and music is also to be commended. But considering the director, Owen Alik Shahadah's last venture 500 Years Later, music is to be expected. But from a theme point-of view it seems like the idea is a departure but the satire eludes indirectly to a social problembrilliant stuff!",Positive
"In the first transformation scene, what is the music? I've heard it was ""The Greeks Don't Get No Freeks"". Is that right? I really liked that sound. I also liked the ""Hyde's Got Nothing to Hide"" in the final scenes. Truly a doper movie, but with many laughs and puns, sight gags, and slapstick. Madam Woo-Woo's place was reminiscent of some places I have visited myself. Ivy Venus has appeared in some other stuff that is truly amazing. She looks much different in the movie we're talking about, but her maturity didn't hurt her a bit. Mark Blankfield reminds one of Gene Wilder in some ways. Bess Armstrong was beautiful and maintained her beauty for a long time.",Positive
"I admit the problem I have with the much-celebrated Ealing films I've seen so far could be mine. To my taste, either they are black and rippingly funny, or so light in tone to be unsatisfying as comedies or stories. That's a self-important way of saying I wanted to like ""The Man In The White Suit"" but found myself struggling to sit through its short run time.<br /><br />Textile worker Sidney Stratton (Alec Guinness) may be meek in manner, but he is doggedly committed to progress in the form of his attempts to invent a strand of fabric that can't be broken or made dirty. Using a factory lab for his latest experiment, he toils against limitations both material and human - the latter being the benighted mill bosses who don't understand what he is up to, then figure it out and become even more committed to stopping him.<br /><br />""It's small minds like yours that stand in the way of progress,"" Sidney complains, practicing in the mirror what he struggles to say to the Man.<br /><br />One problem with ""Man In The White Suit"" is that Sidney's vision of progress is awfully small-minded, too, more so even than that of the bosses or the laborers who also resent his work. My problem is more elemental: For a comedy, ""White Suit"" is not funny. It's a rather earnest script which too often tries to mine its feeble attempts at humor from spit-takes, double-takes, triple-takes, and dizzy takes.<br /><br />The best joke is the sound of the machine Sidney toils at, going ""Bleep-Blop-Bleep-Bop"" endlessly and fetching queer looks from every visitor until Sidney either extracts his miracle from it or blows it up trying. Like every other bit of stray humor that functions decently in this film, it's leaned on too long.<br /><br />I've never seen Guinness less affecting in a movie, even though he looks impossibly young and earnest (though actually in his mid-30s). He seems so bloodless, even more so than the wax-faced general he played in ""Doctor Zhivago"" He's the same cold fish whether he's ignoring the sad affections of the affecting mill girl who offers to give him her life savings when he loses his job (pan-faced Vida Hope as Bertha) or the more sultry charms of young Daphne Birnley (Joan Greenwood), his one real ally in his fight against ""shabbiness and dirt"", as she puts it, making those words sound as impossibly sexy as only Greenwood could.<br /><br />Supporting players make ""White Suit"" work as well as it does. Ernest Thesinger of ""Bride Of Frankenstein"" fame plays a singularly nasty captain of industry who looks like Nosferatu and makes a laugh like a death rattle. Howard Marion-Crawford as another factory leader is as memorable here as he was playing a blinkered medical officer in ""Lawrence Of Arabia"". Then there's the undeniable charm of Mandy Miller as a little girl who steals her few moments on camera right from under everyone else.<br /><br />But most of the scenes are played so straight that one wouldn't think director Alexander Mackendrick had ever worked on a comedy before (his previous Ealing comedy ""Whisky Galore"" doesn't reverse that impression, alas). Roger MacDougall's play posits the notion of scientific progress as potential disaster, but fails to present dull Sidney in anything other than the most blandly pleasant of lights.<br /><br />Ealing comedies are remembered for capturing the human side of comedy. Yet the Ealings I've seen never seem to do this, working only when they play aggressively against our own sympathies. ""Kind Hearts And Coronets"" and ""The Ladykillers"" (Mackendrick again, go figure) are classics this way. ""White Suit"", on the other hand, is a pointless ramble that falls apart when it should cohere, just like that unfortunate suit.",Neutral
"Should we take the opening shot as a strange frame??? I guess we have to. Anyway two women are behind a closing umbrella, they walk upstairs to the talent agency and we go with them...and then they are never to be seen again. Okay, how come not INSIDE the place, at the piano, or even outside with the SOUND of the piano, then track inside and over, a la Hitchcock??? So I guess Clouzot is already telling us in a not very subliminal manner that we are following a segment of postwar society: especially how he then uses a Citizen Kane=like song cut up into about five pieces to show the lady singing traveling from the talent agency all the way to her first roses and applause of her Vaudeville debut.<br /><br />After that we are relentless observers of more or less small disgusting details of a defeated country getting off its war torn tattered knees. And nobody ever handled small disgust better than Clouzot. In fact, too bad he never tried Sartre's Nausea. Almost everything we see after the first few minutes makes us ever so slightly queasy. ....okay, okay I'm grossly overstating that, let's just settle for a general feel of a lot of the film. Look carefully, in fact, and you will even see one of the cops picking his nose. And in how many films has anyone ever done that. Then there is a very loud nose blowing bit in front of the photographer lesbian by the main cop, and notice that she does not, literally, blink an eye or raise an eyebrow.<br /><br />The point of all this is an almost feverish immersion in contiguity, seemingly, until you can smell practically every scene as well as see and feel it. <br /><br />As for the other aspects of the movie, others here have covered them in a lot more detail than I. But forget about the mystery here: this is the ultimate McGuffin. Clouzot is about as interested in the real killer as those two women coming in out of the rain in the first few seconds of the film and are never seen again. From beginning to end all he wanted to do was follow a bunch of people around, not even particularly interesting ones at that, and say, here look at this woman's twitch, that man's hitching of his pants in all their insignificance, years and years before Tina Turner was singing we don't need another hero. \<br /><br />Even the forced levity of the ending is bleakly done in a dilapidated part of Paris, and rather chilly bare walled apartment. With only the couples love for each other to see them through, as if to say there must be two or three million like you throughout the city, working your fingers off by the day for a little love at night.<br /><br />From this it was just a short step to Wages of Fear and the ultimate in despair. <br /><br />They don't even know how to make films like this anymore in the U.S. For that matter, they didn't even know how to very much in France then, much less now. The relentless detail of gesture makes even the neorealists of Italy look like bad psychologists. Which I guess makes Clouzot a kind of Rosselini on speed. <br /><br />Very enjoyable nonsense, this movie. The only flaw, seems to me, and as was pointed out by another viewer, the lead woman is somehow not quite right. Everybody else in the film is just about perfectly cast.",Neutral
Nice way to relax. I am packing my suitcase now so I can go and be with Caroline Munroe. Phony monsters and scenery make for 89 minutes of harmless fun. Something you can enjoy with your family and not be offended.,Positive
"Yes, that's true. That movie is a horrible piece of... you know what. Almost all fans of Sapkowski's books in Poland think the same. The truth is that polish cinematography can not afford producing fantasy films. It's a shame when you compare ""Wiedzmin"" and ""Conan the Barbarian"" for example. I hope no one outside Poland will ever see this nightmare.",Negative
"A guy, with the unlikely name of Shy Walker, looks for his two daughters in a cornfield for an hour and a half. That's the entire plot...with across-the-board bad acting, of course. Walker wanders around a corn maze (maize? I get it! HAHAHA...not funny) and yells ""Girls? Where are you?!?"" about 1000 times. For some reason whenever he runs by a pumpkin, a chipmunk-sounding voice laughs (as if the pumpkin is laughing at him, yeah OK...). His daughters scream for most of the movie...even when there is no reason to scream (maybe because they are still stuck in this awful movie?). Twin girls straight out of 'The Shining' show up every now and then. Most of the corn maze looks the same so Walker's search gets very old very quickly. The filmmakers realize there is NOTHING going for this movie (even the music is repetitive) so they try to make things interesting by spinning the camera around really fast, filming upside down, inserting smaller pictures of the same shot at different angles, using red lights to make the corn look scary, and rotating the camera 360 degrees (at least I'm assuming these were done intentionally but it's likely just examples of incompetent film-making). More often than not, when Walker is wandering through the maze, you can't see his face. I guess the kid holding the camera can't look up that high... This movie gives you a new appreciation for the original 'Dark Harvest' (which doesn't have anything to do with this movie except for the fact it also features a cornfield). Don't be fooled by the R rating. Walker says the F word three times and now we have ""an R-rated horror movie"", ugh. The scarecrow on the cover doesn't even show up in this movie...and when you are wishing that those cheesy scarecrows from the first movie would come back, you know things are bad! Instead we get a guy in yellow boots chasing our hero around (unfortunately he is dressed similar to Mr. Walker so I didn't even realize he was being followed for a while). I figured out the identity of the guy in the yellow boots long before Walker did (the movie is almost over by the time he puts 2 and 2 together, natch). The end of the movie drags on and on...and just in case it isn't slow enough, there's some slow-motion! The last sound you hear (besides your own laughter) is very poor sound-dubbing. In case you can't tell, this is the worst movie I've ever seen. At least they didn't end with the promise of another sequel!",Negative
"Ordinarily, Anthony Mann made westerns with 'the big guys' - James Stewart, Gary Cooper, Henry Fonda . . . the A list cowboy stars. But in this B+ film, he tackled something notably different and had quite a bit of success with what turned out to be a truly one of a kind western. The main character, played by Victor Mature, is a trapper/ mountain man, and ordinarily they are romanticized in films - Robert Redford in Jeremiah Johnson, that sort of thing, where the hero is not in fact a typical mountain man but a clean cut heroic figure who hangs out with real mountain men. Not here. For once, a true mountain man - vulgar, crude, animalistic - is the central figure, and it's something to see, giving Mature one of his better later roles. The real acting chops are provided by Robert Preston, excellent as a self-absorbed Custer type cavalry commander, and James Whitmore, the poor man's Spencer Tracy, as another of those old timers who feel themselves trapped between ever more hostile Indians on the one side and the oncoming force of civilization on the other. Even more impressive is a very young Anne Bancroft as the officer's wife, who is initially repulsed by the very sight of Mature's grisly character, then finds her own veneer of civilization slipping away as she begins to realize, to her own shock, that she's attracted to him. Rarely if ever has a remote frontier fort been so accurately realized on screen, without the romantic allure that John Ford gave such a place in his masterful Fort Apache. The battle sequences are big scale and notably violent, and particularly impressive if you seen them in widescreen format. Good show, and underrated movie, all around.",Positive
"Due to rather dubious plate tectonics, Japan starts to slip under the sea. Initial predictions say it'll take about 40 years before the country is submerged, but a rogue scientist adds in some even more dubious science and determines it will actually take less than 1 year! The government think he's a crackpot, but evidence soon starts bearing his theory out.<br /><br />This big budget disaster movie follows the formula set by any number of Hollywood films of the late 90's (I assume, having seen none of them), with the scale of disaster and tragedy bringing out the nobility of the human (well, Japanese) spirit in acts of heroism and sacrifice, and proving the power of love or something like that. i.e. it's as naive in its psychology as it's geology... we all know that half the populace would be out raping and looting the minute they thought the police had their back turned, and the other half would just panic and be useless.<br /><br />The film does have some very nice special effects, but is not as slick or expensive looking as an equivalent Hollywood production would be. It is at least as nationalistic, humourless and lacking in self-awareness as that Hollywood film would be though, and probably has even worse acting. It does have the hot evil chick from Battle Royale as one of the leads... but she's not even slightly evil, and is therefore much less hot.<br /><br />The film is much too long at 132 minutes, and gets worse and worse as it progresses towards a conclusion that had me in danger of puking. I certainly didn't care in the slightest whether Japan sank or not by the half way point, and well before the end I was trying to think of ways to expedite the process should I ever find myself in that situation for real.<br /><br />But, it does have nice special effects, and Kou Shibasaki is still pretty hot, so I magnanimously give it... 3/10.",Negative
"""The Journey"" is a very good film. Produced in the spring of 1958, in Vienna, and released in 1959, this movie was quite popular in his early years. Despite the political problems, which influenced the movie's success (because the story happens during the Hungarian Revolution, the Cold War), ""The Journey"" is a very good film, but not well-known. I think it should be released immediately on DVD, because most of the people who have seen it so far want to have it at home. One of the most important qualities of the film is the extraordinary chemistry between Deborah Kerr and Yul Brynner, their intense relationship. All their scenes together are very important, but they also reveal the strong feelings, the great passion and love between the characters (Major Surov and Diana Ashmore). Another quality is the script, which is very well written. It was even published as a novel, by the screen player George Tabori. The film keeps its tension from the beginning to the end. At first, we didn't know if Diana and the other travelers could leave Hungary, because the Communist Major discovers that Diana's friend, Paul Kedes, is Hungarian and he isn't allowed to leave the country. The Major falls deeply in love with Diana and this is, in fact, the true reason why he doesn't want to let her go. But after he embraces her and gives her one of the most memorable kisses ever seen on screen, and she kisses him, too, he lets her go. And the end of the film is one of the most dramatic endings ever filmed-the Major and Diana say ""Goodbye!"", she arrives at the frontier with all the travelers, including Paul, while Surov is shot several times by some Hungarians, so he dies. Yul Brynner is very, very handsome and Deborah Kerr is very beautiful, charming, refined, just like an English Lady. Yul and Deborah are perfect together. They are one of the greatest couples of the Golden Hollywood. A true moviegoer should watch this film. ""The Journey"" has everything that a good film should have-a great, captivating story, interesting characters, a wonderful direction (Anatole Litvak is, in my opinion, at his best). Finally, I want to give a message to Warner Bros. Studios or those who restore and release classic films: Please, release ""The Journey"" on DVD as soon as possible.",Positive
"Billed as a kind of sequel to The Full Monty, about unemployed men in Sheffield, this movie is a fake.<br /><br />As someone born in Sheffield, and still with links to the city, I was extremely disappointed by this film. Someone said it could have been set in Oklahoma, and that just about sums it up for me. This looked like a romantic view of northern England made for the US market. Probably many Americans - and many southern English people - don't realize that Sheffield is a big city of around half a million inhabitants, with a sophisticated urban culture. In Among Giants it was depicted as some dreary dead-end semi-rural small town, where everyone in Sheffield seemed to drink in the same old-fashioned pub, and where the people's idea of a party was line-dancing in some village-hall lookalike. This was a small close-knit community, not a metropolitan city.<br /><br />The working-class Sheffield men were totally unlike their real-life counterparts, who are generally taciturn and communicate with each other in grunts and brief dry remarks. They don't chatter, and they certainly don't sing in choirs.<br /><br />Even the rural settings, supposedly in the Peak District, looked alien to me. I recognized a few places where I used to go hiking, but some of the aerial shots of pylons stretching out over a bleak landscape reminded me more of Wales. Indeed, in the credits at the end I spotted a reference to Gwynedd, Wales. The Peak District is, in the summer, crawling with walkers and tourists in cars. It is situated between two big cities. It is not some kind of wilderness.<br /><br />As for the notion that a young woman could fall in love with, and lust after, Pete Postlethwaite, that was ludicrous, and could only have been a male dream. Her reasons for becoming his lover were never made apparent. None of the men was shown as having a partner or families; they existed in a vacuum.<br /><br />Anyone wanting to see a film about unemployed Sheffielders would have been led astray. This Sheffield existed only in the minds of its middle-class writers and film-makers.<br /><br />It was a gigantic fake!<br /><br />",Negative
"If you like horror or action watch this film ASAP. If the opening scene doesn't get your adrenaline pumping then someone should check your pulse. Great Action, excellent casting and top one-liners. This is the only film I have seen in a cinema where the crowd applauded each chop, kick & punch thrown. Not perfection but who cares when films can be this much fun. Its a pure rush of dark comic book action. 9/10",Positive
"The warmest, most engaging movie of its genre, Those Lips, Those Eyes, made me smile and cry as it reminded me of the work it takes to pursue a dream and the pain of disappointment. Hulce and Langella are superb and the story seems to write itself. A brilliant screenplay by David Shaber (one of my favorites! - see The Warriors and Nighthawks for more...) and beautiful sets filmed on location (I think) at the actual summer theater in which the story takes place. You can't see this movie and not want to drop everything and get into the theater! Please check this video out if you can find it.",Positive
"Visually beautiful with some fine music, this film otherwise has a fairly trite made-for-TV quality. The romance between two characters, which spans a cultural and educational divide, is simply NOT plausible. Of course, from early on we knew our persnickety heroine would lighten up, win over the locals, and find true love, but that doesn't make it any less woeful that the movie had to take such completely expected turns. This film had lots of promise, which makes it more of a shame that the promise was unrealized. Perhaps a nice under-the-blanket on a cold night freebie on cable, but I certainly wouldn't recommend paid rental or purchase. I'm sure the soundtrack is wonderful, though.",Negative
"Street Fight is a brilliant piece of brutal satire. This is not a movie you just watch for fun. It is not a comfortable experience, although it does have some laugh-out-loud moments. This is a movie you watch when you need food for thought.<br /><br />To dismiss this film as simply racist is to miss the point entirely. This is not only a satire of Song of the South, it's also a biting commentary on the prejudices that Americans still have as a society. Every ethnic group portrayed in the movie gets shown as grotesque caricatures of their stereotypes, which in turn are grotesque caricatures of real people. Through this wild exaggeration, the filmmaker shows just how absurd these tightly-held beliefs really are.<br /><br />If you're the sort of person who's willing to acknowledge the ugliness of the prevalent prejudices American culture still holds, and if you're not afraid to look your own prejudices in the eye, this movie may be for you.",Positive
"I watched this movie purely for the setting. It was filmed in an old hotel that a friend owns shares of. The plot was predictable, the acting was mediorcre at best, the scares were all gross-outs, not true scares.<br /><br />I don't remember much of the plot, and I think that's because there wasn't much of one to remember. They didn't even use the hotel to it's fullest potential...The beaches are fantastic and the hotel is situated on a peninsula. At low tide, you can walk almost 1/4 mile into the bay, which is actually an eerie sight first thing in the morning or late at night when the wind is howling through the cracks.<br /><br />The best way to see this movie is with the remote in your hand so you can fast forward through the action (and I'm using that term loosly)scenes and pause at the beauty of the surroundings!",Negative
"There's been a vogue for the past few years for often-as-not ironic zombie-related films, as well as other media incarnations of the flesh- eating resurrected dead. ""Fido"" is a film that's either an attempt to cash in on that, simply a manifestation of it, or both -- and it falls squarely into the category of ironic zombies. The joke here is that we get to see the walking dead in the contrasting context of a broadly stereotyped, squeaky-clean, alternate-history (we are in the wake of a great Zombie War, and the creatures are now being domesticated as slaves) version of a 1950s suburb. <br /><br />It's a moderately funny concept on its own, and enough perhaps for a five-minute comedy sketch, but it can't hold up a feature-film on its own. The joke that rotting corpses for servants are incongruous with this idealized version of a small town is repeated over and over again, and loses all effectiveness. The soundtrack relentlessly plays sunny tunes while zombies cannibalize bystanders. The word ""zombie"" is constantly inserted into an otherwise familiarly homey line for a cheap attempt at a laugh. <br /><br />The very broadness and artificiality of the representation of ""the nineteen fifties"" here can't help but irritate me. It is so stylized, in it evidently ""Pleasantville-""inspired way, that it is more apparent in waving markers of its 1950s-ness around than actually bearing any resemblance to anything that might have happened between 1950 and 1959. There is something obnoxiously sneering about it, as if the film is bragging emptily and thoughtlessly about how more open, down-to-Earth, and superior the 2000s are. <br /><br />Because the characters are such broad representations of pop-culture 1950s ""types,"" it's difficult to develop much emotional investment in them. Each has a few character traits thrown at him or her -- Helen is obsessed with appearances, and Bill loves golf and his haunted by having had to kill his father -- but they remain quite two-dimensional. Performances within the constraints of this bad writing are fine. The best is Billy Connolly as Fido the zombie, who in the tradition of Boris Karloff in ""Frankenstein"" actually imparts character and sympathy to a lumbering green monster who cannot speak. <br /><br />There are little bits of unsubtle allegory thrown around -- to commodity fetishism, racism, classism, war paranoia, et cetera, but none of it really works on a comprehensive level, and the filmmakers don;t really stick with anything. <br /><br />Unfortunately, this film doesn't really get past sticking with the flimsy joke of ""Look! Zombies in 'Leave it to Beaver!'"" for a good hour- and-a-half.",Neutral
"It doesn't matter whether you've experienced the plight of the elderly in America or if you're just plain clueless, Uncle Frank and Matthew Ginsburg give you that clue in a straight forward, funny, wake up and smell the roses sort of way. By the end of the film, it is obvious that while being totally entertained, somehow, you've also been educated. A terrific film, by a terrific up and coming talent in the movie field. Matthew Ginsburg is a name to pay attention to.",Positive
"Although this film is set amongst the sophisticated English upper classes it is a simple story of a couple torn asunder. It has a slightly dated air, being an adaptation of ""A Way Through the Wood"", a 1950 novel by Nigel Balchin (once hugely popular and now forgotten). Julian Fellowes, who despite an academy award for the script of ""Gosford Park"", has a somewhat anachronistic persona himself, wrote the script and directed (the latter for the first time). With the DVD version I saw there is a most illuminating audio commentary by Julian. His primary focus was on getting his characters right, and by and large he has succeeded. In this he was helped by two outstanding performances from Tom Wilkinson as James, the stitched up City lawyer, and Emily Watson as his attractive wife Anne. He also kept it short; the running time is only 80 minutes.<br /><br />James and Anne have a town house in Chelsea and a comfortable former vicarage in Buckinghamshire. Anne is some years younger but they are childless. Outwardly they seem happy, but James, one of nature's moralists (unusual for a city lawyer), is a control freak. Just down the road is the aristocratic the Hon. William Buel, who is not one for middle-class morality, and he is more than happy to take advantage. But there's a complication, a road accident, in which an elderly cyclist is knocked over in a country lane by a ruthlessly driven Range Rover just like the Hon. Bill's. Soon James, Anne, Bill and the victim's widow (who happens to be James' and Anne's cleaner) are drawn in to a conspiracy to conceal what really happened. The primary focus is on the corrosive effect of all this on James and Anne's relationship.<br /><br />The third person in this ménage a trios, Bill, is played by Rupert Everett. From the point of view of casting, his languid, superior manner is right for the part, yet somehow he doesn't quite get there. Partly this is because he is supposed to be sick for some of the time and he looks well when he is supposed to be sick, and vice-versa. The part seems underdeveloped. It is interesting that John Neville as Bill's father who has only one significant scene manages to establish his character beautifully in the time he has.<br /><br />The world of five star hotels and superior restaurants is nicely evoked. As Julian Fellowes says in the audio commentary, these people are able to convince themselves that the Edwardian age still exists. At bottom though, the film is about what draws a couple together and what tears them apart. Nigel Balchin was going through a marriage break-up when he wrote the book, and Fellowes has made a good fist of conveying the atmosphere. As he says, his is a fairly free adaptation, but the central theme is the same.",Positive
"Found a copy in a bargain bin sale of this old time classic. I played it with dosbox on a vista machine without any issues. It's graphically dated heavily, but what do you expect for a 12 year old game! The game is a FPS/Adventure game hybrid. It's what I call pseudo 3D, you can't look up or down, just spin in 360 (think Wolf3D). Game play can get tricky with a very limited supply of health pots, and a somewhat average interface (Tip: Press I), but on the whole it's passable.<br /><br />One main strength of the game is the mood. There game heavily uses full motion video, and whilst the acting is b-grade and the plot is very choppy, the game as a whole feels genuinely creepy. It also does a good job of making you question the 'good guys'. Are they really helping, or are they just waiting to stab you in the back? The other major selling point is the games length. There are from memory 18 chapters, which range in game play time from 10minutes to, potentially, hours. My first play through took me a week with some serious devotion of time.<br /><br />Dated, yes, but if you missed this years ago and can find it for $5, give it a look. Cheaper than a movie, and more entertaining than most movies.",Neutral
"It looks like the brilliant team of Shonda Rhimes outsourced the writing of this one somewhere offshore, maybe to the MediocreLand? ""PP"" reminds me any one of the many tedious, promising at first but predictable within 1 season David Kelly flicks (Picket Fences, Ally McBeal, and now Boston Legal). The crazy cases they get are so outlandish, they barely evoke sympathy or sadness. And that's what actually makes good medical dramas tick - dramatic situations you are afraid of, ""This could be me"" sentiment. They are not funny either.<br /><br />The actors are quite good, but the plot lines are dead and cannot be brought back to live. I'm a therapist, and let me tell you - Amy Brennan plays the most unbelievably incompetent, unethical, untrained therapist. Whoever writes her stuff flunked the ethics and the transference/counter-transference courses in Stanford. Somebody should give them a Code of Ethics to read (the episode with the nose-bleeding wife and the therapist's involvement in it). No therapists are that bad.<br /><br />Women yearning for men who have moved on - had been done to death, we've all graduated ""Sex and the City"". Addison in her youthful aggression towards the guy she likes - very age-inappropriate, looks so unnatural on a woman over 40, and this otherwise talented actress doesn't believe it herself and doesn't deliver it very well. The only successful/palatable developments are Addison struggling with her decision to move to LA, and the ""Voodoo Dr"" and his coping with widowhood.<br /><br />This concept might work with a whole new writing team.",Negative
"Michael Winner is probably best known for his revenge-themed films, such as ""Death Wish"" and ""Chato's Land"", but he is equally gifted as a director of occult Horror cinema, as ""The Sentinel"" of 1977 proves. ""The Sentinel"", which is based on a novel by John Konvitz, who also wrote the screenplay, is a clever and immensely creepy religious chiller that no lover of occult Horror should consider missing. The film is obviously inspired by successful occult classics such as ""Rosemary's Baby"", ""The Exorcist"" or ""The Omen"", but, as far as I am concerned, it is also easily as unsettling as these more widely acclaimed films, and probably even creepier.<br /><br />Allison Parker (Christina Raines) is a beautiful young New York model. Traumatized by events in her her past and not yet willing to marry her lawyer boyfriend (Chris Sarandon), Allison is in search for an apartment, and finds a big, incredibly nice one, which is also affordable, in an old mansion in Brooklyn. The new apartment, however, comes along with a bunch of very strange other tenants. And the sinister new neighbors soon become more than a little bothersome to Alice... This may not be an adequate plot synopsis, but I would hate to spoil any of this film's great moments, so I will not give any further plot description. What I will say, however, is that ""The Sentinel"" is a very creepy and effective film that profits from a great cast as well as an often bizarre and constantly uncanny atmosphere. The fact that director Michael Winner and writer John Konnvitz also acted as producers here certainly had its influence on the outcome. The film is imaginatively photographed, and the eerie old Brooklyn mansion is a fantastic setting for this kind of film. As mentioned above, the atmosphere is obscure and creepy, and the film also includes several shock-moments and genuine scares. The film features many sinister and eccentric characters, and the cast is superb. Beautiful Christina Raines is great in her role of Allison Parker, lovable and yet on the cusp to losing her mind. Chris Sarandon is also very good as her boyfriend, a successful lawyer, and the supporting cast includes many big names, such as Christopher Walken, Jeff Goldblum, Jerry Orbach, Beverly D'Angelo and Tom Berenger, before becoming really famous. The cast also includes stars like Ava Gardner, Horror icon John Carradine, Burgess Meredith, and, my personal favorite, the great Eli Wallach as a cynical homicide detective. I've been a great fan of director Michael Winner for a long time, mostly for films like ""Death Wish"" and ""Chato's Land"". ""The Sentinel"" is yet another great film in Winner's repertoire, and also the proof that the man is not only a master of hard-boiled revenge-cinema, but also of atmospheric occult Horror. All in all, ""The Sentinel"" is a creepy, intelligent, and amazingly bizarre occult chiller that is highly recommended to all Horror fans!",Positive
"They're not jawing journalists Cary Grant and Rosalind Russell from ""His Girl Friday"" or witty detective William Powell and sassy lady Myrna Loy from Thin Man, but Woody Allen and Scarlett Johansson are surprisingly charming as amateur sleuths in Scoop. Their screwball repartee is more postmodern than post Depression, Allen's writing filled with ironic self deprecation and plain old New York angst. Shades of the old wit occur rarely, such as when he, as Sid, the Great Splendini magician, responds about his background: ""I was born into the Hebrew persuasion, but when I got older I converted to narcissism."" Johansson, fresh from Allen's Match Point as a bad girl, here gets to be a relatively good, sometimes ditsy journalism student caught in a murder mystery suitable for London: a serial killer. The plot is a reworking of his recent London-based thriller Match Point, right down to the upper-class sins and the ""American Tragedy""/Place in the Sun boating ""accident."" As a matter of fact, Allen is reworking Manhattan Murder Mystery and Purple Rose of Cairo to name just a couple of other examples. I care not if he reworks; I would like the new material to be at least the equal of the originals, and, alas, it is just a reflection of his younger greatness.<br /><br />Allen as director and actor can't hide his love for the actress, as he couldn't for Diane Keaton, and therefore takes a middling comedy into an appropriate place down the Allen canon, not great but amusing, at times brilliantly satirical: About the suspected upper-class murderer, Sid (Allen) quips, ""I'd be very surprised if he killed one person."" This is vintage Allen humor. While there are barely any bright literary allusions as in most of his film, he lards Scoop with music from Grieg, Tchaikovsky, and Strauss to let us know the Woodman has not lost his touch of class.",Positive
"I like it because of my recent personal experience. Especially the ideas that everyone is free and that everything is finite. The characters in the firm did not really enjoy their ""real"" lives, but they did enjoy themselves, i.e. what they were. The movie did a good job making this simple day a good memory. A good memory includes not only romantic feelings about a beautiful stranger and a beautiful European city, but definitely about the deeper discussion about their values of life. Many movies are like this in terms of discussion of the definitions of life or love or relationships or current problems in life or some sort of those. Before Sunrise dealt with it in a nice way, which makes the viewer pause and think and adjust her breath and go on watching the film. Before Sunrise did not try to instill a specific thought into your head. It just encouraged you to think about some issues in daily life and gave you some alternative possibilities. This made the conversations between the characters interesting, not just typical whining complaints or flowing dumb ideas. You would be still thinking about those issues for yourself and curious about the next line of the story. The end was not quite important after all. You could got something out of it and feel something good or positive about yourself after the movie. Movies are supposed to be enjoyable. This is an enjoyable movie and worth of your time to watch it. I am on a journey too. The movie somehow represented some part of me and answered some of my questions.",Positive
"I liked this comedy so much. Will Smith does not do anything slow. It is always right on target with the greatest scripts and comedy that keeps you laughing, and involved in the plot. You are watching a skilled comedian, who plays all his parts well. One fully believes he is who he is playing. I loved him and Tommy Lee Jones in the Men in Black. This comedy rates right up with that movie. The humor is fast moving, and Will Smith is as sure of himself as he was in Men in Black. Quick witted, and well skilled in the art of making others score each time, but doing it in a tasteful manner, and with finesse.<br /><br />Will Smith seems to have honed his comedy routine well. He was so darn funny. I loved the part where he had an allergic reaction to something he ate, and his face swelled up, and he looked more like Cassius Clay after a fight then he did himself. Then seeing him sipping on the benadryl bottle trying to bring his head back down to the right size. I laughed so hard. He knows how to make us all laugh.",Neutral
"Back when musicals weren't showcases for choreographers, we had wonderful movies such as this one.<br /><br />Being a big fan of both Wodehouse and Fred Astaire I was delighted to finally see this movie. Not quite a blend of Wodehouse and Hollywood, but close enough. Some of the American vaudeville humour, the slapstick not the witty banter, clash with Wodehouse's British sense of humour. But on the whole, the American style banter makes the American characters seem real rather than cardboard caricatures.<br /><br />Some inventive staging for the dance numbers, including the wonderful fairground with revolving floors and funhouse mirrors, more than make up for the lack of a Busby Berkley over the top dance number. They seem a lot more realistic, if you could ever imagine people starting to sing and dance as realistic.<br /><br />The lack of Ginger Rogers and Eric Blore don't hurt the movie, instead they allow different character dynamics to emerge. It's also nice not to have a wise cracking, headstrong love interest. Instead we have a gentle headstrong love interest, far more in keeping with Wodehouses' young aristocratic females.",Positive
Great job! Was very exciting and had great stunts. A show that really rocked. Was a great job by all who worked on this one; and especially the acting on Bobbie Phillips' part. This would have been great on the big screen. Would like to see more of these movies of the week or perhaps a weekly series. This was great entertainment and am glad I watched! By far the best of the three. Keep up the good work UPN and Bobbie Phillips. I'll be looking for the next one.,Positive
"Eisenstien's ""Potempkin"", (Bronenosets Potyomkin), is among the finest films ever made and possibly the best of the silent era. Eisenstien was a pioneer of film form and his use of montage editing has influenced films to this day. The Odessa Steps massacre footage is as powerful today as it was when first seen over 70 years ago. DO NOT pass up the chance to see this film!",Neutral
"Jet Li, is one of the best hand to hand combat fighters in the world. He has been for over 20 years and he puts others in the genre to shame. While he is big in Asia, he is almost unknown here in the US.<br /><br />Black Mask is supposed to be a breakout movie for him, but it fails horribly. First of all, it is dubbed. While it may have camp value (the dubbing isn't even close and it is flat in tone), it seems inappropriate for the ordinary movie viewer. Secondly, the director in this movie, Daniel Lee, does a horrible job. He cuts scenes so fast, at times, you don't know what's going on. Other times, the camera shakes and wobbles. Fans see Jet Li's movies for the fantastic martial arts. However, the director edits the scenes so fast that you don't even know who's who half the time! Other times, a scene is left hanging (ie Li is beginning to cut a hole in the floor of a jeep, while the badguys arm their guns, two seconds later, both Li and the love interest are already under the car!) Other scenes are so improbable, that they cross over the point of being completely ridiculous (killer CD roms? Just give him Throwing Stars!!!!). Li, needs a director who is less prone to machine gun cutting and more to creating a cinematic mise-a-scene. The added rap/techno music goes from being okay to intrusive. The plot has possibilities but are all squandered by cartoonish characters that take away from any credibility that this movie strives for. And are we really to believe that the love interest would not recognize Simon, because he has a half mask on? Wouldn't the hair, lower jaw, or voice give it away?<br /><br />If you want to see a Jet Li movie, try Iron Monkey or his classic Shaolin Temple. This disjointed mess is a complete waste of time.....2/10",Neutral
"Whoopi was the only reason I watched the Oscars that year. She is hilarious. Of course there was a major serious side to the show. She was great not only because she's funny, but because she said some things that needed to be said in a public forum. White folks need to be reminded that Hollywood awards' ceremonies, employment, and representation are WAY out of balance racially. There should be no need for ""black"" awards shows. The white-bread, milquetoast nominators and judges need to bring their heads into the sunshine and see that great material is not limited to ""white"" directors, producers, actors, etc. Allowing Woody Allen on the air was the depth of poor taste. He had no business being there. The fact of the matter is, this is the first Oscar presentation I've watched since ""The Color Purple"" was up for awards. That miscarriage of voting soured me on watching the shows until 2002. Which is not to denigrate other presenters. Billy Crystal is a riot.",Positive
"I don't get it! The teenage leads in ""Horror Star"" supposedly all are devoted horror fans, yet when their favorite idol (Conrad Radzoff) passes away, they dig up his corpse and do all sorts of disrespectful stuff with it, like disco-dancing it around the house and throw food leftovers at it. That doesn't sound like something real horror fans would do, now does it? I'm a big horror fan and I immensely idolize departed icons like Vincent Price, Peter Cushing and Boris Karloff, but it would never come to my mind to ridicule their memory. No wonder Conrad comes back from the dead  admittedly, after a séance  to wipe them all off the face of the earth! Mr. Radzoff already wasn't known for his friendliness in life, since he occasionally killed the directors that disagreed with his visions, and even after his death he suffers from a tremendous ego. Even inside his tomb there are video messages to petrify possible visitors and the group of teenagers will vividly experience that he also enjoys the murdering business outside his film sets. ""Horror Star"" (a.k.a. ""Frightmare"" and ""Body Snatchers"") is a pretty lame 80's horror flick, but there are a handful of cheesy & gory highlights to enjoy. The film mainly suffers from its own stupid plot, since no one  not even a film school student  is stupid enough to steal a recently buried corpse and actually think he'll get away with it, and there are too many tedious moments to struggle through. Conrad's video-speeches from beyond the grave are overly talkative and definitely undermine the tension, but on the other hand his killing methods are pleasingly inventive. One teenager enjoys the experience of getting cremated alive and another one (Jeffrey Combs in one of his first roles!) loses his head in a delightful decapitation sequence. In the absolute messiest sequence, a poor girl' head is crushed by a coffin. Writer/director Norman Thaddeus Vane wanted to bring homage to vintage horror cinema and he obviously how to make film look sinister. The locations and scenery are great, but Vane lacked the necessary funds to provide his film with a proper continuity and editing-job. The acting performances are overall decent, with Ferdy Mayne (imitating Christopher Lee) and Jeffrey Combs delivering the most memorable roles. ""Horror Star"" can hardly be called a must-see or even a good film, but it's worth tracking down in case you're an admirer of enthusiastically made B-horror.",Negative
"Cowboys James Stewart and Walter Brennan take their herd from Seattle to Alaska and on into Canada to stake a claim. Once there, they have to contend with seductive, shifty businesswoman Ruth Roman and ice-cold, happy-go-lucky villain James McIntire.<br /><br />John Wayne may get talked about more, but his good pal Stewart made some excellent, hard-edged westerns too, some with the great director Anthony Mann. Frankly, I'd take this, with it's sturdy action sequences and fine melodrama, over North To Alaska any day!<br /><br />The Far Country features some breathtaking scenery and cinematography that should definitely have been shot in widescreen.<br /><br />Also, there's some strong support by the always reliable Brennan, Roman (who's great), the incredibly cute Corrine Calvet, and James McIntire, who plays one of my favorite types of bad guy, the kind that doesn't take himself too seriously.<br /><br />This would make a great double-bill with another highly recommended Mann/Stewart northwest-set western, Bend Of The River.",Neutral
"I happened to catch this supposed ""horror"" flick late one Friday night, I wish I'd gone to bed! Tell me.. Is a 3 ft tall raincoat-clad twerp on a gurly bike supposed to convey some sort of fear? Not here, yet Mi-low is still able to beat the crap out of the janitor (Antonio Fargas) who is three times his size(?) uh-huh. And the ending is so pitiful... it just leaves you hanging with nothing to go on what-so-ever! I found myself asking, ""Is that it???""<br /><br />Acting is about as good as it'll get in a low budget film. The aforementioned Fargas delivers a decent performance; but it is my conclusion that Jennifer Jostyn maybe one of the worse actresses to ever strut into Tinsel Town! Sure, cute face, but bad acting.<br /><br />Rating: 1",Negative
I went to see Antone Fisher not knowing what to expect and was most pleasantly surprised. The acting job by Derek Luke was outstanding and the story line was excellent. Of course Denzel Washington did his usual fine job of acting as well as directing. It makes you realized that people with mental problems CAN be helped and this movie is a perfect example of this. Don't miss this one.,Neutral
"Miscasting happens. Susannah Yorke is a luminous young Jane Eyre, and her performance is impeccable. However, Edward Rochester is supposed to be 35. White-haired George C. Scott looks and behaves like an arthritic 80. Jane's deceased uncle is in better shape! He creaks and snarls, obnoxious and grim. He looks like an ax-murderer who has sent his ax out to be sharpened; we're not surprised he keeps a wife caged in the attic! The great love story looks like a sado-masochistic nightmare. There is enough darkness in the novel, but Bronte's Rochester is relatively young, athletic, powerful, and charming when he chooses to be. He has a fine speaking and singing voice, a good mind, and a conscience that he unsuccessfully attempts to stifle.",Negative
"For my first taste of Shakespeare on stage, I cannot believe what these people did to a perfectly good play. <br /><br />-Let's start off with the good bit, shall we?-<br /><br />Alan Rickman is alright, although some of his dialog could have been delivered with more feeling. The rest of the actors needed to pull it together. <br /><br />Romeo, Romeo, whyfore art thou not dead yet, Romeo? The actor, while not only completely wooden and deadpan, could not read his lines with any gusto at all. He was completely out of focus, had difficulty even looking Juliet in the face, and absolutely NO grace with the lines that he was given. Whoever cast him deserves to be punished. Juliet is almost passable, but she gives no depth to her character,and seems to be completely out of touch with the play. Mercutio was incredibly creepy and completely out of character for the entirety of his dialog. Benvolio was unfeeling and mercilessly choppy with his lines. <br /><br />I was forced to endure this half-baked production of Romeo and Juliet. The acting was stilted and the costumes were nothing short of distracting. I have seen kindergarten puppet shows with more effort put into them. I only wish that i could give this movie a rating of zero.",Negative
"There is a word for this sort of film, and that word is ""drivel."" It was drivel when it was a VHS rental, and it's drivel on satellite re-runs now.<br /><br />It might fool you, because it has 2 moderately well-known names in Kistofferson and Henriksen, reasonable soundtrack music, and nice Monument Valley scenery.<br /><br />It also has some curly haired woman who fights a lot.<br /><br />If that's all you want from a movie, then maybe this will keep you happy.<br /><br />It's still drivel, though.",Negative
"""Spielberg loves the smell of sentiment in the morning. But sentiment at the expense of narrative honesty? Nobody should love that."" - Lucius Shepard<br /><br />""The Color Purple"" takes place in the Deep South during the early 1900s, and tells the story of Celie and Nettie, two African American sisters. The film opens with the girls playing in a field of purple flowers, an idyllic haven which is promptly shattered by the appearance of their stepfather. This motif  innocence interrupted by men  permeates the entire film.<br /><br />The film then launches into a series of short sequences. Celie is revealed to have been twice impregnated by her stepfather, gives birth in a dirty barn, has her newborn child taken away and is forced to marry a local widow named Albert Johnson, a violent oaf who rapes her repeatedly, forcing her to cook, clean and look after his children.<br /><br />All these horrific scenes are given little screen time, and are instead surrounded by moments of pixie-dust cinematography, a meddlesome symphonic score, incongruous comedy and overly exuberant camera work. The cumulative effect is like the merging of a Disney cartoon and a rape movie, a jarring aesthetic which caused Stanley Kubrick to remark that ""The Color Purple"" made him so nauseated that he had to turn it off after ten minutes. Ten minutes? He lasted a long time.<br /><br />The film is often said to deal which ""racism"", ""sexism"" and ""black culture"", but this is not true. Alice Walker, the author of the novel upon which the film is based, claims to be a bisexual but is actually a closet lesbian. Her book is a lesbian fantasy, a story of female liberation and self-discovery, which paints men as violent brutes who stymie women. For Walker, the only way out of this maze is for women to bond together in a kind of lesbian utopia, black sisterhood and female independence celebrated.<br /><br />Spielberg's film, however, re-frames Walker's story through the lens of comforting American mythologies. This is a film in which the salvific power of Christianity overcomes the natural cruelty of men. A film in which Albert finds himself in various ridiculous situations, moments of misplaced comedy inserted to make him look like a bumbling fool. A film in which all the characters are derived from racist minstrel shows, the cast comprised of lecherous men (always beaming with devilish smiles and toothy grins), stereotypical fat mammies, jazz bands and gospel choirs. <br /><br />This is a film in which black people are naturally childlike, readily and happily accepting their social conditions. A film in which black people are over-sexed, carnal sensualists dominated by violent passions. A film in which poverty and class issues are entirely invisible (Albert lives in a huge house) and black men are completely inept. This is not the Old South, this is the Old South as derived from ""Gone With The Wind"", MGM Muscals, ""Song of the South"", Warner Cartoons, ""Halleluha!"" and banned Disney movies. In other words, it's the South as seen by a child raised on 50s TV. It's all so cartoonish, so racist in the way it reduces these human beings to one dimensional ethnic stereotypes, that black novelist Ishmael Reed famously likened it to a Nazi conspiracy.<br /><br />Of course, in typical Spielberg fashion the film ends with family bonds being healed. This reconciliation was in Walker's novel, but Spielberg goes further by having every character in the story reconcile with their kin.<br /><br />Beyond Walker's hate letter to black men and Spielberg's bizarre caricaturing of black life, we are shown nothing of the black community. We have only the vaguest ideas as to how any of these characters make a living and no insight into how they interact with others in their community. Instead, Spielberg's camera jumps about, desperately fighting for our attention (one of Celie's kitchen contraptions seems like it belongs in a ""Home Alone"" movie), every emotion over played, the director never stopping to just observe something or to allow a little bit of life to simply pass by. Couple this with Quincy Jones' ridiculously ""white"" music, and you have one of the strangest films in cinema history: an angry feminist tract filmed by a white Jew in the style of Disney and Griffith, scored by a black man trying to emulate John Williams.<br /><br />Problematic too is the lack of white characters. Consider this: the men in this film aren't portrayed as being rough to each other, nor do they dominate women because they are brutalised by a racist society which reduces their manhood. No, they are cruel by nature. And the women, whether quietly suffering like Celie or rebellious and tough like her sister, persevere and survive only because the men are too stupid to destroy them. A better film would not have focused solely on the oppression of women as it occurs among the oppressed, rather, it would have shown that it is societal abuse which has led to spousal abuse, that enslaved black women are forced to perform the very same tasks as their male counterparts (whilst still fulfilling traditional female roles) and that African American domestic violence occurs largely because of economic factors, women unable to support themselves and their children alone.<br /><br />And so there's a hidden ideology at work here. Late in the film one character tells another that since he didn't respect his wife, she wound up getting severely beaten and imprisoned by whites. The implication is that blacks need to return to their African roots to restore their own dignity and that it is their fault that whites unjustly crush them. ie- Respect one another in your poor minority community and you won't run afoul of the dominant white culture. <br /><br />3/10 - A failure to confront sex and lesbianism, inappropriate musical numbers, countless sequence loaded with extraneous visual pizazz, incongruous comic business, emphatic music cues, and wildly hyped emotionality, all contribute to rendering ""The Color Purple"" worthless.",Negative
"For Daniel Auteuil, `Queen Margot' was much better. For Nastassja Kinski, `Paris, Texas' was much better. The biggest disappointments were from Chris Menges (`CrissCross' and `A World Apart' cannot even be compared with this one), and Goran Bregovic for use of a version of the same musical theme from `Queen Margot' for this movie (Attention to the end of the film). If this was an American pop movie, I would not feel surprised at all; but for a European film with more independent actors and director, a similar common approach about child abuse with no original insight is very simple-minded and disappointing. There are those bad guys who kidnap and sell the underage people. There are those poor children who hate people selling them and wait to be saved by someone. And finally, there is that big hero who kills all the bad guys and saves these poor children from bad guys. Every character is shown in simple black and white terms: the good versus the evil. Plus, from the very beginning, I could understand how the story would end. Is this the end of the history of child sexual abuse? I believe that the difficult issue of child molestation and paedophilia is much more complex than how it is portrayed in this not very original movie. I think this movie was not disturbing, but very disappointing.",Negative
"This is a really fun movie. One of those you can sit and mindlessly watch as the plot gets more and more twisted; more and more funny. Sally Field, Teri Hatcher (in her hey-day), Kevin Klein, Elisabeth Shue, Robert Downey, Jr...It's all these well-known, quality actors acting as if they are soap opera stars/producers. If you have ever watched a soap opera and thought, ""How on earth did they come up with THIS idea??"", you will LOVE this movie. I have seen it multiple times; and each time I watch it, the more I appreciate the humor, the more I realize just how well-acted it really is. Don't expect Oscar quality. This is a fun movie to entertain, not some artsy attempt at finding ""man's inner man"", etc. Sit back, relax, and laugh.",Positive
"I read comments about this being the best Chinese movie ever. Perhaps if the only Chinese movies you've seen contained no dialogue, long drawn-out far-away stares and silences, and hack editing, then you're spot on.<br /><br />Complicated story-line? Hardly. Try juvenile and amateurish. Exquisite moods and haunting memories? Hardly. Try flat-out boring and trite.<br /><br />This was awful. I could not wait for it to be over. Particularly when the best lines in the movie consist of ""How are you? I'm fine. Are you sure? Yes."" Wow! What depth of character. I guess the incessant cigarette smoking was supposed to speak for them.<br /><br />As a huge fan of many Chinese, Japanese and Korean films, I was totally disappointed in this. Even Zhang's sentimentally sappy ""The Road Home"" was better than this.",Negative
"Just finished watching The Groove Tube which I first saw about 23 years ago when I was a teenager staying up way past my bedtime watching HBO with my brother and his best friend. We had also watched Animal House just before that so we saw two movies that starred an SNL alumna and had some naked breasts. Good thing our parents were asleep the whole time! Anyway, there were lots of weird and funny things in this movie that were eye-openers like the Brown 25 sequence of the Uranus Industries commercial (""with the taste of beef stew"" says the announcer as what is apparently human excrement comes out of a white tube. Ewww!) or the face of the puppet talking about VD (a scrotum with a small penis with eyes glued on). Chevy Chase and Richard Belzer made their feature film debuts here. Chase is hilarious whether doing a Geritan spot with a woman stripping, having his hands have sex in a ""Let Fingers Do It"" commercial, or singing ""Four Leaf Clover"" with co-writer/director Ken Shapiro drumming his hands on his head. Belzer teams with Shapiro in ""The Dealers"" movie, and on ""Channel One Evening News"" with one wild bit having Belzer as a black prostitute trying tricks on reporter Ken who plays Lionel here. ""Lionel, that sounds like a train that I'm going to ride like a Choo-Choo!"" Other outrageous bits include ""The Koko Show"" with Shipiro as a kid clown show host who, after ordering the ""people over ten"" to leave the room, reads requests of his viewers like passages of ""Fanny Hill""! Or how about the Olympics segment with a German couple making love being announced by two men (one of them Spanish) as they get explicit while ""Please Stand By"" keeps interrupting on the screen! Or the animated segment on ""The Dealers"" which depicts dancing toilets after Shapiro ingested some marijuana! Not everything's so dirty. Besides the ""Four Leaf Clover"" skit, at the end there's a highly amusing music segment with Ken lip-syncing his own recording of ""Just You, Just Me"" while dancing with suit and briefcase around the city with occasionally a cop (co-writer Lane Sarasohn) joining in. So, in summation this is one weirdly, funny movie that seemed to influence other like films (Tunnelvision, Kentucky Fried Movie) and possibly Saturday Night Live (which made Chevy that show's first star) and, despite some dated elements, can still amuse today. P.S. While I liked hearing Curtis Mayfield's ""Move On Up"" during the gorillas dancing/hitchhiking beginning sequence, I did wonder what the point was with the sequence of the hitchhiker and the woman who picked him up, having them running from the car, stripping on the run, and then having the naked man get caught by the cop who stopped on the road. Guess it's one of those '70s streaking things...",Positive
"This film, which is based on a true story, comes from first time director and long time actor, Denzel Washington. Denzel Washington has given us some of the best performances of the last decade, as a black soldier in the Civil War in Glory, and a lawyer in the acclaimed Philadelphia. And of course, he made special notoriety last year when he won the Academy Award for Best Actor in Training Day, in which Denzel Washington became the first African American to receive the award for Best Actor. I guess Denzel wanted a change of pace, so he chose to direct Antwone Fisher, in which he also stars. Fisher is played by Derek Luke, who is new to the silver screen, but has made some guest appearances on such television shows as King of Queens, and he will be appearing in the upcoming film release of Biker Boyz.<br /><br />	This is a truly well done film from Denzel Washington, considering it was his first time directing. Undoubtedly, Denzel felt some kind of commitment and believed in the real life story of Antwone Fisher. Antwone Fisher is about a young African American man in the Navy who constantly gets into fights, and after one particular brawl he is sent to see a Navy psychiatrist named Jerome Davenport, played by Denzel Washington. Davenport helps Antwone to deal with his troubled past and learn to move on with his life, by finding his birth mother who had to give him up at birth because she was in prison. What makes this film good is the fact that it's not overly melodramatic. I was expecting something a little more like Good Will Hunting, with a lot of swearing, fighting and vulgarity. Not that I didn't like Good Will Hunting, or the swearing, fighting and vulgarity of the film were out of place. Quite the contrary! However, Antwone Fisher is a true story, and I don't think that Washington wanted to sensationalize the story for dramatic affect in the film. Don't get me wrong, there are moments when we see Antwone fighting, carrying on and having moments when it seems like the world is closing in on him. After all, in his first session with his psychiatrist, the character played by Washington, Devenport asks Fisher where he was born, and Fisher's response is, `from under a rock,' an obvious jab at the pressures waning on Antwone Fisher's soul. But I had to appreciate the fact that this film wasn't sensationalized for dramatic affect. I think it shows real character on the part of Denzel Washington to deliver a more realistic story and to avoid the typical clichés that are common in Hollywood films, even those based on true stories. One other point that I would like to bring up about Antwone Fisher is the acting. Over all, performances were good in the film, but not great. At times, I think it was a bit obvious that the main characters were actors, but overall, to complain about performances in this film would be ludicrous. One actress that I would like to point out in this film is Viola Davis. She plays Antwone's mother, but she says barely two sentences in the movie at all, but not so much because she appears at the end of the film, but more because she in shock that her long lost son, Antwone has found her. What I would like to point out about her as an actress in the lack of use of her. She in basically a character actress, and I haven't seen her play any really elaborate roles. She made appearances in Traffic, Out Of Sight, Kate & Leopold, and two recent films: Far From Heaven and Solaris. In Steven Soderberg's remake of Solaris, she played a scientist on a doomed space craft orbiting a planet. In that film, she is confronted by George Clooney's character and she drawn to tears by what Clooney tells her in a particular scene. When I first saw Solaris, I remember seeing her tear up in the scene and thinking, wow, this woman can act. It was as if you could feel the character's grief. In that brief shot of her face, she gave so much expression and I honestly felt very sorry for her character's sadness and trouble in the film. I think she has definite potential as an actress and should be used more often perhaps in leading roles, rather than just as a character driven actress. Nonetheless, Antwone Fisher is a very good movie. Denzel Washington, as always, pulls off a great performance and he gives us a great directorial debut. Also, Derek Luke is a very talented actor. I think that Antwone Fisher will bring his immense critical fame for his portrayal of the troubled man, but I think that his public popularity will increase with the release of Biker Boyz, which also stars Lawrence Fishburn. Antwone Fisher is based on the book `Finding Fish: A Memoir,' by Antwone Quenton Fisher. ***",Neutral
"Shes the man is great. its funny, original and made me laugh so much i nearly wet my seat. the day i went to go see it at the movies i wasn't in the best of moods (man trouble)but leaving the movie i had a grin plastered on my face. The story is a bit out there with the whole no-one noticing that she looks way too much like a girl but hey who am i to say whats believable, the jokes are great and some of the one liners in this 2006 hit could go down in history. Amanda B. did a great job as the main role and Channing Tatum looks too good to be true as her opposite as the gorgeous Duke. So girls go see this because its a great laugh and there's a hot guy in it and boys u go see it because you might just learn something about girls! <br /><br />All in all a brilliant,fantastic and fun movie which i will be buying on DVD when it comes out.",Positive
"You'd think that with Ingrid Bergman and Warner Baxter that this film would have been a lot better. Sadly, the film suffers from difficult to believe characters as well as a major plot problem that makes some of the characters seem brain-addled.<br /><br />The film begins with Ingrid Bergman coming to work for the Stoddard family. Everything is so very peachy and swell--the family adores Bergman and things couldn't be more perfect. Well, that is until the mother (Fay Wray) dies, the stock market crashes in 1907 (wiping out the family's fortune) and Bergman is forced to go back home to France. This portion of the film is a bit sticky sweet, but not bad.<br /><br />Later, after the family's fortunes have improved, Bergman returns. The four boys are now all grown and there isn't really a conceivable reason why they'd hire her once again as a governess. But, briefly, everything is swell once again. But, when WWI occurs, the four all go to war--gosh! In the midst of this, one of the sons (David) brings home his new wife (Susan Hayward). Miss Hayward's character is as black and white as the others, though while they are all good and swell, she's obviously a horny she-devil. To make things worse, she comes to live in the family home while David is at war.<br /><br />Now here is where the movie gets really, really dumb--brain-achingly dumb. Hayward begins an affair with one of David's brothers but when the father sees a silhouette of the lovers, Bergman enters the room from another entrance and pretends that it was her, not Hayward with Jack! WHY?! Why would any sane person do this to save the butt of an obviously evil and conniving woman? This was exactly the sort of excuse Bergman needed to get rid of the gutter-snipe once and for all! This is just a case of lousy writing and made me mad...and most likely did the same to the audiences back in 1941.<br /><br />The rest of the movie consists of failed opportunity after failed opportunity for Hayward's evilness to be exposed. This just flies against common sense and made the film a silly melodramatic mess. As expected, however, the truth eventually comes out and everyone is swell once again---happy to be one big loving wonderful family minus the slut, Hayward.<br /><br />The film suffers because of poor writing. Hayward's affair made no sense--at least in how it was handled. And, having characters who are so gosh-darn good or evil (with nothing in between) sinks this movie to the level of a second-rate soap. The only thing that saves it at all is the acting---they tried as best they could with a turgid script. Suffice to say that the Columbia Pictures writers who did this film should have been slapped with a dead chicken!",Neutral
"It must be remembered that the Gammera movies, like many of the first-series Gozilla films, WERE in fact aimed squarely at kids. Little Kenny and his cohorts are living out the daydreams of the kids in the audience: they get to run around and play with top-secret stuff while the adults stand by and allow it; they get to cavort with monsters, and even when the bad guys enter, they are never in any real danger.<br /><br />Perhaps the first Gammera film is an aberration because the child DOES get punished and IS put into danger, but the rest of the series is pure wish fulfillment.<br /><br />As one critic said, these aren't failed adult movies but successful kid's movies.",Negative
"This show is the worst show ever! Norris and his family write it, produce it, direct it, etc etc. The only reason I ever see it is because my goofy wife likes it. How many times can Norris fly though the air from plain sight to land a kick on an obviously blind villain? No trees, no building, just whoosh.....thin air. He ALWAYS solves the case or is the best at whatever skill there is. No co star ever gets the glory. Its all Norris. Its truly apparent that Norris is awful stuck on himself and will not allow anyone to one up him in any scene no matter what the content. Terrible acting, terrible script, terrible series.",Negative
"of the films of the young republic few in number as they are The Buccaneer (1958)stands out as a finely crafted film. Charleton Heston excels in his portrayal of Old Hickory's defence of New Orleans with a thrown together force of militia, regulars and pirates promised a reprieve.<br /><br />after Christmas 1814 peninsula veterans led by sir edward packenham, the duke of wellington's brother in law bore down on the city of new orleans. andy jackson had a day to draw together a scratch force to defend the city behind bales of hay.<br /><br />Charlton Heston projects Jackson's terrifying presence and awe inspiring power of command. Yet there are a few colorful comic relief. With the might of the English lioness about to pounce, a young blond haired voluteer from New Orleans asks: I guess the ruckus is about to start.<br /><br />the battle was about to rage but not for long. true to form the British marched straight into withering American fire. in less than a few minutes an attempt to reconquer lost north American territories had been foiled.<br /><br />the battle scene in this movies lasts slightly longer than the actual battle itself.<br /><br />there are colorful side stories in this film of the young volunteer at his first dance to celebrate the victory.",Positive
"Count Laszlo (Ralph Fiennes) has just been transferred to a hospital in Italy during World War II. He is horrifically burned from an ambush. His nurse Hana (Juliette Binoche) tends to him, body and mind, for she fears, quite rightly, that he may be a very troubled soul. In the course of his care, the Count starts to tell Hana of his recent past. It seems he worked in a government capacity in Africa, where he met a beautiful married lady named Katherine (Kristin Scott Thomas). Although they tried to avoid each other, they fell in love. After a brief affair, Katherine called it quits, leaving the Count desolate. Even so, the two would meet again, under heart-wrenching circumstances. Meanwhile, Hana herself falls for a Sihk man in the British bomb squad. Yet, the war is raging relentlessly. Can love exist when the world is in turmoil? This is a tremendous film, based on an equally fine but complex novel. The plot has many story lines that are woven together beautifully, each of them poignant beyond description. The script itself is elegant and contains many memorable lines. Fiennes is magnificent, both as the burn victim and as the man who thought love was a myth. Scott Thomas is also quite fine as the woman who fights against her passions. As for Binoche, she richly deserved the Oscar that she was presented, as her nurse is a shining example of hope in a hopeless situation. The scenery is utterly gorgeous, as are the costumes, the direction, and the production. If you have missed out on viewing this film, rectify that soon, very soon. The English Patient will remain one of the greatest achievements in film for centuries to come.",Neutral
"My boyfriend and I decided to go see this movie after we heard on the radio that it was a good movie worth seeing, even up there with ""Cars"". Within the first ten minutes of the movie, I was horrified. For starters, the cows, which should be females, had male voices. Then I realized they really are supposed to be guys. I put the transvestite cows aside for a bit and tried to keep watching the movie with an open mind, but it was just so corny I couldn't help but shake my head. I probably checked my phone about ten times to see if it was almost over. The plot was decent, if not predictable, but it took way to long to reach its point. I was having trouble sitting through it, and I'm 19. The children in the theater were actually getting up and running up and down the aisles. I felt like joining them. But my biggest problem with the movie was that it was loaded with drinking references, not to mention that the cows/bulls actually hot wired and stole a car, then drank and drive, broke into a boy's house to push him out of bed (he deserved it though), then ran away from the cops, whom the writers of the movie made look like terrible people. This isn't the kind of thing I would want my kid to be exposed to. There's way too much of that in the real world, if I wanted my child to watch guys drink and drive and lead cops on a chase, I'd pop them in front of the 10 o'clock news. Children's movies are supposed to be an escape from reality, not an escape into ridiculousness. What happened to the good morals and happy endings that children's movies used to boast? That's why Disney's old movies, like Beauty and the Beast, Lady and the Tramp, The Little Mermaid, etc. are classics. If you want your kids to see a great cartoon with basically the same plot as ""Barnyard"", rent ""The Lion King"". You can get a great story without the awful drinking and driving and grand theft auto references. The writers of ""Barnyard"" were obviously trying to continue the great trend of making a children's movie that a parent could enjoy as well, but they did so in very bad taste. I would never take my kids to see this, and I suggest you save your money and watch something else.",Neutral
"I really, really don't understand how that movie could get a rating bigger than 4 here on IMDb. It's simply a huge mess, and I have to admit that I actually liked AvP 1: Close to no story, okay, I can live with that, but at least they got to the point pretty much at once. AvP 2 does not. After the stupid premise has been presented there is well over half an hour of stupid and unfitting teenager clichés, dumb as hell dialog and close to nothing else, except for a few Alien scenes that feel like an excuse to have that first half of the movie and Predator scenes that make you ask yourself whether those guys making the film even watched any other Predator movie or just didn't care enough to be bothered.<br /><br />After that, that crap-fest finally gets to the point where the Predator starts attacking the Aliens, or at least pretends doing so. And boy, is that Predator stupid, blind and deaf. It's awful. How he even managed to earn that stuff he has is beyond me. He misses with almost every shot, only notices Aliens when they're right in his face or if it's absolutely necessary for the script, so that he can move where he has to be. He even gets caught on surprise by puny human teenagers and deputies all of the time. What's that guy supposed to be? After the first hour of that abomination I was more or less constantly shaking my head at every scene. Close to no scene in this movie passes by without unbelievably stupid dialogs, stupid Predator actions or stupid lack there-of or stupid actions from our ""heroes"".<br /><br />Then, that thing finally ended. To my surprise not only me and my friends didn't know whether to laugh or to cry, but everybody I overheard leaving the room was half-crying, half-laughing about those 1 1/2 hours they just wasted.<br /><br />Don't watch. Never.",Neutral
"This is an extremely dense, somber, and complicated film that unravels quite slowly, revealing excruciating detail, like the attention paid in a novel, and watching this film ""IS"" like watching a novel unfold. While I didn't care for the narrator, as I felt he was out of balance with the rest of the performances, this film features some of the best ensemble acting I have ever seen, and the lead, Summer Phoenix, is fabulous. Her innocence and naivete some might find implausible, sort of a cross between Cinderella and Alice in Wonderland. I can buy that critique, but she's still fabulous, partially because she's unlike anything I've ever seen before.<br /><br />This film is unbelievably beautiful, filmed by Eric Gautier, and part of what is so unique about this film is how it doesn't ever show what you'd expect. It's always surprising, and despite it's length, the film never reveals more than it needs to. At 163 minutes, it's extremely concise, to a fault, I'd say, which is one of the wonders of this film. It's filled with brief moments which are simply stunning, some of the best you're likely to see all year, and all these moments add up in the end to an extraordinary film experience. The family moments are unique, Ian Holm is brilliant, and what this film has to say about the theater hasn't been seen in films since Cassavetes' ""Opening Night,"" or perhaps Chaplin's ""Limelight."" But, believe it or not, this film is much ""less"" conventional. I never knew where this film was going, and now, having seen it, it still has multiple possibilities. This is a powerful, incredibly provocative film.",Neutral
"Certainly one of the most hilarious films of all time. Excellent original music, clever, heady...it's hard to be articulate about something this good. There isn't one character that you don't instantly love to watch- Myronex ""Putney, there's trouble in the black room!"" ""My name is Rufus."" The lines, thrown away left and right, are classics themselves, recalling Slapshot, Caddyshack, Anchorman, Repoman, Dolemite, any comedy whose dialog is not of the formulaic set-up punchline variety. ""Putney, Myronex called you tasteless!"" ""My organization is pro-integration..."" ""Where's Lopez? 'He's in my head'"" They don't sound brilliant until you hear them in the context of the scene. ...This movie will eat your brain, it's too good. I've read reviews calling this film racist, which couldn't be farther from the truth. Every scene is gold, from the Etherial Cereal commercial to the Brothers In the Black Room meeting to that haunting trumpet in the closing scene. One word - genius.",Positive
"Even though i am slightly older than the recommended age group, I really enjoyed this movie. It's a little break from reality and it must be every little girls dream to become friends with a pop star. I know it was mine, to be sure! The first 10 minutes were really cheesy and the mean girls said a few things that were also slightly cheesy. Once you get over that, you can really start to enjoy it. I loved the relationship between JD and Jane - it was really sweet and you could see how much they began to like each other. The soundtrack is perfect and it fits into the film really well. I also liked the family set up for Jane, her sisters seemed lovely. Very well made film.",Positive
"In A Minute To Pray, A Second To Die, Clay McCord (Alex Cord) is an unhappy outlaw with a ten thousand dollar bounty on his head and degenerative epilepsy.<br /><br />Realizing his days as an outlaw are numbered, he wants desperately (though somewhat reluctantly) to take advantage of an amnesty being granted by rough and tumble territorial governor Robert Ryan, (excellent performance) who badly wants McCord to renounce his ways and accept the amnesty as an example to others while in the bandit hub of Escondito, outlaw Mario Brega plans to kill McCord to stop that from happening.<br /><br />Also starring Arthur Kennedy, Aldo Sambrell and a slew of other familiar European faces, this is co-written and produced by (American) spaghetti western pioneer Albert Band, also responsible for the pre-Leone film Gunfight At Red Sands.<br /><br />Though the solution to the main character's ""epilepsy"" is lifted straight out of Howard Hawks' El Dorado, the script is solid, pretty fresh and unpretentious. This has a great balance of action and story and Alex Cord is great in it. He really should have been a bigger star.<br /><br />In defense of the shorter (well dubbed) English version: personally I'm past that age where the longer version is always the better version and the ending where McCord is ironically gunned down by grimy bounty hunters after his pardon, is needlessly nihilistic and completely destroys the film's message about hope and redemption.<br /><br />Call me old-fashioned, but I rooted for McCord and felt he earned that happy ending!",Positive
"Boy what a dud this mess was.But it only lasts an hour and I only paid a buck for it so I'll live....unlike the entire cast of this 1933 clunker who are all dust by now.<br /><br />So anyway a small village starts having bodies turning up that have been drained of all their blood.The local yokels start talking about vampires ,of course,and a little more loudly after each body is found.The town sheriff or constable or whatever he is,played by awesome actor Melvyn Douglas,tries to tell them otherwise.When he mentions the fact that the dead have one large hole on each side of the neck,instead of two holes close together, the locals simply then say it's a giant vampire bat.The constable insists that vampires do not exist and it must be a human culprit doing the killings.<br /><br />But Melvyn doesn't seem too bothered either way.He spends most of his time trying to get into the pantaloons of his sweetie,played by Faye Wray.Also in this mix is the town simpleton,played by Dwight Frye,who always seemed to have played the same role in every movie he did.He further freaks out the townspeople by catching bats and drinking his own blood.Lionel Atwill plays the town doctor who seemingly is trying to help the constable solve the crimes.And boy does he ever stink as an actor.Atwill is as close to cardboard in this role as he could get.And Lionel Barrymore is also in this thing....lots of big names to be such a pile of guano.<br /><br />Other than the terrible mis-title this movie has,the alternate name,""The Blood Sucker"" is much better,this movie is also dull and plodding and just silly.<br /><br />For me the high point of the movie is watching Frye,he nails the freaky town weirdo but other than him this movie didn't offer much.And then when you find out the reason for the strange deaths and see the special effect thing that required all this blood you'll really be let down.<br /><br />Bela Lugosi did a lot of awful pictures but at least he was fun and interesting to watch.Think of this movie as a really bad Lugosi clunker WITHOUT Lugosi and you'll get a feel for how miserably bad this mess was.<br /><br />If you can't make a good 1930's horror film at least put Lugosi in it.",Negative
"I enjoyed every moment of this movie, even though I knew they could never really be together. With the life expectancy of a Bomber pilot being only six weeks, It made me feel for all of those women and men back in the 1940's who must have lived this story.",Positive
"I rented this film thinking it was the sobbingly sad 1959 version I saw as a kid. It was not. I was therefore very disappointed with what I felt was marginal acting, poor character development, and most of all, failure to highlight the relationship between the boy and his dog. In this version... the ""Dog of Flanders"" is just a cute ""aside"" to the movie. Get the 1959 version!",Negative
"I read James Hawes book. It was pretty neat, not great, but entertaining enough. Without having read the book I wouldn't have had the slightest idea what was going on, and it was still a stretch with that knowledge.<br /><br />Literally every element of this film is abysmal in ways I do not have the capacity to describe. Half digested fish could have made a better film with matchsticks and dayglo lipstick.<br /><br />Never before or since as a film made me feel so angry. The Mattress sequels came closest, but even they never reached such depths of utterly putrid nauseating appallingness that this bilge did.<br /><br />Since wasting 90 minutes of my life witnessing this plague on human kind I am now unable to even look at any book by James Hawes without feeling angry. That is the depth of hatred I have for this piece of sh*t. No, that's unfair. Let me apologise to all fecal matter for comparing you to the otherworldly evil that is Rancid Aluminium.<br /><br />Plain and simply a cancer on the world of cinema.",Negative
"Three words: What a pile..... Two words: Don't bother! One word: Sucked! There are zero reasons to see this movie. Even those Seagal groupies should shy away from this movie. The martial arts, the typical Aikido, are horrible. The martial arts moves themselves are fine but the cinematography is pathetic. The movie actually goes into slow motion whenever Seagal give his ""kill move"" to his victims. Worse yet, is shows the same move three times in rapid succession from three slightly different angles. How stupid. Seagal's acting was plain stupid, but I still give this movie a ""6"" for acting because of the supporting cast whose ""villain"" roles were actually quite entertaining.<br /><br />The plot is just dumb. Seagal plays a Federal Express agent with a license to kill. His character also has that dedicated work ethic which means all of his packages get delivered to the correct people on time - at no extra charge - and nothing stands in his way. Not assassins, political leaders, explosions, or even death.<br /><br />I expect a certain level of violence in a martial arts film, but there are several scenes in this movie of random and horrible acts of violence that lend itself in no way to the advancement of the movie or its story. There is a reason this movie went directly to video and there are tons of reasons to avoid it. No one should bother with this tripe.<br /><br />",Neutral
"Like the first film in this series (SLAUGHTER, 1972), I think it would be a mistake to just label this a ""blaxsploitation film"". Sure, Slaughter is a tough, gun-toting, Black man but it's more of an action picture regardless of the color of the leading man or the bad guys--and a very good action picture at that.<br /><br />For the second and final time, Jim Brown plays the title character. The film begins with one of the goofiest scenes I can remember in a film. As Slaughter and his friends are enjoying an outdoor party, along comes a biplane and begins spraying the group with machine gun fire! No, Slaughter isn't so tough that he then shoots down the plane with his .357! But Slaughter is ticked and no one is sure why this hit was happened--however, Slaughter is going to get to the bottom of it! Well, it turns out that the hit was attempted in retribution for the last movie. In it, Slaughter takes on the Mafia and kicks lots of butt down in Mexico. Now, in a horribly bungled and clumsy attempt, the guys in the plane kill and injure quite a few people but miss Slaughter. And, because the job was bungled so badly, the mob boss (Ed MacMahon!!) orders the pilot and gunman killed by his brutal assassin (Don Stroud--in a very typical sort of role for him). Stroud is great--scary and nasty to the core, but Ed MacMahon as the boss?! Wow, that's an interesting twist! <br /><br />Slaughter is now stumped. He figured out who the two guys were in the plane but by the time he got to them, they were dead. So, to help him along in his own private vendetta, Brock Peters (who plays a cop) tells him who the mobsters are who ordered the hit and got Slaughter to agree to help by doing some illegal undercover work. So, Slaughter and his pimp friend break into the mobster's mansion and steal a list of payoffs to key government and police officials. And, naturally, there is a lot of shooting and bloodshed in the process.<br /><br />Stroud isn't about to let Slaughter get away with this and kidnaps Slaughter's girlfriend. Now it's a standoff--Slaughter has the list but if he doesn't give it back, the lady is dead. Being a tough but gallant man, you might just be able to guess much of what happens next.<br /><br />The action is very good in the film and Jim Brown is menacing and tough. The only negative I noticed was that while having MacMahon play this nasty boss, at the end, he simply folded--and way too quickly. When Slaughter catches up to him, MacMahon becomes a wimp and all the previous nastiness disappears--and this is too much of a cliché and inconsistent. Still, despite this minor quibble, it's an engaging film that is NOT for the kids due to all the violence and boobs.",Positive
"If you're a fan of Turkish and Middle Eastern music, you're in great luck. This film is a documentary of current music in Istanbul, spanning the traditional to the modern. It's very good. You could not do better if you went to Istanbul yourself. We get interviews with Orhan Gencebay, concert clips of modern musical icons, a road show with a Romani (Gypsy) audience, Turkish Hip Hop (surprisingly very very good), and much much more. Some of the best female vocalists I've ever heard. A Kurdish woman singing in a hamam (steam bath) who will rip your heart out. Lots of social and political background. If this is your thing, you'll have a grand time. I could barely sit still in the theatre.<br /><br />CD soundtrack now available on amazon. Pricey.",Positive
"Yikes. This is pretty bad. The play isn't great to begin with, and the decision to transfer it to film does it no favours - especially as Peploe doesn't decide how she wants to treat the material's theatrical origins (we get occasional glances of an observing theatre audience etc.) and has decided to go with a jumpy editing style that is intended to keep reminding you that you're watching a film, whereas in fact it only serves to remind you that you are watching a very poor film by a director who is overwhelmed by her material. Mira Sorvino's central performance is breath-takingly poor: stage-y and plummy, it's as if she's playing the part via Helena Bonham-Carter's Merchant Ivory oeuvre. Only Fiona Shaw delivers a performance of note - and it may be that her theatrical pedigree means that she is best able to handle the material - but it's hard to watch a film for one performance alone, even if that performance is as light, truthful and entire as Shaw's. Ben Kingsley turns in an average and disengaged turn, and Diana Rigg's daughter, Rachel Stirling plays her supporting role as just that. Sadly, none of Bertolucci's magic has rubbed off on his wife if this film is to be the evidence.",Negative
"The Detonator is set in Bucharest where some sort of ex CIA Government agent named Sonni Griffith (Wesley Snipes) has tracked down a arms dealer named Dimitru (Matthew Leitch), things go wrong though & Dimitru finds out that Sonni is working for the US Government. After a big shoot-out most of Dimitru's men have been killed by Sonni which the local Romanian police force are unhappy about, top man Flint (Michael Brandon) decides to send Sonni back to the US & at the same time protect a woman named Nadia Cominski (Silvia Colloca) who is also being sent back to the US. However it turns out that Nadia is wanted by Dimitru & his football club owning boss Jozef (Tim Dutton) who need her in order to complete a deal for a nerve gas bomb which they intend to set off in Washington killing millions of people...<br /><br />This American & Romanian co-production was directed by Po-Chih Leong & The Detonator confirms beyond any shadow of a doubt that Wesely Snipes has joined the washed up action film stars club who are relegated to making generic action films in Eastern European locations, yep Snipes has joined such luminaries as Jean-Claude Van Damme, Steven Seagal, Dolph Lundgren, Rutger Hauer & Chuck Norris. I give Snipes a bit of credit since he held on a little longer than the rest with the excellent Blade: Trinity (2004) still fresh in a lot of cinema goers minds (every film he has made since has gone straight-to-DVD) but it had to happen sooner or later, like a lot of the names I've mentioned Snipes has lived off the reputation of a few great films & if you look at his career he's been in more bad films that good ones. Like the recent films of JCVD & Seagal The Detonator is pretty awful. The script by Martin Wheeler is as predictable, boring & by-the-numbers as anything out there. The Detonator is the sort of film you expect to see on an obscure cable TV channel playing at 2 O'clock in the morning. The Detonator is chock full of clichés, Snipes is forced into a situation where he has to protect a woman & at first they dislike each other but by the end they are in love, his closest friend at the CIA turns out to be a traitor while the obnoxious by the book boss no-one likes actually turns out to be a pretty decent guy, Snipes character is allowed to run around Bucharest shooting, killing & blowing people up like it doesn't matter & he never gets arrested, the action is dull & forgettable, the bad guy own a football club so there are lots of annoying football terminology & there aren't even any funny one-liners.<br /><br />Director Leong doesn't do anything anything to liven things up, The Detonator looks cheap with a car chase in which the two cars never seem to get over the 30mph mark. OK the action scenes are relatively well staged but they are few & far between & utterly forgettable in a 'bad guy shoots at Snipes & misses, in return Snipes shoots at bad guy & kills him' sort of way. There's a half decent car crash & explosion but very little else. It seems some of The Detonator was shot in a Romanian football stadium, I think I'd rather have watched the game for 90 minutes rather than this film.<br /><br />With a supposed budget of about $15,000,000 The Detonator is reasonably well made but not that much really happens. Set & filmed in Bucharest in Romania. The acting isn't that great, Snipes just doesn't seem interested & feels like he is just there for the money which I don't blame him for at all.<br /><br />The Detonator is yet another poor clichéd action film starring a has been actor & set in Eastern Europe. Why do Sony keep making these things? Not recommend, there are much better action fare out there.",Neutral
"i enjoyed this film immensely, due to pungent scenes (humorous as well as ironic, some even ""tragical""), believable performances, witty dialogue and a heartfelt rendering of what it´s like or rather c a n be like to be hetero- and/or homosexual & on the lookout for fulfilment of your desires. i´m aware of the paradox here: homo- a n d hetereosexual.... this is something the film tackles on end, but never uses for caricature. if you´re as open-minded as the people seem to have been who made that film, in the end it won´t matter to you if those who lie in each others arms are of the same sex or not.<br /><br />""mr. smith"" from the matrix gives an admirable turn as a gay houses-salesman with ""strange"" appetites here, but that´s not the only thing to marvel at. enjoy.....",Positive
"I just saw the movie in theater. The movie has very few good points to talk about. Kareena's beauty and a couple of songs may be. Thats it. The movie is a complete disappointment in all areas. Anyone associated with the movie will be disappointed, even Mumbai Indians too (just now Chennai has made it to semi-final). <br /><br />But the worst I feel about the movie is the action scenes. Now days Bollywood is trying to copy action scenes from Hollywood. But they forget that Hollywood directors takes a lot effect to make it look like real. But unfortunately Bollywood directors do not have that much of time. They spend their time on songs and publicity of the movie. Now such too stupid action scenes may work in South as the audience just pay to watch their favorite actor killing bunch of people. But in Bollywood this is certainly not going to work. All the action scenes I wish I could have forwarded. At the end even some Chinese people appear from nowhere to beat Akshay Kumar. This is height of stupidity. Audience is not paying to watch such stupidity. I think Bollywood now should forget about the action movies. They cant make it. The last good action I have seen was from ""Ghatak"" and ""Khiladiyon ka Khialdi"". The current scene in Bollywood is really sad for action movie fans like me. Does these people see their movie after completion? Can't they figure out that the slow motion action (which is done using ropes) is too unrealistic and childish? Better not to have action scenes if you cant handle it. I just want to go back to Amitabh's era where movie like Zanjeer and Deewar were having thrilling action scenes. The sound effect was not very effective in those days, but visually it is much better than current era scenes. <br /><br />This movie now should open the eyes of the Bollywood movie directors. Please don't make any more action movies, until you acquire the art of making it realistic.",Negative
"i adore this film as much as any one adores viewing whatever it was they saw when they were young. it was one of those films that Home Box Office showed every other day throughout my youth. this film is forever lodged in my brain. For someone who didn't grow up around this film, you may have become spoiled by the ADD cycle we've been in since the mid-90's and may find it more difficult to appreciate this gem. cool this is, as my sis was doped up on ""better off dead"" before i saw this (of which i raped & loved)-and no one, NO ONE can deny the embrace of awkward teenage humor in American cinema in the 80's - this gave birth to everything we have found tiresome in teen comedies..because with all the overuse of slow-mo, the current soundtrack, the new tech. I wonder if cinema will go back to these roots... THIS IS the teen comedy...YES!",Positive
"While this movie isn't a classic by any stretch, it is very entertaining as I remember it. I saw it about 15 years ago on HBO and loved the movie. It was written by the same guy that wrote and directed ""Arthur"" and though it isn't as funny as that movie, it does show the potential that Steve Gordon reached with ""Arthur"".",Positive
"Imagine a woman alone in a house for forty five minutes in which absolutely nothing happens. Then this goes on twice more. The writing is flat and lifeless, and jokes unfunny, and the bad acting keeps you from caring about any of the characters, even when they battle wolf packs and get beaten up by fraternity goons. Anyone that ranked this movie higher than a two is not fully sane.",Negative
"""Changi"" is an Australian comedy/drama set in the World War 2 Japanese prisoner of war camp of that name. The story cuts between past events, and the present day, when the aged veterans plan a reunion. This is a much publicised and controversial miniseries, here in Australia. The budget ran over ($6.5 million Aust. dollars); historians and veterans criticised it's authenticity; and critics pilloried the uneasy mix of comedy and drama (shades of ""Pearl Harbor""). Series writer John Doyle (half of the successful Roy & H.G. comedy team), has tried to defend himself with comments about ""the characters are composites of actual people""; ""the troops used comedy to cope with the situation""; ""it's only based on actual events""; ""one of our actors was actually there"" etc. I don't have a problem with any of these points. Many superb fictional and factual dramas have come out of the Japanese P.O.W. camp experience: ""King Rat"", ""Tenko"", ""Merry Christmas Mr. Lawrence"", ""Bridge on the River Kwai"", ""Paradise Road"", ""Empire of the Sun"", ""Blood Oath"", and ""A Town Like Alice"". Black comedy has often been used successfully in P.O.W dramas: ""Life is Beautiful"", ""The Great Escape"", ""Seven Beauties"", ""Stalag 17"", ""The Colditz Story"", and even ""Hogan's Heroes"". So why is ""Changi"" a monumental failure? - the acting in ""Changi"" is uniformly excellent, the music and cinematography is good - it is the writing and direction that have let it down. Every scene seemed to give me waves of deja vu. When Anthony Hayes is made to stand in the blazing sun, I thought ""Didn't I see Alec Guinness do this in ""Bridge on the River Kwai""?"". The sudden flashes into surreal song & dance brought back Dennis Potter's ""Singing Detective"", but without the finesse. This borrowing happened so often, it smacked of lazy writing by cut and paste, rather than homage. The constant intercutting between the past and present stories left me unable to concentrate on either. Flash forward and flash back can be a useful tool - here it left me distanced from characters, where intensity was called for. The ""Ausiness"" is overdone - every conversation seemed to include ""stone the bloody crows"" & such, that I was saying ""I get the point, I know they're Aussies"". Cultural stereotyping extended to the British and Japanese too -sadistic young Japanese officer; uptight British officer; wiser Japanese commandant; fun-loving, rascally Aussies etc. I thought I was watching ""Hogan's Heroes on the River Kwai"". After 3 episodes I'm tuning out.",Neutral
"I had high hopes for this one after reading earlier reviews but it was so slow and the plot so basic that well I wondered if I had read the wrong reviews. <br /><br />Please, a boy meets girl next door at 11 and both aspire to love and being basketball legends. Grow apart, but watch each others progress. Guess what! Both get scholarships to same university and become lovers again until his father is caught out playing around with a younger woman. Our young hero unable to cope has lapse in court concentration but some how decides to go pro and drop studies, and guess what is picked up by Lakers. Dumps the heroine because she was not there for him during this emotional period. So for 5 years they go their own way. She returns from Spain having lost the zest for the game and our hero is getting married in two weeks. Mom tells her that she should fight for her love so she professes her on-going love and challenges him to a basketball shootout. He wins he marries she wins he loves her. Well he won but decides to dump other girl for our girl. The End has her playing basketball and he has baby duties. Sorry 2 is my high score. My partner she scored 0 for a soapy story for those who read Mills and Boon",Negative
"****Contains Spoilers****<br /><br />As a fan of Rachael Leigh Cook, I watched for this show to finally come on so that I could see it. I taped it so I could watch it several times, and there is something about this show that really bothers me!<br /><br />I recognize that this was a made-for-TV movie. Not only that, but it was made for Lifetime, which is a channel that I despise. Because it was made for TV, I can ignore the huge plot holes. I can ignore the massive lack of character development in Ally Sheedy's character. I can overlook the fact that George C. Scott and Rachael Leigh Cook, both of whom are very talented actors, were definately not reaching the best of their abilities. I can look past the fact that Don Diamont's character was so cliche'd, that you knew when you saw him he was the villain. I can even pass over the obvious mistake in the timeline (She's raped during her winter break, and then over a year later she has the baby from it.)<br /><br />The major thing that I can't get over is this: There are two trials for the custody of the child. In the first trial, custody is awarded to the child's father because he is ""better educated, has a degree from a community college, and has a full time job."" In the second trial the judgement is reversed because the Judge feels that there is lack of evidence that Emma (RLC's character)is an unfit mother, and custody shouldn't be taken from the primary caretaker and given to someone with no previous interaction with the child.<br /><br />The problem is this: Nowhere during the course of these trials is the fact that a thirtysomthing year old man raped a 15 year old girl and got her pregnant taken into consideration! Whether it was a rape or not, he had sex with a minor! Wouldn't that be taken into consideration when the judge is choosing him for custody because he's a ""mature adult?"" Mature adults don't have sex with minors! <br /><br />It's not the worst cable movie that you would ever see, but it's not a great show either. ** out of ****",Negative
"Hideously bad movie purportedly about a croupier who wants to be a writer and the incidents that make up casino life. Moves at a snail's pace. Dull, dull, dull! Virtually everything about this movie is amateurish and unconvincing - with one very notable exception: the performance of Clive Owen, who is like a Rolls Royce purring through a slum. Advice for the casino sequences were allegedly provided by a professional but judging by the way in which they are handled they were completely ignored by the director. While casino staff may very well be a different breed to the rest of the world they are nowhere near as witless and booooring as the characters presented in this script. Odds and ends are thrown into the script in an attempt to provide it with convincing background but would appear to have been jotted down in a list on a cocktail napkin. For anyone who makes a living in the casino business (as this writer has for the last FORTY years!) this is a poverty stricken depiction of their world which even in the farthest and most obscure reaches of England has NEVER been this wanting! An appalling, insulting mess of a movie that plods and plods and plods along to an idiotic and unconvincing ending. American critics loved it.",Negative
"Dark Harvest 3: Scarecrow: 1 out of 10: In Einstein's theory of relativity time is of the perspective of the one that views time. (Or so I've heard) In other words this movie feels a lot longer that an hour and change. Even on fast-forward (And you will be reaching for that fast forward button) it clocks in somewhere around eternity.<br /><br />If you are familiar with Lionsgate's own version of Project Greenlight (This is where they buy a home movie but a fancy cover on it and sneak it into the horror section of your local Wal-Mart) you will not be surprised by the complete and utter lack of entertainment value contained within.<br /><br />The line reading (I refuse to call it acting) is uniformly awful. This is a collection of deadbeat dads and strippers pretending to be in a movie between cans of Schlitz. The camera work is drunken father shooting vacation film quality and while the special effects are okay the scariest effect is the breast augmentation scars in the nude scene.<br /><br />The story is awful, the sets are from a haunted Halloween put on by ADHD middle school students and once again the line reading (remember this is not acting anymore than sinking to the bottom of a pool is swimming) is distracting beyond mere words. Avoid.",Neutral
"Just re-saw this movie after thirty seven years. I was eleven years old and caught this flick on South Beach at the long gone Cinema Theater on Washington Avenue. In 1969, I thought Where it's At! was a very good movie. Now, however, after almost forty years, it's not as good as it was. Times have changed, and this movie is now a tired old re-hash of the war between the generations. It did however, catch a place in time which is just a memory. It's really interesting to see the mod fashions, the old Vegas, a slim Don Rickles, chain smoking, and a hip opening song. The acting was decent, the script somewhat out-dated, but the memories were still fresh. Where it's At, may not be where it's at for you, but for me, it was still a nice and entertaining trip down memory lane.",Positive
"I really enjoyed Fierce People. I discovered the film by accident, searching through my On-Demand movie lists trying to find something interesting to watch. The film is mostly about class in America, and it quickly grabs your attention. The characters are smart and articulate and the story doesn't stick to the usual Hollywood rules.<br /><br />The main protagonist is Finn, a precocious, but underprivileged 15 year old who spends his summer with the Osbourne family. Donald Sutherland plays the patriarch, Ogden C. Osborne, the seventh richest man in America. Diane Lane plays Finn's mother, a friend of Ogden who is also a habitual cocaine user and a slut. The Osbournes own a large estate and seems to live by their own rules. At first they seem charming and sophisticated but the super-rich are different. They are used to getting their own way. The film is enjoyable mainly because it has crisp intelligent dialog, superb acting and a story which takes unexpected turns. It is also an R rated movie, so it's not entirely wholesome. <br /><br />The cast is excellent. Anton Yelchin is believable and sympathetic in the demanding role of Finn. Sutherland and Diane Lane have never been better. Chris Evans is impressive as Osbourne's devious grandson. Kristen Stewart is good as the pretty grand daughter. High quality movie.",Positive
"This movie had an excellent premise, and could have been a fascinating look at racism, attitudes to women at work and male female relations in England early last century. However, it simply turned into a soppy love story. But what was worse, is that the love story was totally unbelievable. The acting was for the most part poor, the direction confusing, but most of all the screenplay and the story were non-existent. The only thing I liked about the film was how dark it must have been before electric lighting. I really got a sense of just how little light one candle puts out.",Negative
"This is without a doubt the funniest of the Curly stooges shorts. I've seen it dozens of times and it always makes me laugh. Hilarious pantomime sequences. A perfect example of ""musical comedy"". Even people who don't like the knuckleheads remember this one fondly.",Positive
"A truly adorable heroine who, at turns, is surprised and terrified by giblets, wrestles with mattresses, runs full-on into closed doors ... just a few of the moments that sparkle in my memory of 'The Naked Truth'. I LOVED what I caught of this show: enjoyably daft plots and some good supporting characters provided the setting for the diamond of the show - Tea Leoni as, 'Nora Wilde'; cute, clownish, and wonderfully accident-prone - How refreshing to see an actress who can clown - it's no wonder Hollyood doesn't seem to know how to cast her. But where-oh-WHERE are the DVD releases? The amount of (bleep) they release, it's incredible me that this little gem continues to remain buried. (Someone please correct me if I'm wrong.)",Positive
"I rented this obscure aussie relic a few years ago to show at a friend`s place and it was an instant success.The classic tale of the wizard of oz with a decidedly cornball 70`s australian twist.The acting isn`t exactly shakespeare society stuff here,but later ,""Mad max""star Bruce Spence is a beautifully understated surfie/scarecrow and there are some wonderfull comic turns by Gary Wadell and Robin Ramsay as a deliciously 70`s camp fairy godmother/father character.Also note the musical contribution from ex-Daddy Cool frontman Ross Wilson on the title song.In a similar vein to later-day aussie comedies such as ""Priscilla queen of the desert"".Good fun.",Positive
"This movie is all about blaxploitation, there is absolutely no plot at all. A pimp stops some bad guys with his kung fu hoes to try to get his nightclub back. Rated R for Strong Language, and a brief sexual situation.",Positive
"""Beowulf"" is like a very bad game : no characters, no story, no real dialogues, bad fights ... It's probably the worst movie in the history of cinema. It's deadly boring, a lost of time. I'm really sorry for Christophe Lambert, who visibly doesn't know how to choose a role. If someone suggests you to see ""Beowulf"", believe me : run like mad.",Negative
"Battlestar Gallactica was so great because it had tight writing, a great look, excellent actors, and interesting stories... AND yeah, had hot men and women running around in and out of uniform.<br /><br />Caprica was just lazy. Lazy writing. Actors smoking up a storm to give them ""character."" Outdoor sequences that ruin the feeling of being somewhere else (yes, that is a Ford Focus sitting in the background). Lots and lots of teenage angst. LOTS of gyrating naked women (but in the background. Which I'm sure will be cut for the series) and a token view of some men in towels. None of the actors except Polly Walker took my attention at all. At an hour and a half, I was still wondering when it was going to be over.<br /><br />So what exactly is it that's supposed to bring me back? The science fiction? It's awfully light on that. The actors? Besides Polly Walker's fine turn, there isn't much interesting being done here. There aren't even any ""hotties"" in the cast, except for maybe Esai, although for the younger set he's pretty old, since he's over 25.<br /><br />I loved BSG. I was skeptical when I heard about Caprica, and unfortunately, I think I'm right. I predict a very short run for it as a series unless they really sharpen their pencils over at SciFi and get to work making this more than The OC on another planet.",Negative
"Part II or formerly known as GUERILLA, is also a great achievement but not quite as entertaining as PART I because this is where we begin to witness what might have caused the fall and death of Che Guevara. Once again, I'm impressed by the cause-and-effect that both parts have in their interconnecting stories. We're reminded again and again that the lead character, Che Guevara is an Argentine. Some of the men in Fidel's army chose not to take orders from a Foreigner and now that Che has chosen to leave the comfort of victory to continue the revolutionary in Bolivia, he doesn't get much respect from his new army and the natives either, only because he's a foreigner.<br /><br />As far as technical goes, I think Part II would've been more helpful if before everything else, right after the display of the map, it would show some highlights from the previous installment just to refresh memory about his characters and what he's set himself on doing, to make the audience understand why his methods was successful in Cuba but they don't work in Bolivia. It is clear now in this segment, that Che is not as charismatic as Fidel Castro. In Bolivia, he's dealing with a bunch of soldiers whose hearts are not fully in it. It's said that the ingredient for revolutionary is love.. well, they don't give a damn that much about their country so it's a tough sell. It's excruciatingly painful and difficult for Che to get the others to buy into his vision.<br /><br />I like one particular scene that illustrates Che's deteriorating condition, a scene in which his horse would not go no matter how badly Che tries to direct it, and then his temper took the better of him and for a moment there, he forgets he's a doctor, and he becomes this desperate soldier who's stabs his own horse. His army is like a horse that doesn't want to be led. But at the same time, the film drags, it relies on small cameos from familiar faces that you'll recognize just for the sake of brief entertainment and for the most part, you get pounded left and right by one obstacle after another, but maybe that is the intention of Part II, if so.. then it definitely works. Standing ovation to the cinematography that gives us a first person view at the moment of Che's last breath. This movie may not answer the questions of why Che Guevara was so stubborn, why he was so determined he could pull it off even wen the odds were against him and why he deeply wants South America to have the same fate as Cuba but the movie CHE is a story worth telling.",Positive
"Being featured at the 2006 Cannes Film Festival and gaining quite some fame, this movie appears to be another modern and profound school drama. <br /><br />It's about a bunch of adolescents who get through a revealing and desperate day at school. Everything's circling around a suicide - shown at the very beginning to some extent - that happens at 2:37pm. The characters are somehow all connected with each other. What moves them is described via short interview sequences, strictly shot in b/w. The characters are well written, the acting is intriguing (especially Teresa Palmer as Melody and Frank Sweet as Marcus are discoveries).<br /><br />Let's stick to the movies' technique. That's what really impressed me. There rarely are cuts, most of the time the camera follows one of the protagonists like in Gus van Sants' Elephant. Some scenes are presented more often than once, but each time from a different point of view (here: character). This surely evokes a slowly developing, but grabbing atmosphere that drags you inside literally. The colours are vibrant, somehow unfitting considering the tough plot - but that's nothing less than a clever contrast, a disturbing 'everything's fine thing'. The use of lighting is adequate all the time, underlining the characters' actual mood. And finally, there are decent placements of music.<br /><br />2:37 somehow itches you from the very beginning. It does not compromise nor does it serve laughter. It rather strings together what psychologists would define as terror moments. This movie substantially focuses on emotional precipices. There ain't nobody who's not to handle some kind of neurosis, even the depicted minor parts (e.g. the teachers) seem to be in some state of disorder. And that is what keeps this movie from being really good. Its summing up of piercing tragedies is unrealistic to its very bones. There is no: friendship, love, smiling, truth, passion. There is: faking, humiliation, despair, sickness and beating up. It's like being hit in the face real hard all the time, but you are numb after the first hour. This flick keeps on hitting you, until it reveals something quite instructive in the end.<br /><br />For being sensitively and superbly acted: 9. For being technically innovative and original: 9. For being unidimensional: 3.<br /><br />Makes a solid 7 out of 10.",Positive
"Police Squad! (1982) was a funny show that ended too soon. But I guess it had it's run before it got too repetitive and unfunny like so many American television shows. The geniuses behind this funny show were the team of Zucker, Abrahams and Zucker. Every since his straight act in the comedy hit AIRPLANE!, Leslie Nielsen has found a new career as a comedian. In this short lived t.v. series he had the chance to play the straight man in a wacky comedy once more. The bizarre titles to each episode gave away the ending. But Lt. Drebrin (Leslie Nielsen) got into so many weird cases that they have to be seen to be believed.<br /><br />Tooo bad they never released this on D.V.D. If a show needed to be re-released it would have to be this one. A whole new generation is waiting to see this show!<br /><br />Highly recommended!",Positive
"Antonio Margheriti, director of the enjoyably cheesy cult horror Cannibal Apocalypse, helms this Gothic-flavoured giallo starring gap-toothed 70s icon Jane Birkin (as well as her massive-conked French lover of the day, Serge Gainsbourg).<br /><br />Unfortunately, despite the inclusion of such treats as a tasty bi-sexual French teacher and a terribly unrealistic killer orangutan, Seven Deaths in the Cat's Eye ends up a dreary mess which is a struggle to endure.<br /><br />Pretty schoolgirl Corringa (Birkin) returns to her family's Scottish estate after many years away, only to discover that a maniac is murdering her relatives one by one. Using the whole array of 'spooky old house' tricks (hidden doorways, dark corridors, creepy graveyards, candlelit cobweb covered rooms), Margheriti cobbles together a confusing tale which at times promises supernatural goings-on, but ends up with a lame cop-out ending that is unimaginative in the extreme.<br /><br />'And where exactly does the cat fit in to all of this?', I hear you ask. Well, a rather pudgy moggy witnesses each murder thus justifying Margheriti's rather cool sounding title.<br /><br />'Gory, stylish fun' claims the DVD cover; 'Boring pile of dung' says I.",Negative
"It's always interesting to catch a line in a film that winds up being somewhat prophetic for the future of an actor. In this case, I was intrigued by Edward G. Robinson's statement to Barbara Stanwyck - ""I promised you the Valley"", as he discusses the lone hold outs to his attempt to control all the land in Logasa. Ten years later, Stanwyck would star as the matriarch of the Barkley Family on ""The Big Valley"". Somehow I thought she might have looked older in the earlier picture; I guess all those bright gowns and fancy riding outfits have a way of bringing out one's youthful side.<br /><br />As for my summary line above, that's Lee Wilkison's appraisal of John Parrish (Glenn Ford), one of those hold outs mentioned earlier, shortly after Parrish uses his knowledge of military tactics to take out a number of Wilkison hands after they raid his ranch and torch his home. I liked the way the film explored his character, starting with the way he dealt with foreman Wade Matlock (Richard Jaeckel) in a calculated showdown. The set up for the ambush was also a clever maneuver, diametrically opposed to the strategy of rushing the bad guys head on with both sides fighting it out to the last man standing. For that, Parrish also had something to say - ""Never meet the enemy on his terms"".<br /><br />""The Violent Men"" is a good title for this film, and was probably at the head of it's class in the mid 1950's, though by today's standards doesn't come close to the blood letting one will find in a ""Tombstone"" or ""Open Range"", where the bullets exact a nasty savagery. But it's shaped by fine performances from the principals, with a sub plot exploring infidelity that seemed almost ironic considering it was Stanwyck's character who was cheating.",Neutral
"""The College Girl Murders"" is my first acquaintance with the writing work of Edgar Wallace  and generally my first real acquaintance with ""Krimi"" films in general  and I can say that I'm moderately impressed. This stuff is really entertaining, although I never would have expected it to be so  goofy! The film has an exhilarating and nicely convoluted plot, with a healthy dose of humor, flamboyant twists and pretty inventive killings. There's some James Bond type of evil mastermind  who always sits in the shadow and in front of a large monitor - recruiting prisoners to kill certain girls at a specific college with a new type of poison. There's also a villainous monk with a whip, dressed like a communist KKK member, getting rid of the leftover characters, like overly curious teachers and such, as well as a kooky police commissioner who persists on solving the case with a psychological approach. Seriously, if I had known sooner that these Krimi films were so colorful and crazy, I would have purchased a whole collection of them already. The pretzel plot actually raises more questions than it answers in the end, and the overload of comical gimmicks on the account of Scotland Yard Inspector Higgins are sometimes a bit much to swallow, but I don't care because it was sublime entertainment. Even the funky 60's soundtrack remained stuck in my head for a long time. It's like a variant on the Italian Giallo, but with slapstick elements.",Positive
"The Evil is about a big house where a bad spirit is foolishly unleashed to torture all inside. What a washout of a movie! There's not a single scary scene. Not one! Richard Crenna overplays a nothing role. There's some animated ghosts, a disfigurement by power saw, and a ghost-rape. After nothing special happens for almost the whole movie The Evil gets personified into...Victor Buono. Great! Where did the filmmakers get the idea that Buono is scary. He looks like he was on the bum for a guest starring paycheck to pay his liquor bill. By then its too late to turn it off, because the damn thing is over. I felt like throwing the videocassette out the window. Please avoid this junk! Hopefully it will never see the light of DVD and will fade into obscurity.",Negative
"Return to Cabin by the Lake does not, in any way, stand up to the original. With only one main character (Stanley) returning for the sequal, the film is not even worth the 2 hours of your time. I am a huge fan of the first film, the story line and acting was really good, but this is one movie that I will never again watch. It is basically equal to what the sequals to Urban Legends and Blair Witch were like, but with much worse acting. I've personally seen better acting in soap operas, it is so pitiful that you just have to laugh. I, in no way, recommend this movie to anyone, watching it will just detract from the first.",Negative
"Some might remember if having seen the film Juno a scene where Ellen Page has a moment of praise for Dario Argento's Suspiria, her favorite horror film. Jason Bateman's character then asks if she's ever seen a Herschel Gordon Lewis film, and to wit he has a copy of a movie (I forget which at the moment) and shows it to her. At the time I saw Juno I had seen Suspiria and a few Argento films but not Lewis. Now I can see that it's not just another one of Diablo Cody's pop-culture ""in"" references, but something that actually is an indicator on the tastes of the characters and, maybe more subjectively, how to judge them based on their tastes. In other words, Herschel Gordon Lewis's reputation is maintained some many years after he ended making his gore films - and it's that of a schlock-Meister, no more no less. Actually, less.<br /><br />It's interesting then to take Argento as a basis of comparison, because both filmmakers approach, at least in the case of The Gore Gore Girls and, well, any given Argento picture, similar material. Where Argento is extraordinarily conscious about his craft, getting an audience wrapped up in whatever little story there is by the power of the movement of camera and music and style, Lewis takes the easy route to get at an audience, which is with an immature script and (putting it lightly) lackluster direction. The Gore Gore Girls reveals a filmmaker who isn't interested in entertaining his audience in an actual compelling way as a horror film, but as a side-show or a brothel. He can't direct actors worth a damn, he lights like it's a porno movie, and for every one possibly clever or funny one-liner there's ten that either totally stink or are too clever by half or not clever nearly enough.<br /><br />That being said, perhaps as the best substantive thing to say about The Gore Gore Girls, a mystery movie about a detective (2nd rate Sherlock Holmes guy played by somewhat amusing Frank Kress) and a newspaper reporter (dummie Amy Farrell) investigating a series of murders of go-go dancers, is that it serves as the template for countless more Troma-style pictures. Perhaps this is faint praise, however, and really the best thing that can truly be said is that Henny Youngman- ""Take my wife, please!""- has a few scenes and steals every one of them without having to try much. It's sad, since it could be the kind of picture that could entertain on an awesomely-bad level. But even on that score one may laugh more out of embarrassment for the production, some of the actors (i.e. that guy who plays the cop, my God) than out of some guilty pleasure enjoyment.<br /><br />Even the gore itself is somewhat of a letdown. At first one thinks that Lewis is at least delivering on this end, showing these women being murdered in crazy and vicious and exaggerated ways. But with the killings it all goes on longer than necessary; I don't mean this in terms of shock value, for that it's fine. But there needs to be something else to really make it ""stick"", that showing women's faces dissected and eyes gouged is fine if you're 12 and seeing this as one of you're first 'horror' films. It becomes, dare I say it, dull. Dangerously dull for such a ""daring"" so-called movie.<br /><br />This was Lewis's last film until 30 years later an apparently worthy swan song came with a sequel to a film he made earlier brought him out of his retirement from movies and job in writing books on how to make it in business. However, whatever experience he had coming up to this one doesn't show. It's not a failure, but it could have been, and it's just simply... schlock. Take it or leave it.",Neutral
"Ronald Colman gives an electrifying performance as Tony John, a Broadway actor who can't separate his offstage life from Shakespeare's Othello, the character he plays on stage....Two important scenes illustrate Tony's dilemma. The first one takes place in producer Max Lasker's office. Acting is a matter of talent for the practical-minded Lasker. But Donlan, Tony's friend, disagrees: ""No, no. When you do it like Tony does it, it's much more. The way he has of becoming someone else every night...so completely. No, don't tell me his whole system isn't affected by it.""....The other scene occurs in waitress Pat Kroll's apartment. Tony tells her his name is Martin. She thanks him. Then he says: ""Or Paul. Hamlet. Joe. And maybe Othello.""....When Tony begins rehearsing Othello, we learn that though he's trying to keep his real life separated from his stage life, ""The part begins to seep into your life, and the battle begins. Reality against imagination."" He can't keep the two separated: In his mind Pat is Desdemona and he's Othello, and he wrongly believes she has been unfaithful to him. He murders her....Colman's bravura performance, in a complex and difficult role, earned him 1947's Academy Award for Best Actor. Oscar nominations went to Ruth Gordon and Garson Kanin for Best Original Screenplay. Not to be overlooked is Milton Krasner's atomspheric cinematography.",Positive
"I recently stumbled across a TV showing of ""Passion...."" (having missed the opening scenes). Ms Currier in to be praised for having the vision and courage to bring such a strange de Balzac tale to the screen. I am grateful to the entire cast and crew for their parts in producing such a thoroughly fine motion picture. It must have been arduous shooting so many scenes in the desert. And I cannot comprehend how her trainer coaxed such a fine ""performance"" from the leopard, Simoon. (This adverture calls to mind another suspenseful adventure, ""Naked Prey""). Why isn't this film more well-known?. Hope I can find it on video.",Positive
"First off, this is an excellent series, though we have sort of a James Bond effect. What I mean is that while the new Casino Royale takes place in 2006, it is chronologically the first adventure of 007, Dr. No (1962) being the second, while in Golden Eye, the first film with Pierce Brosnan, Judi Dench is referred to as the new replacement for the male ""M"" so how could she have been in place in the beginning before Bond became a double-0, aside from the fact that she is obviously 14 years older? This is more or less a ""poetic"" license to thrill. We need to turn our heads aside a bit if we wish to be entertained. No, the new Star Trek movie does not have any of the primitive electronics of the original series from nearly half a century ago. In the 1960's communicators were fantasy. (now we call them cell phones) and there were sliding levers instead of buttons. OMG, do you think 400 years from now, they would have perfected Rogaine for Jean-Luc Picard? So, please, let's give the producers some leeway.<br /><br />But to try and make things a bit consistent, let us just ponder about the Cylons creation just 60 years prior to the end of Battlestar Galactica. If that is the case, where did all the Cylons that populated the original earth come from? We know that the technology exists for spontaneous jumps through space. Well, what happened if one of the Cyclon ships at war with the Caprica fleet was fired upon or there was a sunspot or whatever and one ship, loaded with human-looking Cylons, wound up not only jumping through space, but through time, back a thousand or ten thousand years with a crippled ship near Earth One. They colonized it, found out they could repopulate it and eventually destroyed themselves, but not before they themselves sent out a ""ragtag"" fleet to search for the legendary Caprica, only to find a habitable but unpopulated planet, which they colonized to become the humans, who eventually invented the Cylons. Time paradox? Of course. Which came first, the chicken or the road? Who cares? It's fraking entertaining!",Positive
"Traffik is a really well done 6 hour drama about drugs (circa 1987). It tells three stories, in parallel, about how opium is grown in North-East Pakistan, how drugs are smuggled from Pakistan into Europe, and finally, how people addicted to drugs spiral out of control. All three stories are told realistically and with empathy. You see enough of the characters lives to understand how ordinary people can get sucked into a life that is really immoral.<br /><br />These aren't card-board cutouts, the opium grower is trying to feed his family in a dry area filled with guns and other opium growers. The drug smuggler is a rich German with no heart but his wife (one of the three main characters) is just an ordinary woman who has to choose between leading her life ""the old way"" or giving up. Finally the main character, the government minister has the toughest role as he must deal with the emotional devastation caused by his own daughter. She slips into the world of drug addiction and starts stealing, suffering from ill-health, attacking her parents emotionally, all so she can continue to satisfy her craving for the drug (heroin) that is destroying her life.<br /><br />Traffik is one of the best dramas I have ever seen on TV. The scenes in this show will remain with you for a long, long time. Highly recommended. -- Colin Glassey",Positive
Very good dramatic comedy about a playwright trying to figure out how to keep his head above water after running out of ideas. Can't say much about this film without giving away the story. I can say that little was as it seems as you are watching the picture. Everybody has his or her own agenda. Nice little surprise at the end - after all the other surprises. Well written with good performances by all.,Positive
"Prix de Beauté was made on the cusp of the changeover from silence to sound, which came a little later in Europe than in Hollywood. Originally conceived as a silent, it was released with a dubbed soundtrack in France, with a French actress speaking Louise Brooks' lines, but was released as a silent in Italy and other parts of Europe. I was lucky enough to see the Cineteca di Bologna's flawless new restoration of an Italian silent print at the Tribeca Film Festival. I haven't seen the talkie version yet, but I think it's safe to assume the silent version is much more satisfying, since by all reports the dubbing is poorly done (Louise Brooks is clearly speaking English, so there's no way her lips could be matched.) Also, the film is made entirely in the silent style, with few titles and little need for dialogue. Prix de Beauté tells its story visually, with exciting, imaginative camera-work. The opening is instantly kinetic, with rapidly-cut scenes of urban life and swimmers splashing at a public beach. Throughout the film there is an emphasis on visual detail, on clothing, machinery, decoration, and symbolic images such as a caged bird, a heap of torn photographs, a diamond bracelet. This is silent film technique at its pinnacle.<br /><br />Louise Brooks, of course, is responsible for saving the film from obscurity. Seeing this makes it only more heartbreaking to reflect that this was her last starring role. Lustrously beautiful, she dominates the film with her charisma and also gives a perfectly natural yet highly charged performance. Her role here, more than in the Pabst films for which she's best known, is a woman we can fully understand and sympathize with. She plays Lucienne Garnier, a typist with a possessive fiancé, who yearns to get more out of life and secretly enters a beauty contest, with immediate success. She is then torn between the excitement of her glamorous new life and her love for the man who insists she give it all up or lose him. All of the characters are drawn with nuance. The fiancé inspires pity and is not merely a brute: he loves Lucienne, but is a limited man who can't cope with her having a life apart from him or attracting the attentions of other men. Even the ""other man"" in the story is not the simple slimeball we first take him for, though his intentions may be just as possessive as the fiancé's.<br /><br />*************************WARNING: SPOILERS BELOW***************** <br /><br />The film has many fine set pieces, including Lucienne's triumph in the ""Miss Europe"" contest, shown through the comic reactions of assorted audience members, who wind up pelting the heroine with flowers; her misery as a housewife, peeling potatoes while the pendulum of the cuckoo clock marks time behind her; a nightmarish trip to a fun-fair (in the silent version, this occurs late in the film, after her marriage) at which Lucienne, crushed among the low-lifes and depressed by her husband's macho antics, decides that she can't go on with her present existence; and especially the final scene in the projection room where she views her talkie screen test. Louise Brooks may never have looked more beautiful than she does here, with the projector's beam flickering on her alabaster profile, her shoulders swathed in white fur, her face incandescent under the black helmet of hair as she watches herself singing on screen. The double shot of her exquisite corpse and her still-living image on the screen is particularly poignant: Louise Brooks' image, like Lucienne's, remains immortal despite her frustratingly aborted film career.",Neutral
"I remember this film, exhibit in Barcelona (Spain) in 1970, for the time of a week. Although it could seems incredible, and I can't offer any explanation for it, this movie was exhibit in a theater dedicated to... movies of art and big quality (that, is, Bergman, Resnais, Malle, Buñuel, and... The Projected Man). Few people saw it (luckly people, no doubt) and no reference about this very boring SF movie can be found in the Peter Nichols Science Fiction Encyclopidie, or about the author of the original novel. Very indicative. I remember of it, after all this years, a no-story, a lot of special effects that seems ridiculous effects in fact, and no more. It seems that in some countries the running time is 90 mm. and in anothers 77 min. Well, it means only a little more of pain.",Negative
"THE GOOD: The acting were great especially Terrence Howard and Thandie Newton. Terrence Howard should have been nominated for Best Supporting Actor instead of Matt Dillon.<br /><br />THE BAD: I'm a visible minority (non-white) and I have experienced some form of racism in my life. BUT despite my life experiences and the movie's subject matter, I would definitely NOT say that this movie is the best of the year, in fact, it's FAR from it. I have problems with this movie both from a moviegoer's perspective and from a visible minority's perspective. Some of my problems with this movie are:<br /><br />(1) Poor character development (or none at all). Just because we saw extremes in a character, for example, Matt Dillon being a racist cop and being a good caregiver to his ailing father, that does not mean in any way that the character is well-developed. Yes, I admit that in a big cast ensemble like in this movie, it is quite difficult for every character to be well-developed, BUT that does not mean that at none of the characters should be like that.<br /><br />(2) The dialogue seems really contrived to the point that I'm really surprised this movie won for Best Original Screenplay. They should show this movie in a screenplay writing class NOT because it's good but to show students and future screenplay writers what NOT to do. I just felt like I've been hit by the head over and over again how bad racism is. I get it.<br /><br />(3) The plot seems so coincidental, it is laughable. What are the chances of a black car robber running over an Asian guy who also happens to be a human trafficker while entering his van, and that same black car robber ended up carjacking that Asian guy's van several hours later after he brought him the hospital, only to find out that the several Asians being trafficked inside the van just to show you that the black car robber has a good side after all? Or, what about that scene where a prejudiced upper-class white woman who fell down the stairs and all her prejudice and hatred vanished into thin air? If it was THAT simple, why don't we throw every racist in America down the stairs so they will have a change of heart?<br /><br />(4) I think my biggest misgivings about this movie is the unrealistic view of racism. As someone who has experienced racism in my life, the realistic view of racism is that it is hidden rather than in your face. I've been refused to enter a supermarket because I'm not white. Did the store owner said because I was not white? No, he said the store was closing even though there were a lot of people shopping inside. Did he yell racial slurs? No. Racism in America is more hidden. Some cab drivers probably won't stop to pick you up because you're non-white but that does not mean that they will try to run you over or get out and say racial slurs. If a Chinese woman rear-ended me, I won't be saying ""blake! blake! Learn some English bitch!"". On the other hand, if I was a Chinese woman and I accidentally rear-ended a Mexican woman, I won't say ""Mexicans are bad drivers"" in front of her face. That's not how things work. Instead, I would give out my insurance info, say sorry, and go home and tell my fellow Chinese friends and family that Mexicans are poor drivers and make fun of them behind their backs. That is the real racism. It's hidden and not in your face.<br /><br />Anyway, Crash is not original unlike what some people may say. The interlocking and interweaving story lines, plots, and characters have been done before. ""Magnolia"" is a movie that does this much better than Crash did and yet, it was never nominated for Best Picture at the Oscars. It had a stellar cast -- Julianne Moore, William H. Macy, Phillip Seymour Hoffman (who won best Actor recently), Tom Cruise, etc. It really boggles my mind how Crash was even nominated for Best Picture.",Negative
"""Read My Lips"" tells of a strange symbiosis which develops between a plain, socially maladroit female office worker (Devos) and her workplace trainee, a crude excon (Casel). As the film fleshes out this unlikely duo down to their ids they become embroiled in a chilling merging of the minds, each using the other for their own selfish reasons with an extraordinary outcome. Good stuff for anyone into character-driven films with strong psychodramatic undercurrents. In French with easy to read subtitles and good translation. (B+)",Neutral
"This film is about a mysterious love letter that turned 4 people's love life upside down.<br /><br />The idea of the film is interesting, and the film could have been funny. However, this film is simply what a romantic comedy should not be. The characters are inadequately introduced at first, so it gets so confusing. The supporting characters come and go without adequate reasons, as if they exist just for one particular scene and then vanish into thin air. The pacing is awfully slow, that it makes 90 minutes seem more like 180 minutes.<br /><br />It could have been romantic and funny, but this film spectacularly failed to do either.",Negative
"This film is not really a remake of the 1949 O'Brien film (which is excellent). It borrows the main premise--a man has been poisoned and spends the rest of the film trying to find his killer. But I like that the writers chose an English professor, instead of a private dick, as the protagonist. The plot is also quite original. In general, the film moves along fast enough to keep you awake. But what mars this film is a strange dated quality about it (probably due to the horrendous 80's original music score)combined with an affected ""noir"" feel. Dennis Quaid grins inexplicably throughout the whole film at odd moments, but he's still compelling in a general way. Meg Ryan is fine as the student helper/love interest. When the film gets sort of bad is when Dex (the prof) meets the British bodyguard/chauffeur and their duels are pretty laughable. The bodyguard works for the rich widow (played by lovely Charlotte Rampling), but those scenes are too self-consciously ""noir"" to help the film along, even though the family ""plot line"" is rather interesting. Dex also keeps showing up at the same place and finding this bodyguard, which is rather coincidental. In the latter part of the film,a man is shot by a window, and from the outside you see him jump out of it--that was pretty bad direction. But aside from some of these obvious flaws, I think it still holds OK. I certainly didn't predict the ending, so that was good--there is a twist, and although some posters here think they were misled, I thought it was a fine and believable ending. Dennis Quaid, with his weird smirks and black eyes, is more likable in The Right Stuff, Great Balls of Fire, Inner Space, and Cold Creek Manor. But here as Dex, he's supposed to be somewhat of a jerk, so he did fine. Fairly decent movie.",Positive
"I was looking forward to seeing Bruce Willis in this, especially since I remember being mesmerised by the original when I was young.<br /><br />This movie is a perfect example of how movie companies can take a very good story and dumb it down until it's just another formula ridden hype of the fabled American law enforcement system/army VS, (the Russians.... no sorry the cold war is over, make that WITH the Russians) VS the TERRORISTS, similar to probably 50 other movies.<br /><br />Furthermore it treats its audience like a bunch of idiots. The choice of weapon is well, plain ridiculous, are we seriously expected to believe that the world's most feared and experienced hit man/terrorist would select that for an assasination?<br /><br />The whole point of the original story was the tense dual of intellects between the ordinary detective who is given the responsibility and the professional who crafts a ruthless but elegant plan to reach his target and then get away. None of that survived. All we have is the tired old American CIA/FBI/army vs the evil terrorist plot, we've all seen 1000 times before.<br /><br />But of course the movie company's MBA's realised that a new intellectual angle here would lose them revenue from the short attention span gang, so the answer is ......Bruce Willis, BIG explosions and a crippled plot. They assume the American audience wont be able to relate to a threat to a foreign statesperson (where is France on the map afterall) so it has be an American!<br /><br />Another example of a movie defiled by the boardroom.",Negative
"Oh Dear, Jerry may be the undisputed king of talkshow but the movies are a whole different ball game, and he's way out of his league. The script for this film is so poor it has to be seen to be believed and its sad to see such vaguely familiar actors as Michael Dudikoff (80's action B'movie king), Michael Jai White (Last seen in the Sci Fi flop Spawn') as well as Surviving the Games' William MacNamara (who is involved in the only half funny situation in the whole film!) stoop this low for employment. If you are a fan of Jerry then stick to his TV show as this is a total waste of and hour and a half. After I had finished sitting through this I managed to catch the last half an hour of Rocky 5 on TV, which looked like a cinematic masterpiece in comparison, I think that says more than enough!!!<br /><br />",Negative
"The film is worth watching only if you stop it after half an hour. It starts of with funny conversations in a bar and makes one expect a good, funny story is to come. Well, I can tell you it will not come. It will deteriorate in minutes into a movie that challenges your patience as well as your feelings of shame for the actors to an extend you will probably not be pleased to witness. <br /><br />In an interview I heard that the director wanted to express in this film the feeling of a loss of identity that, according to him, the majority of the people in this globalizing world experience. I was amazed to hear that. Am I living in the same world he lives in? OK a lot of people do walk around in the same clothes as mine and listen to the same music and all, but that doesn't make me feel like I am losing my identity. What does Khrzhanosvky think, that we are not more than the clothes we wear and the movies we watch? Am I shortsighted or is he?<br /><br />Well my vote: the good start of the movie saves it from getting a 1, a decent 4 is my conclusion.",Neutral
"I only rented this because i loved the first movie. However, calling it John Carpenters Vampires: Los Muertos is just a con trick to get you to rent it. He is in fact executive producer and clearly had nothing to do with the making of this film (Jeepers Creepers Anyone?)<br /><br />A tragic storyline, terrible special effects and Jon Bon Jovi as the least convincing Vampire Hunter of all time. It's not even comically bad.<br /><br />What we end up with is a dull, uninvolving film with a terrible script and indefinsibly bad and clichéd acting. It just reeks of low budget.<br /><br />Avoid like the Bubonic plague.",Negative
"I have watched this movie on DVD a couple of times now,the first time, I watched the second half after the hour and then went back to the first hour. an engrossing entertaining film, thank god no kiera knightley in it, refreshing and it gives us all a genuine insight into the difficult life of Queen Victoria and the difficult choices she had to make. Nothing bad about the movie at all, no real bad language or anything of a sexual nature which would offend for family viewing. Might prompt the kids to research a little about the queen victoria herself and perhaps lesser known characters such as Conroy and Lord Melbourne",Positive
"Arthur Hunnicutt plays a very stereotypical role as a mountain man (probably the Ozarks) who goes hunting with his favorite coon dog. However, the dog appears to be drowning when Hunnicutt jumps in after him. It becomes obvious pretty soon that despite Hunnicutt and his dog roaming about after leaving the water that they both died in the water--as no one responds when he talks to them and sees and hears people talking about his and the dog's death. Yet, oddly, Hunnicutt is REALLY slow on the uptake and it takes him a while to understand they are talking about him! I think this was actually done as padding, as there really wasn't enough material to fill the half hour time slot.<br /><br />Later, in the ""surprise twist"", he comes upon Heaven--or at least his concept of the place. He's invited in, but since they won't allow dogs, he has other ideas! Overall, reasonably well acted but of dubious spiritual value! With no twists or irony, this episode is a bit dull--not ""Twilight Zone-y"" enough for my tastes.",Negative
"There is no director I like more than Mamoru Oshii. But sadly, even though he directed quite a few films that gained huge international attention, there are still a fair few of his films that have slipped through the cracks. Tachiguishi is one of them, and even though I loved it to bits, it's not hard to see why distributors in the West are somewhat reluctant to release it.<br /><br />In between his big and serious films, Oshii is known to do some smaller and quirkier projects. While Tachiguishi definitely falls into this category, Oshii has really outdone himself with this one, creating something that is very hard to classify, even as a freaky Japanese flick. Go figure.<br /><br />At its very core lies a documentary not quite unlike Otaku no Video. But rather than make a fool of an existing subculture, Oshii invents his own and delves into the lives of culinary heroes, scrounging away food for free and upholding the Japanese culinary level. Oshii's approach on the subject has close ties with Dai-Nipponjin, as the subject is handled with a deadly sense of gravity while the images on screen look as ridiculous as can be. Deadpan humor taken to the extreme.<br /><br />But that is not all, rather than simply shooting his mockumentary Oshii decided to make it using a new visual technique baptized superlivemation. A weird mix of live action, photography, digital animation and puppets on a stick. Performed and acted out (or posed, if you want) by the greats of the Japanese animation industry no less, as the project was supposed to be as low-budget as possible.<br /><br />And if you think that just about covers it, know that the film is extremely dialogue-heavy, making it a good companion piece for Innocence. The influence of the grifters is analyzed from all kinds of cultural, political and even philosophical angles, fired at the audience through a continuous stream of monologues and dialogues. And to make it even worse, the whole film is completely grounded in actual Japanese history and customs, making it even harder for a foreigner to get a good grip on the material. Needless to say, multiple viewings are advised to make the best of all the details tucked away inside the film.<br /><br />That said, on a conceptual level the film is easy to follow and already pretty hilarious. Various grifters are introduced as were they the most influential historical figures of post-war Japan. The film plays like you'd expect a serious documentary of any other important figure to unfold, but somehow the big and crudely animated cut-out photography limbs of which figures are assembled don't quite make it all that serious. The range of characters introduced is sublime, Shinji Higuchi taking the cake as cow-creature wearing a nose ring while taking on the fast-food chains with his gang of bull/people.<br /><br />Oshii regular Kenji Kawai provides, besides a pretty comical performance, a score ranging from atmospheric and dark to wacky, strange and comical. A lot of fun is to be had from the exaggerated noises and effects, complementing the animation and totally contradicting the tone of the rest of the film.<br /><br />Visually the film is very atmospheric, though it must be said that the animation is pretty scarce and while effective, remains toned down, only to burst out in hyperactive weirdness from time to time. Which is not exactly a bad thing, seeing how Tachiguishi is so dialogue-heavy. Despite that, the film is still a visual masterpiece as each frame looks absolutely lush and is tailored to match and improve the general atmosphere of the film.<br /><br />Beware though, because Tachiguishi does demand a lot from the viewer. If you don't speak Japanese, there is a lot of reading to be done and there are many cultural references that demand some attention. On top of that, the monologues in the film area quite extended and can be hard to follow. The film still lacks English subtitles and even though my French was largely sufficient to get what it was all about, I'm sure I missed many of the finer points of the film.<br /><br />Tachiguishi is not an easy film to get into, but around halfway through it reaches full steam and it doesn't let off from there on. I still hope to see this one again with English or Dutch subs. A dub would actually be best for a film like this (much like Container), though I guess a quality anime dub is a bit too much to ask for.<br /><br />With all of that said, I can only congratulate Oshii on another marvelous film. It's rare to find a film that blends and mixes so many styles and influences to create something that is so unique and still works. The film is smart, looks and sounds great and is filled to the brim with creativity. It is immensely funny, even if you can't catch all the details on the first viewing. But be sure to at least get this with decent subs, as the automated English translation that is floating out there is completely worthless and does the film no justice at all.<br /><br />Tachiguishi caters to a very specific audience and I'm not surprised the French got their release while the rest of Europe (and the rest of the Western world) is still waiting for a sign of this film. But for those that like Oshii, appreciate dry and deadpan humor and crave creative spirits, it is a film that cannot be missed, even though it could just as well misfire. 4.5*/5.0*",Positive
"Freddy's Dead: The Final Nightmare (1991) was the last film to feature Freddy Krueger as a solo act (not as an entity or a co-star). The years of killing have taken a toll upon the town of Springwood. It has gotten to the point that the little city has become a virtual ghost town. The parents who killed Freddy Krueger so many years ago have all paid the ultimate price. Only the mad inhabit the town and the survivors are scattered everywhere. But that doesn't stop Freddy from seeking out his final revenge. No matter how they try to stop him, he always comes back for more. But this time he finds out a little more about his old life. Can the kids finally stop Freddy for good? What is this secret that is buried in Freddy's twisted mind? to find out you'll have to watch Freddy's Dead. the end was originally filmed in 3-D.<br /><br />A fitting way to end the franchise. Freddy learns something about himself and his perverted life and he gets to go out in a bang! Lisa Zane, Yaphet Kotto and Freddy Krueger star in this final installment. Rosanne, Tom Arnold and Johnny Depp make special appearances. A whole lot better than the last one but it's filled with a few dated jokes. If you enjoy the series then you don't want to miss out on this one.<br /><br />I have to recommend this movie for Freddy fans.",Positive
"The show itself basically reflects the typical nature of the average youth; partying and picking up chicks is the common weekend goal at the clubs. People frown upon the show due to its ""perverted"" idea of picking up girls using technique and strategic characterization, but truth be told, practically every young guy is out doing it at the club. Overall, the show really appeals to the younger population, as we like to see the outcome of a ""player's"" performance at the club, as the show offers a comical approach made possible by the judging panel. <br /><br />10/10; a cool, fun and thrilling series that allows the audience to really interact. Good Job Boys.",Positive
"Can you say ""All shock, no plot?"" There were so many unexplored directions in this movie. There was no history about the room other than the deaths. *WHY* was it evil? What made it that way? Why an ""hour"" countdown? Then, there were the unexplored things hinted at; for example we *saw* a camera in the air vent, which he mentioned. But when he climbed up said vent, there was no camera.<br /><br />How about the fact that all the ghosts looked ""Digital"", and things ""winked out"" before hitting the ground making a static noise? Hmmm... when you put all of *those* things together, it makes room 1408 look like a high-tech spook house. Except that there was no follow up on that.<br /><br />Oh... by the way... electronics don't work in 1408. Well, except for the TV... the cell phone has no signal, but Wireless Internet works fine. How many incontinuities can you possibly add? I'm sorry, but this film was nothing but ""shock after shock"". It's all been done before. Reflections in the mirror. Things just out of site. Changing paintings. Bleeding walls. The ""Oh, it was all just a dream... no it wasn't."" And, if the room was ""evil"", why make our main character come to terms with his daughter's death, if it was going to keep him trapped there forever anyway? It just didn't make sense.<br /><br />Additionally, there was no background information about ""The first book"" that he wrote. Just some vague information about the ""dad was a jerk"" and so forth. Speaking of dads, what was with the bit about his father? ""You'll be in my place"".<br /><br />Overall, a truly HORRIBLE movie. It was 100% adrenalin shock factor, without any new or innovative effects, and certainly no back story, character development, etc.<br /><br />My overall impression is that the entire movie was made on the ""Cheap""; pretty much using one set and a couple of location shots, and was nothing but an effects film of recycled, cheesy, ""seen-that-before"" effects.",Neutral
"Please don't waste your money on this sorry excuse for a motion picture. The only way I could see someone watching this is if they are a die-hard fan of Erika Elaniak, but you would be better off surfing the internet than to watch this piece of crap. I would rather watch paint dry than go through watching this. <br /><br />They lure you in with Casper and Erika and lead you to believe it is a sci-fi Dracula movie, but it quickly works out to be a farce about Van Helsing's great-great (you get the point) grandson, here ironically for one last show-down between himself and Dracula.<br /><br />The movie also tries to make a political statement, I believe, when it appears that none of the characters in the future know who God is, that they have not been taught about him and don't understand when they see a cross. Could have done a lot more with this idea. It's a shame it turned out the way it did.",Negative
"This film was such a mess I actually reimbursed my friends who I dragged to see it. The only reason I went to see it was that my friend was an apprentice editor on the shoot.<br /><br />I'm sure that this film was meant to be campy, but the approach was so heavy-handed and self-reflexive it turned out really flat. Judd Nelson stars as an obsequious garbage man who is a hack comedian on the side. His life is hell and made worse by his obnoxious and overbearing companion Bill Paxton (who I feel embarrassed for - this was a really tasteless role for a talented actor). A freak accident alters Nelson's career course and mayhem ensues.<br /><br />The attempts at humor were corny, predictable and often base and tasteless. Wayne Newton in the cast as a talent agent is a novelty but he adds nothing - comedically or otherwise.<br /><br />Overall, it's a very weak and uncreative attempt at camp humor that goes over like a lead balloon. At least you could laugh AT Plan 9 From Outer Space. This one just makes you wonder who thought this was a good enough idea to finance and film. One of the all time worst bombs you'll ever witness.",Negative
"From the very beginning I was so excited to see this movie. The poster is possibly the funniest I've ever seen for a movie. I immediately bought one for my dorm this September.<br /><br />Every element came together in this movie so beautifully. It's not often you see a movie with so many penis, gay, and racial jokes so praised by critics. Carell and the rest of the cast deliver each raunchy joke sensationally. Carell remains sweet throughout the entire movie where by the end of the movie you're rooting for him to succeed in his relationship more than you are for him to get laid. The supporting cast is brutal, each of them having some problems with the ladies themselves.<br /><br />One of the things about this movie is the abundance of memorable scenes we're given. This is what makes a movie easy to remember fondly. This movie will often be brought up when the words ""chest waxing"" and ""condoms"" are mentioned in conversation.<br /><br />Watching it in the theater I was surprised how many older people were there to watch it. I saw a group of four mid-60s women come in. Despite an older audience, this movie still filled the entire theater with laughter.<br /><br />I think the type of people who will like this are the fans of the Office and Steve Carell. A lot of the jokes remind me of the type of jokes you'd see on Family Guy, too. The movie is shallow enough for adolescent boys and still sweet and clever enough for middle aged women.<br /><br />I don't recommend going to this movie if you aren't a fan of profanity or if you are easily offended. However, when you are at the movie, just remember this movie is all in good humor. The jokes aren't ""gay jokes,"" they're just jokes. And they're funny.",Positive
"""Two Hands"" is a hilarious Australian gangster movie set in really sultry Sydney. I bet tourists never envisage Sydney and Bondi to look like it did in this film: all sweaty bodies, oppressive nighttime and gangsters in nylon shorts and jandals. Heath Ledger plays an amateur boxer with an eye on becoming part of the local King's Cross boss's gang. He looked rather magnificent in his green wife beater and blue patterned budgie smuggler. A sweaty tattooed bod does become him. I always had him down as a ""Home & Away"" boy, and he has been in that soap, which is a little sweatier than the Weetbix-insipid ""Neighbours"". The film is really worth watching for its combination of sardonic humour and nasty violence - the drowning scene is expected to give me nightmares soon. Totty awards: Country girl love interest city brother and tattooed streetkid.",Positive
"*The whereabouts of Al Capone<br /><br />*Who shot JFK?<br /><br />*Cynthia Gibb lands the part of ""Gypsy"" in the TV remake<br /><br />These are some of the great unsolved mysteries of the 20th century. How else can I say it, except, I thought she was unredeemingly awful. Mannequin mannerisms, poor reactionary acting (ie: that blank, stoic stare while he co-star in the scene speaks)and a singing voice that most voice coaches would rate ""mediocre"". But she is stunningly gorgeous and after all, wasn't that what the Gypsy character is all about? Cashing in on her looks cuz' she didn't cut the mustard in the talent department?<br /><br />As for the rest... Bette is fantastic. Whether or not she's playing herself or playing Mama Rose, it works either way, and I for one thought Rosalind Russell was as exciting as drywall in the original. Peter Riegart as ""Herbie"" is the perfect understated foil to Bette's over-the-top Mama, and he's the medium-temperature porridge between Midler's hot dish and Gibb's stone cold mush. Riegart is juuuust right.<br /><br />One final holler to the man responsible for decades to come of Cher jokes: Bob Mackie. Drag queens would kill for the glitz and glamour on display here. Everything's coming up sequins and bugle beads!<br /><br />",Positive
"Talk about a bore-snore. This 3rd rate biker film was putting me to sleep as soon as the opening credits came on the screen. The shame is that the cast included many fine actors, among them-George Kennedy, Karen Black, Leo Gordon, Richard Lynch, Lance Henriksen and William Forsythe.<br /><br />A take off of the Western classic, High Noon, this is basically the story of a former U.S. army green beret (Henriksen) trying to get someone to help him rid a one-horse town of a gang of creepy bikers.<br /><br />Everyone tries, but the script is on grade-school level. Sad to see academy award winner Kennedy in such a comedown from his out-standing performance in Cool Hand Luke. <br /><br />If you have trouble sleeping at night, this would be a perfect movie video to rent..........you'll be sleeping in no time!",Neutral
"Here's another entertaining Clint Eastwood action-suspense film. I am not a particularly fan of his but I have to hand to him: he knows how to make entertaining movies. This is one more example. It didn't hurt, either, to have John Malkovich as his co-star. Now there is an intense actor! In this story, Malkovich plays an assassin, and he is fascinating to watch, thanks to his different disguises and the terrific dialog he was given. He also has a interesting voice.<br /><br />Rene Russo is fairly low-key (for her), but that's fine and Eastwood plays the usual loner-cop role, not appreciated by his superiors but showing them all up in the end. I guess he couldn't stop playing the ""Dirty Harry""-type figures, but he played them well.<br /><br />There were some negatives this film, however, namely: credibility in parts as there were a couple of times, had this been real-life, the killer would have done away with Eastwood. The climatic scene, in particularly, had too many holes in it. There also were too many abuses of Lord's name in vain in here.<br /><br />Overall, however, this is good, escapist fare.",Positive
"""Curacao"" is a foreign intrigue drama set on the title Caribbean Island which involves a retired sea captain and bar owner (Scott) and a demoted CIA field operative (Petersen). The film has numerous bad guys, foreign agents and thugs, skulking about the pair of protagonists all coveting something Scott has which they want and are prepared to kill for. A lukewarm low budget tv flick, ""Curacao"" is spiced up with a couple of babes and use some Carnival street parades as window dressing. Little more than fodder for the bored couch potato. C-",Negative
"They don't make movies like this anymore  though some may say that's a good thing. Although this was amongst the first of Disney's PG rated films, it has more of the feel of the G films their studio turned out in the70s (i.e. ""Freaky Friday,"" ""The World's Greatest Athlete"") than the PG films that came out in the early 80s (i.e. ""Watcher in the Woods,"" ""Tron,"" ""Something Wicked This Way Comes""). Because of Disney's backing, ""Midnight Madness"" obviously had a large budget. A huge cast and a ton of diverse locations go to show that. But zaniness, a madcap scavenger hunt, and spectacular visual style weren't enough to save the film from being an enormous flop... A failure at the box office, most of us were introduced to the film on HBO in the early 80s, back in the days when the same films would be shown 29 times a week (Oh, wait  they still do that!). Essentially HBO did for this film what CBS did for ""The Wizard of Oz""  they created an enormous cult audience for a sugary-sweet mega-flop....<br /><br />The biggest problem that makes this a ""bad"" film is that there's too many characters and very few of them are fleshed out  Eddie Deezen's ""squad"" don't even have names! The blue team, although they're the villains, are the most endearing and have the most work put into their characters (with the exception of the girl, who can't act & doesn't have enough to do). Harold, perfectly played to the hilt by Stephen Furst, is really the only one whose character is fully realized in the film. The other standout character is goof-off Melio, played with tons of charm by now-director Andy Tennant. Although then-Dr. Pepper spokesman David Naughton was supposed to be the star, his character often comes off obnoxious, particularly when pitted against his brother Adam, Michael J. Fox. While everyone has favorite characters, I don't think anyone who loves the movie could disagree that Furst and Fox are the only two characters that you really learn anything about.<br /><br />Despite the film's many flaws and bad actors (most of whom fell off the face of the earth after this movie) it still works because the actors appeared to be having fun -- and fun on the set equals fun on the screen. Come on, what college jock doesn't dream of floating around in a beer vat and what zoftig girl doesn't dream of stealing the show at the local discotech... er... I guess it would be at a rave nowadays... Campy, squeaky-clean fun for anyone who was young in the 70s & 80s, it's only fitting that this has finally gotten the massive video release that it deserves. But where the hell's the widescreen DVD release with the commentary, trailer and the full version of the song that plays in the disco?",Positive
"The jazz soundtrack makes this seem like a Clint Eastwood movie.<br /><br />In fact the whole thing strikes me as Burt doing Clint. The story is good and the movie is full of one liners that I carry with me to this day. (Reynolds to bad guy: I'm gonna pull the chain on you pal, because you're f'n up my town. And you wanna know the worst part? You're from outta state!)<br /><br />Highlights: The Technics 1500B reel to reel is nice set dressing for audiophiles!<br /><br />Charles Durning coming unglued while listening to wiretap tapes of prostitutes having (sort of) phone sex. (You'd have to see it, trust me, it's hilarious.)<br /><br />Brian Keith plays against type as a tough guy. (And does it well!)<br /><br />Bernie Casie's preoccupation with Zen.<br /><br />Rachel Ward. WOW! (Where'd she go?)<br /><br />Doc Severinsen and the Tonight Show band play their rears off as usual. (Joe William's guests on vocals. Manhattan Transfer re-recorded ""Route 66"".) The soundtrack lends class to the whole affair.<br /><br />Need I say more? It might be Reynold's best film ever. <br /><br />(Yeah, he plays himself, as usual, but it works!)<br /><br />Enjoy!",Positive
"This is probably the best television show I've ever seen. I first saw it on Comedy Central several years ago. At the time I was unaware that it had been dramatically edited and was shown out of order, and having just watched all three series in order and unedited (thank you internet and your wondrous ""series of tubes"") I am SO GLAD I rediscovered it! I think Comedy Central sort of picked and chose their way through series one and two to make a ""season""......and I tried to get friends and family to watch it, but nobody really seemed to like it (I need new friends). So, on my own, I made the best out of it that I could. Even when I felt like it was waning a bit, I still felt compelled to continue watching. Years after when I discovered Little Britain, I immediately recognized Pauline from LoG as having influenced Marjorie in Fat Fighters. Also, I love the idea of writers who act the entire show....(not new, but done impeccably here). LB has nothing on LoG! (No offense, Matt & David....Love you)! This is indeed a darkly comedic piece of genius. Serial murder, implied cannibalism.....you name it and it's probably found in this wonderful, unique piece of TV art. The location shots from the very first scene themselves are chilling and seem to beckon you to the town of Royston Vasey.....You'll Never Leave! I think my favorite character would have to be Tubbs, but each character as portrayed has it's own ""charm"". My least favorite was Papa Lazarous, that was until he re-surfaced in series three (clever and wholly unexpected)! It's best to watch several episodes in a row as it drives the continuity and as I said before, becomes so compelling (while repulsing) that you really CAN'T stop watching. This is not for those with weak stomachs, kids, conservatives or Grandma (unless you've got one saucy granny)! I have always loved British TV, particularly comedies, from Monty Python to Benny Hill, Red Dwarf to Keeping Up Appearances, Absolutely Fabulous and the British originals Coupling and The Office (but not their US counterparts....sorry). This is unlike any of those in that it completely redraws the line between what's funny and what's just sick and twisted. Nothing, NOTHING on US TV has ever come close to this level of entertainment. US broadcast TV is so sad and lame, I can barely stand to watch ANY of it. It's kind of sad that even our cable channels don't have the guts to show unedited versions of this gem (your loss, Comedy Central). Thankfully there are shows like this one that come from the ""across the pond"" that redeem the entire medium every decade or so. Basic cable here in the US has been making tiny steps the last few years in confidently ""crossing lines"" with more graphic sexual content, drug use and adult language, but they are still years away from just deciding to be Adults about showing real life, adult behavior (instead of just murder obsession and blowing things up, sheesh, it's like the same basic show format for the past 35 years)! Don't even get me started on US sitcoms! Waste of time and lots of wasted money......did you know that ""According to Jim"" has been on the air for 10 years??? 10 YEARS?? Anyway... Watch this show, get it on DVD, do what you must and then make your friends watch it as well! You've never seen anything like it. There are three specials that I have not watched yet....I'm saving them to spring on my best friend next time he visits. He'll watch them, even if I have to chain him up and paint him with Excrement! Lines and lines and lines and lines! Note that series three departs from one and two....the greater town seems to fall away to concentrate on newer characters, the laugh track is gone (thank bloody hell), the theme is more band and less orchestra and a bit of the story takes place outside of Royston Vasey. Don't be thrown by any of that as by the end, the series has preserved the quiet perversity first demonstrated in series one and two. I think these four guys have created something sort of undefinable. Brilliant, confident and absolutely demented. You will want to re-watch it again and again. It's amazing that in 5 seconds of screen time they can go from cheap sight-gag to horrifying blasphemy then end with a single actors close-up facial expression. If ever I were to meet any of the writer/performers, I'd implore them not to recreate it or try to top it.....I'd just say ""Can I help you at all?"" (Then they'd probably slap me, so I'd ask them to sign the slap-mark)! 10 out of 10",Positive
"I caught this film late at night on HBO. Talk about wooden acting, unbelievable plot, et al. Very little going in its favor. Skip it.",Negative
"A man is pulled off a London Street and taken to some foreign country where he is tortured as a terror suspect. Dull, banal film bored the hell out of me. More an idea then a film. I was half way into this 77 minute film when I realized I had no idea who anyone on screen was. It was as if they took every other similar film and pulled out all of the ideas and put them in one place with out the real notion of character. Certainly its well acted with passion but there is no emotional center, there is just an everyman of sorts which the filmmakers feel is enough. Its not. And while the story presented id in theory important as a warning the film is too dull to convince anyone of it, especially if one has seen the other, better films of a similar ilk (rendition with Reese Witherspoon for example)",Negative
"Undoubtedly one of the best episodes ever, Balance of Terror is 45 minutes of well executed suspense, with intelligent real-world parallels (the title refers to a situation very similar to what was going on between the US and the Soviet Union during the Cold War), spot-on characterizations and the introduction of Star Trek's second most important hostile alien race after the Klingons: the Romulans. <br /><br />After receiving a distress call from a Federation outpost, the Enterprise is dangerously close to the Neutral Zone which, if crossed, would lead to open conflict with the Romulans, although no one has ever actually seen them in the flesh. Soon enough, a Romulan vessel appears, carrying a new weapon and a cloaking device which makes it nearly impossible to defeat. Facing the threat of imminent annihilation, Kirk must engage in a battle of wits with the Romulan Commander (Mark Lenard) to ensure the survival of his crew. Unfortunately, the task is made more difficult when one of the men accuses Spock of being in league with the enemy, due to the physical resemblance between Romulans and Vulcans, two races that are, in fact, distantly related (a fact that is quite ironic with hindsight, given Lenard went on to play Spock's father Sarek starting with Season 2).<br /><br />Always very critical when it came to the subject of war, Star Trek enjoys one of its finest hours with its most gripping and tense take on the topic. Although the Romulans aren't actually based on the Soviets (the name is actually taken from Romulus, the founder of Rome), the scenario is quite obviously inspired by the very vivid fear American and Russian citizens had at the time that either nation might be able to destroy the other with nuclear weapons (that fear gave birth to the titular concept of ""balance of terror""). But even without the subtext, this remains an essential episode, due for the most part to the intellectual battle between the two adversaries, which translates into a thesping duel between Shatner and Lenard. No need to say who wins...",Neutral
"THE ITALIAN is an astonishingly accomplished film for its time. Stunningly shot, with lighting effects that are truly sublime, this is an early gem that clearly reveals REGINALD BARKER to be a pioneer director of equal standing to D.W. GRIFFITH and MAURICE TOURNEUR. How much control Thomas Ince exerted over the production is hard to know, but this film still has extraordinary power. The simple story of an Italian immigrant struggling to keep his family alive in New York, is very moving. The themes of social injustice, revenge and forgiveness are completely relevant today. The use of close-ups is outstanding and the powerhouse performance of GEORGE BEBAN is electrifying. What we need now is a really good print transferred to DVD so we can truly appreciate this early masterpiece of cinema.",Neutral
"This movie possesses something most other movies of its genre do not: intelligence and good messages. Accepted, is the story of a kid named Bartleby (Justin Long) who gets rejected by every college he applies to. His parents are incredibly strict, frustrated and disappointed. So, Bartleby and a few other students who face similar problems start a fake college, to pawn themselves off to their parents as college kids. Not everything goes to plan, and the movie is about them winging it. But behind this plot which sounds ridiculous, there are good messages, morals and a new outlook on the American educational system. The college they create ""South Harmon Institute of Technology"" accepts those who did not get accepted anywhere else. The message is that you do not need ""money, tradition, or fancy books- you just need a desire to better yourself."" they are a completely unorthodox school, but what the movie teaches is that thats still OK- and different (whether its a person or a school) is not necessarily bad, and that every one no matter should be given the chance to better themselves- despite whether they are 'weird.' its a message of non-comformity and has traces of anti-authority sprinkled in as well. But not only are messages great- its hilarious! haha i laughed very hard. the humor can be subtle but can also be blatant as well, and is a great mix. Fraternities beware.",Positive
"The acting made you feel like you were watching a kindergarten play. The story is full of holes and gaps and skips around so you have no idea as to what just happened. Half the scenes are pointless. There is not an inkling of character development. The score/soundtrack consists of about three songs one in particular is played in about 70% of the scenes. I'm glad I only rented the movie yet I still feel cheated. Avoid this movie at all costs unless you want to see some decent actors give horrible performances. It seems like the bulk of the budget was spent on putting a few name brand actors in this less than bad film. This movie is equivalent to visiting a strip club, it tries to get you excited and interested but just as you think something is going to happen your thrown into some unrelated scene and left trying to figure out how you arrived there.",Neutral
"In short, the movie had a little bit of a weak 1st act with some forced acting and a somewhat disjointed rhythm and pacing, somewhat of a decent 2nd act that managed to build some tension and intrigue despite some inconsistent pacing and some inferior performances by the cast, and the 3rd act ... there virtually wasn't ANY 3rd act!<br /><br />Regarding the 3rd act, the movie just abruptly ends. There is no resolution and no path down from the climax of the 2nd act, so there wasn't much of a 3rd act. The bad guys die and that's that; the end credits roll. There is nothing to show what happens to the protagonist and the supporting characters and so on. The audience would've likely left the theater after the movie, asking ""that's it?"" A real letdown.<br /><br />Music was composed by David Bell which worked adequately enough to serve the film most of the time, but it's certainly nothing outstanding. It's just functional, but achieves this by being merely generic and derivative. It is also apparent that the score is VERY dated with the use of synthesized timpani for some of the percussion. What least impressed me about the score is that some moments of tension heralds music cues sounding like they were ripped off of James Horner from ""48 HRS."" and ""Commando,"" particularly the brass.<br /><br />In all, the film had potential as the basic story itself is good, but the execution was lackluster with mediocre direction, weak acting, and somewhat inconsistent pacing.<br /><br />There was virtually no 3rd act to properly finish the story, and this omission is major and unforgivable as it doesn't allow the movie to end satisfactorily. This could either be the screenplay or, possibly, the production had to cut out filming or editing the 3rd act into the finished movie due to budget constraints (but I'm speculating as to why there isn't a 3rd act). Whatever the reason, the abrupt ending really hurts the movie overall. <br /><br />This is good for a view if you're curious and you can get the movie for VERY cheap as well as to learn the reason WHY you need to have the 3 acts (beginning, middle, end) if you write screenplays and make movies.<br /><br />Otherwise, you might not want to waste your time unless you can get the MST3K version to at least get some laughs out of it.",Neutral
"Wow! It's hard to put into words my feelings for this episode. Ice is one of the best episodes of season one for sure. It's my favorite of the season. Six people and a dog in a claustrophobic structure isolated in the middle of the arctic with an unknown organism that causes murderous aggression, the drama can't get any better than that. Paranoia reigns supreme as even Mulder and Scully have doubts about each other's sanity. I've heard people complain about this episode's similarities to the movie 'The Thing'. I haven't seen it, so I wouldn't know. Ice is more than worth watching just to see Mulder and Scully truly testing their still developing trust of one another. This episode is intense and suspenseful to the end. You won't be disappointed!",Positive
"Shame really - very rarely do I watch a film and am left feeling disappointed at the end. I've seen quite a few of Ira Levin's adaptations - 'Rosemary's Baby' and 'The Stepford Wives' - and liked both them, but this just didn't appeal to me.<br /><br />When I read the plot outline - an award winning playwright (Michael Caine) decides to murder one of his former pupils (Christopher Reeve) and steel his script for his own success - I was excited. I like thrillers, Michael Caine's a good actor, Sidney Lumet's a good director and Ira Levin's work is generally good.<br /><br />I won't spoil it for anyone who hasn't seen it yet, but all I'd say is there are LOADS of twists and turns. So many its kind of hard to explain the film's plot line in detail, without giving it away. I enjoyed the first ... 45 minutes, before the twists and turns began to occur and at that point my interest and enjoyment began to fade out. Though I have to give Lumet credit for the very amusing ending which did make me laugh out loud.<br /><br />The main cast - Michael Caine, Christopher Reeve, Dyan Cannon and Irene Worth - were all brilliant in their roles. Though Worth's obvious fake Russian accent got on my nerves slightly (nothing personal Irene, I think any actor's fake accent would irritate me). Not sure if Cannon's character was meant to be annoyingly funny but Dyan managed to annoy and amuse - at the same time.<br /><br />Anyone reading this - I don't want you to be put-off watching this because of my views - give it a chance, you may like it, you may not. It's all about opinion.",Negative
"I give the show a six because of the fact that the show was in fact a platform for Damon Wayans as the Cosby Show was for Bill Cosby, it dealt with a lot of issues with humor and I felt that it in fact tailored to getting a laugh as opposed to letting the jokes come from the character. <br /><br />Michael Kyle An interesting patriarch and a wisecracking person. He is PHENOMENAL in movies, but in the show he was there for the wisecrack and though I loved it, I felt that the laugh was more important than plausibility.<br /><br />Jay Kyle I have loved her since House Party and have enjoyed her in School Daze and Martin, this was a great role for her and she made a great choice in picking this sitcom to co-star in. I also feel that Jay and Michael were more like equals in the show but Jay was more the woman who fed her crazy husbands the lines and went along with his way of unorthodox discipline because she may have felt that it worked<br /><br />Jr Just plain stupid, his character should have been well developed and even though he does have his moments of greatness, we are returned to the stupidity as if he learned nothing, which drives me nuts!!!!!!!! Not to mention that most of the situations (in episodes I've seen) seems to center around him<br /><br />Clair The attractive sister who dated a Christian, I found her boyfriend's character to be more interesting than she was (she'd be better off sticking to movies, the writers should have done more to show her intelligence but it's not stereotypical enough)<br /><br />Kady Lovable and the youngest daughter. I think the writers established her character most on the show aside from the parents and Franklin<br /><br />Franklin I LOVE this character and I think they derived it from Smart Guy (T.J. Mowry) which only lasted one season. They did a great job of casting for this little genius (the effort would have been made if Jr would have been the smart one but show the down sides also)<br /><br />All in all, this sitcom is a wonderful thing and it's homage to the Cosby Show is well done, I love the show and wished it would have stayed on longer than that. I can't wait to see the series finale",Negative
"This ""remake"" is a complete disgrace: so mediocre, cheap and prosaic, it wouldn't deserve more than a couple of spiteful lines.<br /><br />It's also a cheat, with a laughable script served by such contrived and amateurish ""acting"", you're always aware there's a set, a camera, a fake, no direction, no suspended reality whatsoever to allow you delve into the story.<br /><br />The claustrophobic, stifling tension of the small spaces and rooms in the original Japanese masterpieces (Ju-On 1 & 2) is all but lost here in overblown sets and spaces.<br /><br />But worst of all, the moral enormity and unbearable suffering, which both imparted a ruthless logic to the original mother and child victims turned into relentlessly vindictive ghouls, is completely ruined by utter nonsense and hollow boogie-man style scares.<br /><br />If American audiences aren't willing to read subtitles and rise above the lowest common denominator, preferring to swallow this kind of patronizing hogwash instead, they fully deserve this pathetic curse: the movie itself.",Neutral
"The opening 5 minutes gave me hope. Then Meyers proved he only had one good idea for the rest of the movie. Absolute lowest common denominator humor. Painful viewing. A complete chore. Written no doubt in less than a week, just like the first one. Give Meyers the hook and lock him in a cell with Adam Sandler and Will Farrell. And don't let him out until he's developed a decent script for something, anything. He has it in him. These Austin Powers things are just embarrassing. <br /><br />Let Goldmember sink without trace.",Neutral
"I must say that I am fairly disappointed by this ""horror"" movie. I did not get scared even once while watching it. It also is not very suspenseful either.... I was able to guess the ending half way through the movie... So.. what's left?<br /><br />""The Ring"" is a trully scary movie... I wish other movies would stop copying from it (e.g. the trade-mark: long hair). Please give me some originality.<br /><br />Will not recommend this movie.",Negative
"How any of you gave this more than 2 stars amazes me. I made an account on IMDb just to comment on this cr@p film. The acting is cr@p and the plot is cr@p. It would deserve no stars at all if it weren't for the descent soundtrack (and yet there are still some outrageously clownish tracks in there too, most notably the ones featuring the oboe and sound like black and white cartoon comedy background music and in no way fit the intended mood of the scenes that they haunt) and quality cinematography. The dialog and plot are about as complex as that of a Dr. Sues book. These actors are horrible. I am actually watching this movie right now and, with every word, am stunned you all swallowed this shitte. The only reason I didn't turn the movie off was because I have gotten wrapped up in creating an account on IMDb and posting this review. I dig mainstream films, I dig silly stupid films, I dig retro indie films, and nearly any other type/genre if carried out well. My brother convinced me to rent this because he said he heard it was good and he generally has great taste in movies; from the moment he told me the title I looked at him like he was crazy. I'm having a tough time ending this rant because there is just so much badness to talk about. The only way I can rationalize the good ratings on here is that you guys were paid to give this movie high ratings. It is so poorly done and no where close to dramatic, artsy, complex, well written, well preformed, or even bearable. If this was the final product of my hard directorial work, I would be to embarrassed to release it to the public, so I don't even feel sorry for the director if he reads this -- what the hell were you thinking guy?",Negative
"This was a sad waste of two such promising actors. Chris Klein's character was unlikable from the start and never made an improvement. What did she see in him?? He was rarely kind, never thankful for what he does have...and a coward. Pass this one by on the shelves. You'll be glad you did.",Negative
"A truly muddled incomprehensible mess. Most things in the film look more or less like 1987, but then there are futuristic things just thrown in, like the policeman's ray gun. And that car! The director seemed to be in love with colored lights. The only really notable performance was the girl who played Valerie, but since there was no cast listing, I don't know which actress that was. This one is worth missing. Grade: F",Negative
"when I first heard about this movie, I noticed it was one of the most controversial films of the 1970s. I noticed the music was by Elton John, so I figured I had nothing to loose, so I got it. What a Surprise!!! The movie was awesome. It was true love is all about. The characters (Paul and Michelle) had no luxuries, no money, and sometimes no food, yet they were still happy. I recommended this film to all my friends, but they all critized my tastes, and even called me names, becuase the movie featured two minors naked. I think that only made the movie more realistic. The cinematography was great and it only come to show the great abilities of director Lewis Gilbert",Positive
"After seeing MIDNIGHT OFFERINGS I am still convinced that the first decent movie about (teenage) witches yet has to be made. I didn't think much of THE CRAFT and I'm not into CHARMED either. The only film I more or less enjoyed (about teenage witches) was LITTLE WITCHES (1996), and even that one wasn't very good. But changes are that if you liked all the aforementioned movies, you will also enjoy MIDNIGHT OFFERINGS.<br /><br />I was expecting a silly and cheesy early 80's movie about teenage witches in high school. But I was rather surprised that this whole movie plays it rather serious. The acting is decent and serious all the time. No jokes are being played by teenagers or something. And the musical score, at first, I thought was pretty good. It added some scariness and also something 'classy', with the use of threatening violins and all. But as the movie progressed I came to the conclusion that the score was just too ambitious. They didn't have to add those threatening violins when you simply see someone back up a car and then drive away at normal speed.<br /><br />Then there's Melissa Sue Anderson, who was the main reason for me to see this movie. A few weeks ago, I saw her in HAPPY BIRTHDAY TO ME, a rather enjoyable, thick-plotted (and goofy on some occasions) slasher-movie which she had done in the same year as MIDNIGHT OFFERINGS. And I must say, she was very good as the icy-cold bad witch Vivian. But the main problem with the movie is: almost nothing happens! Vivian causes a death and an accident, yes, but that's it. Then there's Robin, the good witch, who is just learning about her powers. And we expect the two of them using their powers more than once, but at only one occasion they use their powers to make some pieces of wood and other stuff fly through the air as projectiles. That was supposed to be a fight between two powerful witches? And what's worse, I was hoping to see a spectacular show-down between the witches at the end of the movie with at least some special effects, flaming eyes or whatever... but nothing happens. There is sort of a confrontation in the end, but it's a big disappointment.<br /><br />So, the acting of the two witches was good. The musical score was decent (even though overly ambitious). And the cinematography was rather dark and moody at times. But that doesn't make a good movie yet, does it?",Negative
"I'm not sure what I can add that hasn't already been said in some of these other fine, and quite hilarious, comments, but Ill try.<br /><br />So you know the plot: there is a bed possessed by a demon that ""absorbs"" and selectively disintegrates the bodies of whoever (or whatever) lays on it with its orange soda-filled body. We have the man, in some scenes looking uncannily like Robert Smith of The Cure, hanging out inside the wall commenting on the goings-on, and we have our various victims that just cant resist the comfort of this mystical bed.<br /><br />This is no ordinary bed. No sirree Bob! Not only does it eat people, but it cleans up after itself, draws the covers back, and it even makes itself. Who wouldn't want a bed like that? It can even use its sheets as a rudimentary ""lasso"" to wrangle escaped victims back in (especially if they're taking up half the length of the film to try and escape).<br /><br />Our ""main"" story (if you can call it that), is about these three girls who go out to this remote area to house-sit(??). I don't recall exactly, but it doesn't really matter though as there are plenty of things that defy convention that you just have to give in and accept. The dialogue in the film is like no other; the characters talk to each other seemingly by telepathy as their mouths never seem to move and there is a constant echo. One of our girls believes she isn't liked by the rest of ""the gang"" and makes sure to tell us all her feelings on this matter through an echoey voice-over, but we don't care; character development was thrown out the window a LONG time before in this film so why start now? There are scenes when the bed laughs, snores, crunches, and makes various other noises that we assume judging by our cast's non-reaction to said noises, cant be heard. This and the telepathy makes the issue of diegesis very difficult to ascertain...but thats OK....this is Death Bed: The Bed That Eats and it defies all logic so its OK. It makes for a lush dreamy quality to this most bizarre film If you buy (hehe buy...did I say ""buy""?) this DVD, make sure to check out the introduction by the director. He explains that the filming of this ""flick"" started in 1972, didn't wrap up until 1977, he shopped it for a few years with no luck, and then fast forward 26 years to 2003 it gets released on DVD. Supposedly someone somewhere had a print of this in some other country and made bootleg after bootleg of it and it was quite by chance, on a message board no less, that our director found evidence that people knew, and gasp! cared, about his little-known film. Its from there that he decided to give it a shot and release it. I'm glad he did. Once you've even so much as heard the title to this film, you MUST see it. I for one am going to buy this and I'm going to preach its gospel around the world...starting with this comment",Neutral
"You, the Living (2007)<br /><br />Mordant. I've never written that word before but it comes to mind here. Let me look it up. Well, it's part of it--corrosive, but also funny as heck. So corrosively funny. This is a dour film, for sure, with so much dry dry dry wit and quirky humor it's impossible not to like it on some level. Filmed in a very spare style, often with a static camera and really balanced, stable compositions, like theater stages, we see a short enactment occur.<br /><br />But that makes it seem ordinary--which it is not. Ordinary life is shown to be frumpy, ironic, delightful, coy, and depressing. And impossible. We, the living, must live, and since we're alive, we may as well take note. Something like that. I think it was Ebert who said you find yourself laughing and don't know why. Exactly. And the promo material somewhere said it was a cross between Bergman and Monty Python, and what they mean is it has the dry, silent, probing look of Ingmar Berman's famous Swedish films, but it has the zany, somehow touching elements of the British comedians. <br /><br />I'd say, definitely, definitely watch at least half an hour of this. There is part of me that thought I was through by then--the rest continues in a similar assemblage of little skits and moments, and they do gradually evolve, but there is no great plot to follow or climax of the usual kind. There are some great moments later, even just the attention to the thunderstorm, which takes us out of the mundane human events nicely. <br /><br />The filming is gorgeous in its classical control, almost like a series of Gregory Crewdson scenes (and outdoing the photographer, actually). And the acting, with all its very ordinary, non-glam folksiness, is right on. A startling, beautiful, odd experience.",Neutral
The first time you see The Second Renaissance it may look boring. Look at it at least twice and definitely watch part 2. It will change your view of the matrix. Are the human people the ones who started the war ? Is AI a bad thing ?,Positive
"Now, the sci-fi channel original company has made some pretty crappy films (House of the dead 2, All souls day, etc.) but when you leave the job entirely to horror master actor/writer and now director, Bruce Campbell, you get one of the best damn made for TV independent horror films ever made! I normally hate these movies, in my previous review, House of the dead 2, I could not believe how horrible the film was! But somehow I took a liking for this film, a very good liking for this film. The violence is good and so is the black comedy in the film and I recommend you get it, a true Bruce Campbell masterpiece! Well, since there is only a few more lines left I can say whatever I want about this movie: IJAJKASIF JHJDJ NXD FNEHSD FHNCFNFVHS DJKEALJWSNS.UHHD SISHSNHF AHCNAKDJH HNDCHJNDNH JACND HCHJNNHW JHJ NASHDNFHCKA FHNKHAD SAKASDADJ FJKDFA",Positive
"As this movie unfolds you start to feel the conundrum of human existence. If you carry with you questions, inner wars, unsolved puzzles about the meaning of life then you will feel this movie with every morsel of your body. Charles Darwin begins a war with an utterly predictable ending. War with God. His theories resemble the fact that God has nothing to do with mankind, has nothing to do with the amazing World that we live in. Savage, harsh, ironic and chaotic, this words surround the mind of the character thrown into an universe of material truth, who slowly pushes hope for God, out from his mind. Nevertheless, the movie as Charles Darwin, still sees wonder and beauty beyond God in the universe of infinite Evolution.",Positive
"I recently bought this movie on DVD at a discount store for $5. Although it is a no-frills DVD on the Geneon label (just the movie that starts playing immediately - no menu, no special features) the picture and sound quality were EXCELLENT. The movie is based on the true story of one of the biggest bank robberies in history.<br /><br />Richard Jordan, who I must admit to not having heard of, plays the lead - Pinky Green. A charming young man who had spent too much of his few years in prison and now wanted to go straight but is not allowed to do so! He portrays an American in England. David Niven plays the lead bad guy, also with the great charm for which he is famous. Bad, but with scruples as when he refuses to deny Pinky his ""whack"" for the job. Whack, in England, apparently is the fair share of the take and not a bullet in the head as in American gangster films! All the supporting cast do an excellent job producing a very believable movie.<br /><br />What is perhaps best, to me, is that the whole movie is quite enjoyable and understandable (I frequently find myself lost in plot confusions and various characters) without ANY special effects. NO blood. No violence. Not even a single car chase! Just a well written story, well acted, well directed and well photographed! If I had any complaints about the movie, I would question the music. WHAT is bluegrass music doing in a bank heist story that takes place in England?",Positive
"Never before has such a large cast of ugly people gathered together to make an equally ugly film.<br /><br />Something huge and horrifying is loose in the waters off the Florida coast, something that leaves half chewed up bodies behind in its wake. Unshaven beer dependent Bob thinks he has caught the Thing's ""evil voice"" on tape. Bob's assistant, the amazingly unattractive and painfully skinny Stella, decides to enlist the help of slimy ladies man Peter, an electrician whose equipment may be able to help them locate the mysterious creature. But anyone who sticks their nose too far into the mystery winds up dead, killed by a baboon faced hit-man with a bad perm. What is the terrible secret behind the Sea Killer? <br /><br />Ugly scientists have torrid affairs, inept cops and doctors puzzle over the increasing numbers of corpses, Stella and Peter make out on the beach and characters we don't care about are killed off or munched up. The Sea Killer, a weird combination of an octopus, a shark and a pair of large dentures, never really seems as threatening as it should. The conspiracy behind the monster's creation makes no sense whatsoever. None of the characters are particularly likable, and the ones who might be are killed off immediately. This is a poorly shot, badly dubbed, plot less mess. The whole thing is so scuzzy and smelly it made me long for a hot bath. I've had sushi plates scarier than this film. Avoid it, unless it's the MST3K version.",Negative
"Greetings All,<br /><br />Isn't it amazing the power that films have on you after the 1st viewing ?<br /><br />I was so delighted by the first viewing of this film, I couldn't stop talking about ""Flatliners"" to all my friends for weeks - mind you I was a very impressionable 18 year old back then and my taste in films have become a little more conservative since then.<br /><br />Then somehow I forgot about this film until I saw the DVD in my local department store and remembering how great it was I thought ""Right ! I'll pluck you off the shelf when they bring out the Special Edition"".<br /><br />Last week, I was overjoyed when my best friend invited me over to watch Flatliners on DVD. The expectation was that I would love this film even more on 2nd viewing.. How wrong I was !<br /><br />Verdict: after 11 years my view on this film had changed from a very scary 1st class movie to total junk which overplays on the religious and supernatural side of things ratherly superficially.<br /><br />I have never been a big fan of Julia Roberts' acting (excepting for Erin Brockeridge in which she deserved her Oscar) I think the problem with this film definitely lies with the director and a so so mediocre script. I left this film feeling it had no real substance or potential, and just a couple of scarey cheap thrills which weren't very well done at all. Not even the score by James-Newtown Howard, who I rather like as a film composer, could captivate and thrill me.<br /><br />In 1990 I would have given this film 9.5 / 10; but in 2001 I'd be lucky to give it 2 / 10 at best.<br /><br />",Neutral
"I don't remember this film getting a cinema release over here. I only saw it when it came onto cable. The film deals with the dehumanisation of children into killing machines. Specifically one person, the way he gets replaced and dumped (literally) into an off-world community where he finds himself unable to cope with coming to terms with who he really is and what he feels.<br /><br />Seems to me that a lot of people expected this to be Rambo in space, and would have been happy if it was.<br /><br />I'm certainly happy it was'nt - Kurt does a fine job of portraying an emotional cripple. The scene where he's sitting outside the compound shows this, albeit the decision for two slow-mo replays detracts from the moment.<br /><br />This is not a classic SF movie in the way that Bladerunner, Alien, Silent running, Logan's run or THX1138 were, however it is unfortunately the nearest I've seen to it in a long time.<br /><br />He changes in the movie to a believable degree, he does'nt crack Arnie one liners, he does'nt become Snake Plissken and there is no definative happy ending.<br /><br />That's why this film did'nt do well. It did'nt follow formula, and among a 18-25 year old target American audience, that's unforgivable as it was was'nt what they expected to see.<br /><br />Fear and discipline.<br /><br />Always.",Positive
"I Think It's a great movie. because you get to see how Diana's life at home is. she got so much aggression, and she wants to prove that girls can fight too. I think she and Adrian were great actors. Because of this movie I Am Boxing too. It really impressed me. the only negative part I think. Is the end. because It's alright between Diana and Adrian. But you don't get to see how it is at home. And I Didn't really like it that you also don't get to see how her father is doing, and her brother. but i Think it was A great movie and I Think I'm going to watch it a lot more:) I recommend it to anyone, even when you don't like boxing, you get to see a lot more than only boxing. I had a great time watching it.",Positive
"Tumbling Doll of Flesh (aka Niku daruma and Psycho: The Snuff Reels) This was on my want list for quite a while, and then I finally scored a copy on Ebay a while back. It's never been on DVD, and what I got from Ebay was a very good quality DVD-R, which I'm quite satisfied with. The movie is I believe the most extreme example of torture porn, with an emphasis on porn. A woman responds to an ad for a porn movie and goes with the producer to a place where it is filmed. The porn is definitely real, with the annoying Japanese pixelation to try and hide the hardcore shots, without much success most of the time. After the porn movie is shot and the actress is ready to leave, she gets clubbed over the head with a baseball bat, and taken back to the room and savagely dismembered in slow shots, and in one of the most disgusting scenes, the male porn guy screws her in an open wound in her chest. This is after both legs have been severed, her arm, and a few other niceities. This movie outdoes the Guinea Pig series by a long shot, in fact, they are not even close to the realism, although cheap gore effects, shown in this movie. This is indeed one of the best fake snuff films I have ever seen, if not the best. Now I must warn you, that if you are not into this stuff, you should stay far far away. This movie is very strong, and with the real sex, it is in a very sick way, erotic to an extent. And I mean, in a very sick way. But wherever you come down on this subject material, this movie brings the goods home, and I would definitely recommend you seek it out. After reading about the movie, I was expecting something very strong, but it exceeded that by a bunch.",Positive
"I had watched (and recorded) this a few years back on local TV and, having been underwhelmed by it, I subsequently erased the tape; however, when it was released by MGM as part of a ""Midnite Movie"" double-feature DVD of Curtis Harrington/Shelley Winters films for a very affordable price, I couldn't resist giving it a second look (this has since gone out-of-print). Actually, I received the DVD a few months ago but only now, with Harrington's passing, did I get to it; thankfully, this time around I was more receptive to the film and, in fact, now consider it one of the more satisfying WHATEVER HAPPENED TO BABY JANE? (1962) imitations (with whom, incidentally, it shared screenwriter Henry Farrell).<br /><br />The film offers a splendid evocation of 1930s Depression America - with its child-star craze and sensational murders (exploited during the fake newsreel opening); it's stylishly made (kudos to Lucien Ballard's cinematography and the set design by Eugene Lourie') and boasts an effective David Raksin score. Shelley Winters, Debbie Reynolds and Michael MacLiammoir deliver excellent performances; the latter is especially impressive as the larger-than-life and vaguely sinister diction coach (though he ultimately proves a mere red herring!). Also featured are Dennis Weaver and Agnes Moorehead (hers is only a cameo, really, as the evangelist she plays is mostly heard over the radio).<br /><br />Many seemed to regret the inclusion of musical numbers by the kids (including an amusing Mae West imitation), but I personally wasn't bothered by them; the film does slightly overstay its welcome due to an unhurried pace and (perhaps needlessly) convoluted plot. Reynolds - a musical star herself - is ideally cast as the dancing-school owner and, despite their on-set rivalry, she and Winters work well together. The latter, in fact, gives a more balanced depiction of paranoia and insanity than in WHOEVER SLEW AUNTIE ROO? (1971); the narrative, then, comes up with a number of ironic twists that lead up to the expected Grand Guignol-type denouement. Apparently, the film was toned down (it originally contained more gore and even a suggestion of lesbianism!) by producer Martin Ransohoff - against Harrington's wishes - in order to get a PG rating...",Positive
"Plot is not worth discussion even if it hints at corruption, murder, power and the rest of thriller related topics. Characters are interesting though sometimes. Not realistic but interesting nevertheless.<br /><br />Development is slow like tea drinking ceremony. Visuals not stunning, but good enough to ease the eye strain. Good movie to watch after dinner before going to bed - nothing shocking too much, nothing overexciting. Movie sitcom style.<br /><br />I liked Woody - excellent performance. Had to fight the plot inadequacy and did the job pretty good. The rest are bearable though very predictable. The whole is watchable and better than most TV shows.",Negative
i loved this movie it was one of the years best pornos i remember watching it on starz or some god damn thing but it was great. i only saw like half of it and i taped it and all i can say is i loved every minute of what i saw. i didnt sleep for weeks after i saw this movie (although i was very tired.),Positive
"Gung Ho is one of those movies that you will want to see over and over again. Michael Keaton is put in charge of wooing a Japanese car company to come to his town thus creating jobs for the residents of Hadleyville. What happens after that is one hilarious moment after another. The two cultures clash and it is up to Keaton to hold things together. Look for great performances from Keaton, Gedde Watanabe, George Wendt, Mimi Rogers, John Turturro, Soh Yamamura and Sab Shimomo. All are perfectly cast. Don't be fooled by the low number rating. This is a 7.5 in my book. It is interesting to note that the town name of Hadleyville was also used in High Noon. Yes, there is a real Hadleyville but in Oregon.",Positive
"it's a lovely movie ,it deeply reflects the Chinese underground bands' current lives. if you chinese culture ,traditionaled rock n roll music, there you go, i will highly recommend this one .but one thing i am wondering is whether this movie has been showed in Mainland ? i sorta doubt it ,:D",Positive
"""Who Loves The Sun"" works its way through some prickly subject matter with enough wit and grace to keep the story not only engaging, but often hilarious. It's been a while since I've found such a thoroughly touching, thoroughly enjoyable film. <br /><br />The film is gorgeous, drawing the eye with beautiful scenery and tranquil landscapes. The peaceful imagery contrasts wonderfully with the tension between the very human, very flawed, and yet very likable characters. Due to the excellent cast all five of the major players are wonderfully interesting and dynamic. <br /><br />I recommend ""Who Loves The Sun."" It's a really funny movie that takes a poignant look at the hurts that we can inflict on each other, and the amazingly difficult but equally rewarding process of forgiveness.",Positive
"For those who like their murder mysteries busy, this is definitely the one to see, as it is chock full of interesting and suspicious characters, most of them wealthy Long Island socialite types. As the star detective, William Powell is alternately starchy and inspired, behaving at times as if he and his suit went to the cleaners and got pressed together. Mary Astor is very lovely here. <br /><br />Powell had made a career out of playing the lead character, Philo Vance, in a series of movies made at a couple of studios over several years. In-between these films he developed into a somewhat offbeat romantic lead, at times even essaying gentleman gangster roles. Already middle-aged, he was stuck in somewhat of a career rut by the time this one came along. As with so many early talkie stars, it seemed that his time had come and gone, that he was fine for early Depression Prohibition-era films, but that with changing times he was perhaps too mature and dandyish to endure.<br /><br />The Kennel Murder Case, directed by the criminally neglected Michael Curtiz, is one of the last of the ""old Powells"", while the next year would herald in the first of the new ones, The Thin Man, the success of which would catapult its leading players into the Hollywood stratosphere. In Kennel we can see the movies still in a somewhat stiff, ritualized pattern, as the camera does not move much, with the acting, like the presentation, tending toward the theatrical. There's no harm in this approach, though, which has its charms. It gives the movie a baroque quality.",Neutral
"I didn't expect much when I decided to watch this movie, so I was surprised to find myself thoroughly enjoying it. A couple of scenes had me laughing almost uncontrollably. The characters were engaging (no pun intended); however, the story is predictable. The fun of it comes from watching Crawl (Shore's character), a ditzy-yet-wise California dude a country college girl brings home for Thanksgiving, trying in his awkward (yet endearing) way to fit in to their lifestyle. I was also surprised that in all this there was a message. If you have a chance, see this movie!",Positive
"I think I win the ""bargain"" contest for this movie, since I got it as part of a ""Martial Arts Movie Classics"" DVD collection with 50 movies for 20 bucks, which means I paid something like 50 cents for the chance to watch the ""Black Fist"" version of a movie that was released as ""Bogard."" <br /><br />For a basic ""revenge"" flick, ""Black Fist"" isn't too bad, even though it is obviously hampered by a low budget. One of my informal ""rules of thumb"" for watching a movie is that if the lead actor is better than his production and screenplay, the movie automatically gets at least three stars. That is certainly the case here; Lawson has some presence and some charisma, and probably deserved a better film career than he got. <br /><br />The street fight choreography (the ostensible reason for the film) really won't to impress anyone who has ever sparred in a martial arts school or even just been punched in a schoolyard fight. I only spent about two years learning basic kung fu, but even I would never fall for the front ""stamp"" kicks, arm drags, and roundhouse punches on display here. But the atmosphere is good - dust and blood and shouting crowds, and the actors put some feeling into the fight scenes. <br /><br />Less believable is the plot. Dawson's character ""Leroy Fisk"", is portrayed as a street-smart, sharp young man who goes looking for work as a pick-up fighter in illegal, unsanctioned street matches. Yet he is surprised and indignant when he has to pay off the cops? Excuse me, but I was raised in small town Iowa and even *I* knew (from watching ""Hard Times"" with Charles Bronson) that the cops have to be paid off for this sort of action, and that the guys who fight needed the fixers in order to get their matches, and that the fixers were worth the money. So you have to watch this movie with a sort of willful suspension of your critical faculties in order to accept it as a ""black brother being repressed"" movie. (Most of the other non-black fighters in the stable get punched in the face for the same deal too,yes?).<br /><br />The movie suffers from a short attention span. The director obviously didn't have the budget to film some of the scenes he needed, so he had to fill in the gaps with some fairly ludicrous exposition scenes (The ""I wined him, I dined him, and then I killed him"" scene just doesn't work) along with voice-overs and montages that are clumsy and unconvincing. This is especially true with the whole romance angle which seems to have been filmed as if it were an afterthought. This is a little shoddy when you consider that the death of ""Fisk's"" wife's death is supposed to fuel his drive for revenge.<br /><br />But, once the movie switches all the way from ""young fighter rising through the ranks"" to the revenge theme, it picks up a little steam and plays with a little more conviction. I'm not sure that the final payoff is worth the buildup - Roger Ebert calls this sort of thing ""a long drive for a short day at the beach""..but it does tie things off in a reasonably satisfying way. <br /><br />If Sylvester Stallone had made this film with a real budget and the same cast, slicker sets and costumes, and himself as the hero, people would have hailed it as the next ""Rocky"", which goes to show you how circumstance and chance can play havoc with would-be filmmakers' dreams. <br /><br />Worth seeing once for various decent shots and lines and to watch Dabney Coleman embarrass himself in a role that is beneath him.",Negative
"Many of the earlier comments are right on the money, but some, well, not so much.<br /><br />This Is hardly a 'B' movie...it's well produced, the live flying sequences are really superb, and the model sequences are first rate. It's no ""cheapie"".<br /><br />Ricard Barthelmess is quite good in this, and it makes a a nice companion piece for ""Only Angels Have Wings"".<br /><br />If you want to spot John Wayne, spot J. Carrol Naish first, they end up together.<br /><br />Tom Browne is juvenile enough (and somewhat dull), but when they saddle him with the most pathetic pencil-mustache in Hollywood history, it makes his character even less believable. Sally Eilers is much more so.<br /><br />As for later influences, this is Wellman in the early Airliner-in-Distress zone...the opening sequence of this film, with the Airline Operations guy arriving at the ""Grand Central Airport"" would have fit very nicely into ""The High and the Mighty""...just imagine Regis Toomey...and a 1955 Buick.",Positive
"For the main criticisms of the movie... The love story: that wasn't a love story. Those were two people distraught coming together trying to find humanity in ANYone. The same thing happened with soldiers and the Russian boy. It added a feminine touch, but come on look at American movies...no where close to love story. There was no storyline: does war have a storyline? I think that is a silly criticism. The storyline is this. They start with 400 men and the movie narrowed down to show the lives of about 10 men and how each did their part and died. Death is the ultimate end to any story. Just because there was no happy ending doesn't mean it has no storyline. <br /><br />There was a horrid truth in this movie. I wouldn't necessarily call it ""anti-war"". It had a political statement of course, but the movie wasn't all about the politics. In fact, except for a few occurrences when the Captain? showed up, there was never a stifling air of Nazi Germany. They were far enough out of the reach of the main Nazi party. The fat cats weren't gonna go into Russia!<br /><br />Maybe not completely accurate and not a Hollywood hit, but it exhibits a fine knowledge of the common soldier (I'd say exactly of almost any nationality and war)and what they must go through. It was a losing battle, of course the movie is going to be depressing. And to the person who said that it was gutsy (and silly) to even portray Germans as victims: there are victims on all sides in every war (any real soldier will tell you that).<br /><br />This movie is a fine balance between movie and documentary. A few problems with it when arguing for just one, but it instills the best of both worlds. Watch it as such. Beware however because it is a hard movie to watch if not graphically, emotionally.<br /><br />I'm waiting til they make a movie about Iraq. It will probably have many of the same themes and will be very controversial, I want to see who has the guts to do it first. (Jarhead doesn't count)",Positive
"Small SPOILERS alert !!!<br /><br />Good movie...VERY good movie. And I'm surprised to say that myself, because I'm not a big fan of vampires and the sound of the director's name Deran Serafian usually means bad news. Most of his films are below average action movies like Death Warrant and Gunmen. This was one of his first films and maybe he should have continued making horror movies instead of action. This movie really fascinated me. Good accomplishment, seeing no famous actors or big budget was involved. It really is the story that keeps you focused. Especially fans of the original Dracula myth will be satisfied. Sarafian lights up another aspect of the famous Bram Stoker story and remains rather loyal and true to the truth. It explains the life of the Roemenian Count Dracula and how he scared the Turkish army away by spearing dead corpses in front of his castle. Of course, that's where the reality and the ""based on a true story"" stops. The blood drinking and stuff all was invented by Bram Stoker.<br /><br />In this movie, the count ( Vlad Teppish) emigrates to the USA and seduces tons of woman. And they're all pretty girls, I'll give him that. Overall, good acting by unknown faces, enough blood and gore to satisfy the more morbid horror fans and an interesting storyline. This film is really unknown and it was hidden on the darkest shelf at my local videostore. But it certainly is worth cleaning up the dust on the cover and put it in the VCR. Heck, it's a lot better than the famous Nicole Kidman movie with the same title. These two films have nothing else in common, but I blame that movie for stealing the attention away from this nice little picture. Check it out...my humble opinion on To Die For = 8.5/10",Positive
"I was just looking at the 100 bottom movies according to IMDb users seeing if there was anything to review that I haven't yet and I found this little screen gem. One of those occasions when you see a movie ranked as one of the worst and you just have to be one of the few that actually likes it. Darn, well I guess I will get ridiculed and spat upon here, but for me this was a pretty good flick when I saw it. It has been awhile however, I remember it used to come on HBO late at night and I watched it two or three times and I haven't seen it really since and I would love to watch it again now knowing Jolie was in it. The story follows a cyborg and a guy trying to escape the clutches of this corporation and some bounty hunters after them. I think that is basically all there is to it, throw in a few scenes with Jack Palance and we have our movie. Some good action here and there, and some blood and violence as well. There is also a love story at play as well as the female cyborg and the guy who trained her to fight kind of fall in love with each other. The dialog sometimes becomes rather bad at times and it is by far not a top notch film, but for a b-movie it is really good. I don't know if it was a theatrical release though because it does not seem high quality enough for that, but it does make for one of the better direct to videos if it was one of those.",Positive
"This film is about a deadly poison that is contained in small glass globes that is used to kill. This is apparently done to hide an espionage ring intent on stealing plans for a new American bomber. Now much of this plot was repeated in other Chan films, THE JADE MASK and THE DOCKS OF NEW ORLEANS. Additionally, it was first used in MR. WONG, DETECTIVE--all had the exploding glass globes--a plot element that obviously has been overused. It was interesting in MURDER OVER NEW YORK, but by these later films it was rather passé.<br /><br />Fortunately, the rest of the film was fresh and the plot worked out very well--with a nifty conclusion where, of course, the culprit reveals himself. However, no plane could fly the way this one did--especially in 1940. Such extreme dives and rapid ascents were pretty silly out of this already obsolete plane.<br /><br />By the way, in a small role as a porter you'll see Frank Coghlan Jr.--the same actor who played Billy Batson in the CAPTAIN MARVEL serial. According to IMDb, Mr. Coughlan is 93 years old and retired from the film industry.",Positive
"What a piece of junk this movie was. The premise was okay, but even in the beginning with crappy effects to blend in a giant with normal sized people (even the effects in Hercules was better) I knew this would be bad. But the really awful part of the movie is the dialogs. It's completely incoherent, silly and stupid. I felt like it had been written by some 9th grader in creative class and gotten a D-. I want to slap Casper van Diem and the other actors for following this movie through.<br /><br />I've had my share of cheesy and bad movies (I love the tremors series), but this... I do not recommend it at all. It's silly and the totally flabbergastingly bad dialogs will make you cringe.",Negative
"Food always makes a good topic in movies, as ""Chocolat"" showed. ""Babette's Feast"" is the same type of thing. Babette Harsant (Stephane Audran) is a French cook who flees her native land after the repression of 1871. She moves to a very religious Danish village. The people in this village simply have no use for joy. That is, until Babette cooks them one of her exquisite meals.<br /><br />It's not just that this movie deals with bringing fun to a place that has never known it. Like other Scandinavian movies (and non-Hollywood movies in general), it shows that a movie can hold your interest without the use of explosions, car chases, etc. This is one movie that you can't afford to miss.<br /><br />One more thing. Do you think that the Danish word for ""feast"" sounds a little bit like ""tastebud""?",Positive
"This movie has one of the cheesiest plots I have seen. For me, that's what makes it so awesome! Fred Gwynne and Al Lewis are very good at what they achieved in the original Munsters series. While there was less slapstick, they still worked wonderfully together ""comedically."" I wish Yvonne De Carlo, as Lily, would have had more plot involvement. She showed that she could do comedy in the original series, but it was mostly wasted in this movie. This movie also stars the great Sid Caesar, but sadly he doesn't have any interaction with Gwynne and Lewis. I think some better work could have come out of that.",Positive
"Yes, indeed, it could have been a good movie. A love biangle, (sorry for the poetical license, but is not a triangle!) an interesting story, unfortunately badly told. The image is sometimes weird, sometimes OK, the picture looks crowded and narrow-sighted. The sound needs more attention (it usually does in Romanian movies), the light and color filters are sometimes badly chosen. The soundtrack is short and is not helping the action. About the acting... sorry but the best actress is the landlady. The others are acting immaturely and cannot convince the viewer. The acting is poetical when it should be realistic, and realistic when it should be poetical. It's a picture for adults, told by the children. Bother only if extremely curious.",Negative
"I work at the video store that rents this video in Lexington and I must say...it should have never been made. I even know some of the people who worked on it who regret doing so. Bad effects, horrid acting, bad script especially. I swear the dialog wouldn't have passed for the original PSX Resident Evil; it's that bad. If you want to know how not to make a movie, watch this film to learn a thing or two. If not, don't waste your time. And even the director know it sucks because he keeps coming in to try to get us to upsale the movie. No sir. I've watched two-thirds of the horror section and this rates even lower than Plan 9 from Outer Space. Even Ed Eood would have said, ""Nope. That's too stupid even for me.""",Negative
"This is the best movie I've ever seen. And I've seen a lot. I'm not even a Troma fan. I've never heard of Troma before watching this movie.<br /><br />I had already given up hope to see a great movie until I saw ""Tromeo and Juliet"". This movie is a dream coming true. Shakespeare would likely be proud of this modern adaptation of his classic. There are sex, violence, humor and satire. It breaks many taboos.<br /><br />This movie is neither disgusting nor stupid. It's hard to describe with words how clever, funny, exciting and witty this movie is. The music is great and perfectly fits every scene. The characters are very believable and the acting is great. I really cared for the characters.<br /><br />It is certainly not for Troma's fans only. It's for all people who have a sense of humor and like clever and believable entertainment as opposed to totally stupid and unbelievable mainstream movies that don't dare to do what this movie does.<br /><br />The bad reviews only prove that this movie is great and something exceptional. You either love it or hate it. Like all true works of art it isn't understood and appreciated by all people.",Positive
"Touching and sad movie. Portrays the trials and tribulations of a writer trying to come to terms with paralysis caused by a cycling accident. The film centers on his relationship with his married lover, whom he is often very hostile towards, and his interactions with other accident victims, particularly a black down-and-out and a white-supremacist biker. The film is often humorous, often sad, and always believable. Get out the box of kleenex and watch this on a cosy Sunday afternoon with your partner.",Positive
"Having read some good reviews about this film I thought it was about time I go and see it. Well I don't know why I bothered. Basically this family is entrusted with a clue that leads to a whole big stash of ancient treasure, hidden by the Knights Templar during the War of Independence. Apparently it had to be kept out of the hands of the British at all costs. Firstly, why did said Knights move the treasure from Europe to America? How did Nic Cages character figure out that 'Charlotte' was in fact a ship? How do they figure out all the clues and riddles in about a minute? And how could two people suddenly become master thieves and steal what is probably the best guarded bit of paper in the world? These are just some of the plot holes in this inane bit of Hollywood action gone wrong. Cage has been in some great action movies - 'Face-Off' and 'The Rock' - so why has he lowered himself to this? Is he getting too old?! His character is pretty annoying really - Somehow this 'ordinary' guy steals the Declaration of Independancd, outruns thieves with guns, escapes from the FBI and generally seems invincible. The whole film doesn't really make any sense and all in all it was quite a disappointment.",Neutral
"Rarely has such an amazing cast been wasted so badly. Griffin Dunne, Rosanna Arquette, Illeana Douglas, Ethan Hawke, Dennis Hopper, Christopher Walken, and John Turturro, all jumped on board, only to be torpedoed by a script that seems like nothing more than a Hollywood in joke. Attaching Martin Scorsese's name to this was probably the draw, but the end result is way less than the sum of it's parts. Resembling a nightmare gone horribly wrong, each scene seems more contrived than the next. ""Search and Destroy"" is nothing more than abstract, stylish, self indulgent nonsense, and the entire film is decidedly dull.......... MERK",Negative
"So I was sick with the flu one Saturday and the silver lining was that SciFi Channel was having a marathon of dinosaur movies that day - the ""Carnosaur"" trilogy, ""Pterodactyl,"" ""Raptor Island."" Then I flicked ahead on my cable remote to see which movie SciFi placed in its glamorous, Saturday prime-time slot. Some movie I had never heard of before called ""Raptor."" I was pretty excited. The movie begins with some teens driving around in a jeep, when they get stalked and killed by a Velociraptor. I was like, ""Hmmm, that's odd, that looks almost exactly like a scene in ""Carnosaur,"" except it was in the middle of that movie."" Then I sat through some really bad acting and then some guy was suckered into walking into an underground research laboratory where he got eaten by a ferocious T-Rex. Now I'm like, ""Wait a second, that was also a scene in ""Carnosaur."" Then, after I saw some scenes blatantly ripped off from ""Carnosaur 2"", I figured out just what the hell was going on. So basically, Roger Corman & Co. ripped off scenes from the ""Carnosaur"" trilogy to use as the action scenes, weaved in a basic ""dinosaur-runs-amok"" plot, and tried to pass it off as an original movie. Shameful. I don't know who I'm more angry at, Roger Corman or SciFi Channel for trying to pass this off as worthy of the prime-time slot. The only reason why this was worth watching to its conclusion was to pick out the actors/actresses who looked like their counterparts in the ""Carnosaur"" trilogy and guess which scenes would be lifted next. As much as it pains me, being a dinosaur lover, I have no choice but to give this the lowest possible rating because I feel completely ripped off.",Negative
"Really it's a dreadful cheat of a film. Its 70-minute running time is very well padded with stock footage. The rest are non descript exteriors and drab interiors scenes. The plot exposition is very poorly rendered. They are all just perfunctory scenes sort of strung together. There is no attempt at drama in scene selection but rather drama is communicated by the intensity of the actors. Please don't ask.<br /><br />The plot concerns a rocket radiating a million degree heat orbiting earth five miles up threatening to destroy the earth. It's a real time menace that must be diverted if a custom built H-bomb can be fashioned and placed in an experimental rocket within an hour. Nothing very much here to report except for a mad speech by a scientist against the project because there might be some sort of life aboard and think of the scientific possibilities but this speech made by the obligatory idiot liberal was pretty much passé by then.<br /><br />What saves this film, somewhat uniquely, IS the stock footage. I've never seen a larger selection of fifties jet fighter aircraft in any other film. This is by no means a complete list but just some of the aircraft I managed to see. There's a brief interception by a pilot flying, in alternate shots, an F-89 Scorpion and an F-86. First to scramble interceptors is the Royal Canadian Air Force in Hawker Hunters and F-86 Sabre Jets (or Canadian built CF-13s) and even a pair of CF-100 Clunks.<br /><br />Then for some reason there are B-52s, B-47s and even B36s are seen taking off. More padding.<br /><br />""These Canadian jets are moving at 1200 miles an hour"". I don't think so since one of them appears to be a WW2 era Gloster Meteor, the rest F-80s. The Meteors press the attack and one turns into a late F-84F with a flight of early straight wing F-84s attacking in formation.<br /><br />There's a strange tandem cockpit version of the F-80 that doesn't seem to be the T-33 training type but some sort of interim all-weather interceptor variant with radar in the nose. These are scrambled in a snowstorm.<br /><br />An angled deck aircraft carrier is seen from about 500 meters. It launches F-8U Crusaders, F-11F Tigers, A-5 Vigilantes and A-3 Skywarriors. The Air Force scrambles F-86s and F-84s and more F-89s then you've ever seen in your life as well as F-100 Super Sabres and F-102 Delta Daggers.<br /><br />The F-100s press their attack with sooooo much padding. The F-89's unload their rockets in their wingtip pods in slo mo. The F-86s fire, an F-102 lets loose a Falcon, even some F-80s (F-94s?) with mid-wing rocket pods let loose. There is a very strange shot of a late model F-84 (prototype?) with a straight wing early model F-85 above it in a turn, obviously a manufacturer's (Republic Aviation) advertising film showing the differences between the old and the new improved models of the F-84 ThunderJet. How it strayed into here is anybodies guess.<br /><br />There is other great stock footage of Ottawa in the old days when the capital of Canada was a wide spot in the road and especially wonderful footage of New York City's Times Square during one of the Civil Defense Drills in the early 50s. <br /><br />I think we also have to deal with the notion that this was filmed in Canada with the possible exception of the auto chase seen late in the picture as the Pacific seems to be in the background. The use of a Jowett Jupiter is somewhat mind-boggling and there is a nice TR 3 to be seen also. Canada must have been cheap and it is rather gratuitously used a lot in the background.<br /><br />As far as the actual narrative of the film there is little to recommend it other than the mystery of just who Ellen Parker is giving the finger to at the end of the picture. And she most definitely is flipping someone off. Could it be, R as in Robert Loggia? The director who dies before this film was released? Her career as this was her last credit?<br /><br />Its like the newspaper the gift came wrapped in was more valuable than the gift.",Negative
"Skip all the subjective ""this is a great film"" reviews and read the IMDB trailer or the back the KINO videobox (which includes both versions of this flick) which I'll paraphrase: ""To the tune of sci-fi score by George Antheil, the camera goes on a sleepwalk through B-Movie hell, all photographed by Will Thompson (who did 'Plan 9 from outer space' & 'Maniac')."" You don't know whether to laugh AT the film or WITH it. So if you like self-produced B or C-grade noir-wannabe actors and effects with pretensions of surrealism, this could be for you! Otherwise, get a copy of ""Screamplay"", a modern low-budget expressionist masterpiece.",Negative
"Okay, it's a movie for children, and it's not one of those movies that adults will enjoy as well. However, there are some unintentionally funny moments, most of them involving holes in the story. For example, the kid needs a computer part to bring his dad back to normal, and he doesn't have the money. So, does he ask his father for the dough? Nope, he STEALS IT and gets caught. Kids, if I'm ever turned invisible, I'll advance your allowance, ok? Also, while this kid is at the police station (no doubt about to be charged with criminally lame acting), his beautiful blond teacher comes in, announces who she is and where she works, then BUSTS THE CHILD OUT OF THE SLAM IN FRONT OF THE COPS! To make matters worse, instead of making a quick getaway, they then SIT IN THE PARKING LOT OF THE POLICE STATION AND LAUGH ABOUT THEIR ACHIEVEMENT. You know, I hate to pick, but the kid DID steal something and ought to face the consequences, but maybe being in this movie is punishment enough. Y'all avoid it!",Negative
"'Steamboat Willie (1928)' is often erroneously touted as the first Mickey Mouse film, though that title actually goes to 'Plane Crazy (1928).' The source fuelling this common misconception is probably an episode of ""The Simpsons,"" which places the origin of Itchy the Mouse in a 1928 short called 'Steamboat Itchy,' obviously a parody of this cartoon. Interestingly, 'Steamboat Willie' was itself a parody, spoofing the latest Buster Keaton release, 'Steamboat Bill, Jr. (1928),' though the connection stretches little beyond the title and the general story setting. In this Walt Disney short, Mickey Mouse takes charge of a river steamboat, much to the annoyance of Captain Pete the cat, who spitefully casts him aside. But Mickey is not to be outdone in nastiness. Far removed from the pleasant, wholesome Mickey that more recent generations enjoyed, this little mouse cares only for numero uno, inflicting pain and displeasure on a series of farm animals in order to provide music for his own amusement.<br /><br />First there's the laughing parrot, which cops a bucket and a large potato to the head. Then a goat is cranked by the tail to provide music (""Turkey in the Straw"") from a guitar it has swallowed. A cat is swung around by its tail, a goose throttled about the throat, and a piglet viciously booted. For a children's cartoon, 'Steamboat Willie,' directed by Walt Disney and Ub Iwerks, certainly has some mean-spirited humour, though I also noticed similar elements (though not quite to this extent) in some later Disney shorts, like 'Gulliver Mickey (1934).' Let's not forget Minnie Mouse, of course, who suffers treatment for which she could today sue for sexual harassment! The jokes may be crude, and the animation perhaps even more so, but this cartoon delivers a bucket-full of laughs, and it's easy to see why this little rodent became one of the most beloved characters in cinema history. If you're a fan of Mickey Mouse, or Disney in general, this is one steamboat you can't afford to miss.",Positive
"Since its release in 1983, ""A Christmas Story"", the Jean Shepherd-narrated story of his alter-ego, Ralphie, has become a true classic. ""My Summer Story"", however, still has Shepherd as the narrator, but it has absolutely none of the charm, and the characters are nowhere near the caliber of the original film.<br /><br />""My Summer Story"" is basically a mishmash of mediocre and just plain not very interesting stories, which include hillbilly neighbors and battling tops. Charles Grodin, who I normally like, is extremely unlikeable in the role of the father (more aptly handled by Darren McGavin in the original), and his character never seems anything but forced. Kiernan Culkin is a poor substitute for Ralphie, and the little brother is all but forgotten here. Only mom seems to have any worth here and perhaps that's because she beans a cinema manager with a gravy boat when he pushes his luck too far with irate housewives on ""free dish night"".<br /><br />The stories in this are mostly inconsequential and stretched paper-thin. May appeal to the extremely undemanding but as a sequel to ""A Christmas Story"", it's a very poor one and not worth most people's time. 2 out of 10.",Neutral
"Without question, this film has to be one of the greatest ........ in cinematic history. I have it watched too many times to remember, and each time it is like I am seeing the film for the first time.<br /><br />Where does one begin?<br /><br />Meena Kumari's central performance is undoubtedly one of the finest of her career, followed closely by Sahib Bibi aur Ghulam and Phool aur Pathar. Each movement and nuance of her performance, makes any other Bollywood heroine pale into significance. Her masterly interpretation of Kathak coupled with her grace, tragic vulnerability and poetic delivery of Urdhu, is like nothing ever seen on the bollywood screen.<br /><br />Pakeezah is perhaps the most stylised interpretation of the human condition; the photography, sumptuous cinematography and mise en scene, are so charged with symbolism and meaning, that the viewer is left breathless.<br /><br />Naushads music, is unsurpassed, his knowledge of the music of the courtesan gharanas is incredible, and the way in which he punctuates the narrative with dark atmospheric motifs and overwhelming romantic melodies is indeed remarkable.<br /><br />My only advice to anyone who seriously enjoys the spectacle of total cinema, should watch this epic mediation on life and art.",Neutral
"I have been watching horror movies since I was 5 years old, beginning with Childs Play.Since then, I have seen good horror movies and bad, but this is without question, the DUMBEST movie I have ever seen! The actors did all they could with the material. The plot was just idiotic. Plus , it was just all gore. I can stomach a lot of blood, but that was just ridiculous! In one of the scenes, a character gets stabbed in the rear end and choked with his intestines! Plain Stupid! Another problem with this movie is that its boring and probably the slowest movie ever made. The end of it is just dumb. But then again, it goes with the rest of it! At the end, when the girl gets away from the cannibal/ancestor, she receives help from a old lady. The old lady is making tea, but when she turns around to talk to the girl, the girl attacks her! She turned into a cannibal! Retarded movie.",Negative
"Retro Puppet Master starts in Kolewige during 1944 where puppet master Andre Toulon (Guy Rolfe) & his living puppets plan to escape Germany, hold up in an Inn puppet master Toulon reminisces about his early life & the point at which he learned the secret of giving life to dead objects way back in 1902 in Paris when his younger self (Greg Sestero) ran the Theate Magique. He describes the fateful night when he met a 3000 year old Egyptian sorcerer named Afzel (Jack Donner) & the eventual love of hi life the young & beautiful Ilsa (Brigitta Dau). He tells the story of how Afzel passed the gift of life to himself & gave life to his own wooden puppets that were part of the Theatre Magique show. However the gift of life was also a curse as the ancient God Sutek whom the secret was stolen from in the first place by Afzel wants it back & everyone who has learnt it dead...<br /><br />As of late I have been on a bit of a Puppet Master bender as being a big fan of the first three I decided to watch the rest of the franchise & as such I have seen Puppet Master 4 (1993), Puppet Master 5: The Final Chapter (1994), Curse of the Puppet Master (1998) & now Retro Puppet Master in the space of a couple of weeks & boy was it tough to get through them all, especially this one as it's the worse of the series so far. Retro Puppet Master feels like a cross between Puppet Master III: Toulon's Revenge (1991) with it's period setting & Puppet Master 4 & Puppet Master 5: The Final Chapter with Sutek trying to kill everyone associated with his stolen life giving secret. There's not much continuity here either, again there's none of the green serum featured in the earlier films & despite Andre Toulon committing suicide in 1939 at the start of the original Puppetmaster (1989) he is seen alive & well during 1944 in this. The majority of the story is told as a flashback & concentrates on Andre Toulon himself rather than the puppets, the film focuses on his relationship with Ilsa & him learning the secret of life & it's all rather dull & tedious stuff to be honest. Even at only 80 odd minutes Retro Puppet Master feels long & padded with no real pace & the no central concept as the plot never really settles down & generally hops around a lot. Then of course there's the baffling decision to totally redesign the puppets which I found incredible, I mean why would the makers take the one basic thing that made the Puppet Master films so memorable & completely do away with it? The puppets are seen briefly at the start & the end but otherwise we get these rubbishy looking wooden caricatures that are nowhere near as cool as their modern re-workings. It's never even explained why these puppets were used rather than the ones all Puppet Master fans have come to love although one suspects that Full Moon was hoping to make yet another sequel which dealt with that very question.<br /><br />If a poor story & a complete lack of our favourite puppets wasn't bad enough Full Moon decided to go with a PG-13 rating for this making Retro Puppet Master the only Puppet Master film not rated 'R' in the US (obviously other countries have their own film ratings systems) & therefore there's not a single drop of blood in the entire film, the puppets don't kill anyone, there's no swearing & no nudity either. This is tamer than tame kids stuff all the way. Besides the puppets themselves being rubbish the special effect are the wost of the series too, there's no stop motion animation at all in this one, no CGI computer effects (surely in 1999 CGI was cheap enough?) & all the effects are of the stiff rod puppet type effects. I mean whenever you see a puppet 'walk' the camera is always positioned above it's wait so it's legs don't have to be shown & there's obviously some production assistant just pushing the thing along, that's as complex & state of the art as the special effects get.<br /><br />The one positive thing that Retro Puppet Master does have going for it is that it looks rather nice, the period production design, costumes & props are actually quite impressive & it's a fairly handsome film to watch at times. Apparently filmed in Bucharest in Romania which doubles up quite nicely for turn of the last century Paris. The acting here is awful & maybe the worst of the series.<br /><br />Retro Puppet Master is more or less the final Puppet Master film as the next one Puppet Master: The Legacy (2004) basically edits together footage from the previous seven films & it's a pretty crappy way to round the series off which started so well with three excellent & distinctive little killer puppet flicks. Don't bother with this, just watch one of the first three again & just remember the good times... The killer puppets would return in the terrible spin-off flick Puppet Master vs Demonic Toys (2004).",Negative
"In ""Hoot"", a new kid arrives to Florida from Montana. He first faces the usual problems of blending in and dealing with the local bully. Soon, though, he becomes aware of a bigger problem: a franchise restaurant chain is trying to build a site in the town, right where a number of burrowing owls live. This movie has the look of a family film, but it is pretty more radical than it seems, as it shows sympathetically how Roy and a couple of friends do not shy away from lawbreaking (including vandalism of private property and briefly kidnapping the manager of the chain of restaurants) in the name of environmentalism (to save owls, no less). Now, one might agree or not with those actions, but at least the movie has the courage from not shying away from its convictions. A good, solid film, all in all.",Positive
"I love the Thackeray novel on which this film is based. And while this modern version of Becky Sharp's story is a B film, the casting of Loy, in her first top-billed role, is rather fascinating.<br /><br />Before Loy became MGM's reigning good girl in scores of genteel and comic roles, she was an actress. VANITY FAIR was Loy's follow-up film to EMMA, in which she played a snotty and greedy daughter who almost destroys the loyal housekeeper (Marie Dressler).<br /><br />Loy's Becky is much nastier than Miriam Hopkins' version 3 years later in BECKY SHARP. Loy's Becky is very much a pre-Code film character with her plunging necklines and amoral ways. It's the type of character that Jean Harlow or Clara Bow could easily have played, but Becky here is still supposed to be of the genteel set. That's what makes her fallen character so tragic.<br /><br />In counterpoint to Loy's grasping Becky is the goody goody Amelia (Barbara Kent) who is just not an interesting character. Mary Forbes is icily good as Mrs. Sedley. Most of the other actors in this version are pretty blah: Conway Tearle as Rawdon; Walter Byron as Osborne; Anthony Bushell as Dobbin. Others are nearly Dickensian is their quirkiness: Billy Bevan as Joseph; Lionel Belmore as Crawley; Montagu Love as the Marquis; Lilyan Irene as Polly the maid; Elspeth Dudgeon as the housekeeper.<br /><br />Loy is front and center throughout. While the ending is rather shocking, she has several excellent scenes, such as the gambling scene in the casino where she tries to steal another woman's winning roulette bet. The more Loy's Becky descends morally, the more beautiful she gets until she is finally ""caught."" Bottom line here is that this is a very solid performance by Loy in a film that should be seen.",Positive
"Classic drama/action western with incredible cinematography that is well ahead of it's time(1954). The production is very good and you can tell that it was done with pride and love.Unique peek into the American NORTHT WEST pioneers is very educational and entertaining.This movie is very under rated because most people do not like to see the reality that many ""lawmen"" during this particular time and place were very crooked/corrupt much like most developing countries today.The action sequences could have been more realistic though but still,this movie really covers most of the essentials.Not for an audience who wants only pure testoterone type westerns for this movie is more for those who have a sense of history and philosophy.......",Positive
"Kevin Kline offers a brilliant comic turn in the 1997 comedy IN & OUT. Kline plays Howard Brackett, a small town history teacher who excitedly sits down to watch the Academy Awards this year because one of his former students (Matt Dillon) is a nominee. He is nominated for his performance in a film where he plays a gay soldier and when he wins, he thanks Howard in his speech for inspiring him because Howard is gay. Now this floors Howard because he as no clue why thus guy would say this on international television. Howard is even engaged to be married (to Joan Cusack, in an Oscar-nominated performance)so he has no idea where Dillon;s Cameron Drake got the idea that he is gay and finds he has to defend himself to everyone at school but is shocked that no one seemed terribly shocked by what Cameron said on the Oscars. Howard has a birthday party where he is given birthday presents like the soundtrack to YENTL and ends up explaining to his guests why Barbra Streisand had to make FUNNY LADY. His parents (Wilford Brimley, Debbie Reynolds) are shocked but promise to support their son, even if he is gay. He also gets a visit from an out of town reporter (Tom Selleck) who wants to do an article about him because he's gay too. The moment when Selleck plants a big kiss right on Kline's lips is a classic. But all of these little things have Howard actually questioning his sexuality and wondering if he really is gay...much to the aggravation and frustration of his fiancée, Cusack, who is beyond confused. The scene where she leaves a bar in her wedding gown and stands in the middle of street screaming about the lack of single straight men in the world is a classic. But what I like about this movie is the way Kline fully invests in the role and was not afraid to look foolish or look gay. There is a fabulous scene, probably the most famous from the film, where he buys a record, on how to be macho, and the guy on the record is talking about how real men don't dance and a disco tune comes on (I WILL SURVIVE if memory serves)and the narrator on the record says no matter what you do, don't dance, but Howard can't help himself and he ends up shaking his groove thing all over the room. It's hysterically funny and Kline plays it with sincerity and gusto. The film is not pro or anti gay...it's just a deft and amusing character study about a man trying to figure out exactly who he is. Wonderful film.",Positive
Ask yourself where she got the gun? Remember what she was taught about the mark's mindset when the con is over? The gun had blanks and it was provided to her from the very beginning.<br /><br />When the patient comes back at the end she was SUPPOSED to see him drive away in the red convertible and lead her to the gang splitting up her 80 thousand.<br /><br />The patient was in on the con from the beginning.<br /><br />Mantegna does not die in the end - the gun had blanks.<br /><br />There - enough spoilers for you there? This is why people are giving it such high ratings. It's extremely original because of the hidden ending and how it cons MOST of the audience.,Positive
"I appreciated the photography, the textures, the colours and often, unlike one comment, the lighting. What was lacking for me was a coherent storyline.I found it often disjointed, badly edited and at times difficult to follow. My version was 110 minutes, IMDb shows one at 125m. Possibly the cuts and subtitles didn't help. I applaud any films that escape from the Hollywood mould but this left me disappointed. Miss Gillain was luminous and the performances were all fine, I just wanted a little more dialogue. If anyone would like to see another film that has some affinity with this one, try 'Hideous Kinky'with Kate Winslet.",Positive
"<br /><br />In Japan and elsewhere in Europe new technology is enabling filmmakers to bypass the closed shop of the Hollywood mainstream and avoid Ed Wood like visible low budget production values to produce compelling films. What a shame that in the UK we can find examples such as 'Avatar' (name of many a video game) where brain dead attempts are made to imitate so many films - and console games beloved of girlfriendless teens - that themselves are cheap photocopies of clichés abound like testosterone fuelled kangaroos. Check out a bit of the synopsis:<br /><br />""Set in futuristic London, 2024, it tells the story of a Team of Virtual Reality Virus Exterminators faced against the ultimate Internet virus.""<br /><br />Go back and read that quote again - avoid guffawing - and try to find a single original idea in it. This should have seemed a tired, sad concept in 1993, never mind 2003. Ah, but there is more - the 'ultimate virus' has already caused planes to crash, infected the air traffic control centre, etc. It has been developed by a 'child genius' and manifests itself as a scantily clad, athletic, mammary jiggling discount Lara Croft imitator who does a great line in snarling and cod martial arts moves straight out of the playground - the living product of adolescent fantasy. Oh, and she is accompanied by 'Predator' like sound effects to emphasise her remarkable powers.<br /><br />The whole thing has a 'futuristic' vision of stunning originality - the Lloyds building filtered with AfterEffects to look somewhat green. The budget does really show - which in this day and age should not. On the whole, a pointless mess of cheese, ham and cliché that Roger Corman would have left on the cutting room floor in his most shameless, desperate moments. Shame that such an alleged labour of love delivered nine minutes of wasted celluloid.<br /><br />",Negative
"Kramer vs. Kramer is the story of a marital breakup and the consequences of same. They can be devastating to the partners and even more so to a minor child which in this case is played by Justin Henry.<br /><br />What I really did like about Kramer vs. Kramer, it's greatest strength as a film is the way that parents Dustin Hoffman and Meryl Streep are presented to the audience as whole people with many sides to their nature. Though the film is slanted in Hoffman's direction and more about his relationship with his son, he's not presented as any kind of saint, nor is Streep a completely black villain. Hoffman's a career oriented man in the advertising game. He's pretty much ignored his wife's dreams and aspirations, still it's a big shock to him when Streep says the love's no longer there and she wants out. She also wants out of being a mother, at least for a while.<br /><br />Hoffman and Henry make do the best they can. The pressure of being both parents causes Hoffman to lose his job and he has to take a lower paying one in another agency. At that point after over a year, Streep decides she wants custody.<br /><br />Both parents make compelling witnesses and state their case beautifully, but in these situations, the tie is always broken in favor of the mother.<br /><br />Dustin Hoffman and Meryl Streep won their first of two Oscars respectively for this film, her in the Supporting Actress category. I'm not sure how these things are decided, Streep does get less screen time than Hoffman if that's the determining factor. The film does focus on Hoffman's relationship with his son and his evolving realization that he has his share of the blame for the marriage failure. As for Meryl it's a Hob's choice for her as it is for many women, to balance a career and motherhood. The conflict in her psyche registers for all to see on the screen.<br /><br />Dustin Hoffman may have won that Oscar partly for the same reason that Spencer Tracy picked up his first, by performing the impossible task of not letting a scene stealing child steal the film. Children with their lack of inhibitions are natural actors and Henry is great because he comes over as a real kid, not a Hollywood kid. I wonder if Hoffman saw Captains Courageous and saw how Spencer Tracy dealt with Freddie Bartholomew. Dustin could have done a lot worse than channel Spencer Tracy in his performance.<br /><br />Kramer vs. Kramer also won Oscars for Best Picture, Best Director for Robert Benton and Best Adapted Screenplay. It's an intelligent and compelling drama about adults falling out of love and trying to deal as best they can with it for themselves and their child. Don't miss it if ever broadcast.",Positive
"96 minutes of this is cruel..and I love the old Munster's. Yes, the plot is thing; yes the lines are trite; but whoever was at the helm of this was not a fan. There is so much 'intrigue' (and I use that word with great pause) that I wonder if it's an old Starsky & Hutch episode. I lost count of the number of times I noticed that makeup had missed a spot near the collar. Refusing to acknowledge that any time had passed since the mid-60's (ludicrous) the producers simply replace Marilyn & Eddie with younger actors. Why not let them grow and age? The addition of an Addam's Family style reunion does not add to the flavor of the Halloween Party.<br /><br />Grandpa & Herman fly to Transylvania and back in a few hours (preposterous.) Sid Ceaser is the most, yes the most unbelievable character (I am including the bad robots) since he babbles an unwild combination of gibberish & yiddish but claims to be an ancient Arabic ruler. And yes, it looks like the laugh track is missing. In fact, there are several spots where there is dead air, as if the laugh track was to be inserted later. The actors seem to wait on the faux audience. It's not laughable; it's sad. Oh, and the best part! Yvonne DeCarlo has a line that just goes to show you how out of touch the writers and producers were. Marilyn says something like: ""Where could Uncle Herman and Grandpa be? They could have been in an accident. They could have been hit by a car...or a train!"" Lily says responds with something like: ""You're Uncle Herman will be here if he has to drag himself off the train track."" What's amazing about this is: Yvonne DeCarlo's husband was a stuntman in the early 60's and lost a leg and was nearly killed in a train stunt. He never recovered and this financially devastated her family. (check out Biography's fantastic review of her life and career) This line could have been easily changed to be more sensitive to her.<br /><br />If you are a real fan of the Munster's then you'll have to RENT this mess. It illustrates how some things are better left alone. Even with the (nearly) original cast, this is almost as bad as the attempted remake of the show a few years ago.",Negative
"Sentimental and naive but undeniably affecting, emotional man-helping-man plea, in this case personified as German and French miners forced to be closed off from each other after the Great War thanks to a new border, leading to disillusionment on the German side, as the French are the bosses. But when a fire begins on the French side, the common decency of the German men lead to assistance, safety and even friendship. This was a plea that would fall on deaf ears within the decade, as a certain man from Pabst's own side would break that piece and turn the Great War into merely a prelude. But it is obvious to me that Pabst really believes or at least wants to hope for this kind of fundamental humanism, as this film radiates with this optimism whereas his more flippant, cynical adaptation of The Threepenny Opera lacked the bite needed to make that work work. Also furthering his honest belief are the fact that the characters here are not simplistic mouthpieces for positions, but real people, with real families whose home lives we are privy to as well. These are ordinary, working-class men who just happen to believe in the worth of caring and treating right your fellow man, and in this day of individualist opportunism, I'll take a little thinning in my plot to get a positive message that represents a point of view that I think we can all aspire to.<br /><br />(Note: Apparently the ending is cut on most prints, where the French rebuild the mining gate, closing off the men once again. This is a brutal turn of events, and may have made the film a better overall film, but I would have lamented it souring the positives vibes of the final sequence, so in short, I'm glad it was clipped.) {Grade: 8/10 (B) / #7 (of 11) of 1931}",Positive
"Since ""Rugrats""' falling from the category of good and funny cartoon series to a mediocre and indeed outright horrible fare for two year olds in the past three or four years, obviously the tyrants at Klasky-Csupo should be out of ideas. After dumbing down all of the characters, adding even stupider new ones, replacing some voices (though I like Nancy Cartwright, she is NOT Chucky Finster!), and having no sense of continuity (ex.: in a Kimi episode I watched the other day, Tommy and Chucky each got a new puppy; but it subsequent episode, the aforementioned dogs never appear), you'd think the creators could kill the show for mercy. But noooo.<br /><br />All I will say concerning this special is that it sucks! While not as horrible as the Kimi episodes, everyone is even stupider than they were, including Grandpa (my God! He used to be the best character on the show, but now, he has no real purpose). The ending is needlessly fluffy, and the only thing different between this and other crappy new episodes ('98-'01) is that the kids can interact with adults. Whoa, what fun!<br /><br />No stars at all for ""The Rugrats All Growed Up"". Klasky-Csupo, please DESTROY this show before it gets any worse.",Neutral
"I'm from Phoenix city and the first time i saw this movie and read the book it only confirmed the stories i had heard all of my life. i asked my grandfather about the mob and he told me that when he got back from fighting in the pacific theatre he started up a CPA firm that is know the largest in the Columbus area. when he was just starting out he was asked by the mob to do financial work for them, but he said that he gently declined. even when the FBI and army came through Phoenix city and cleaned it up my grandfather wouldn't take it lightly when my mom, aunt, or uncle went across the river, but i assure you all of that is over now. the downtown area of Phoenix city is in need of restoration and it has slums by the courthouse where all of the shooting STILL OCCASIONALLY takes place over angry, uneducated, low socio-economic people, and the 14th street Phoenix-eagle bridge has been shut down for a solid 15 years and replaced by a newer 13th street bridge, but on the more fair side of Phoenix city on summerville rd. it is very quaint and the scenery depressing.<br /><br />another incident was told to me by my best friend's family from high school that lives in a nothing spot on hwy 165 called Holy Trinity, Alabama, which is about 28 minutes outside of Columbus, Ga. my best friend in high school's uncle was a man that went by the name of Old Man Davis. regardless of how the movie goes, that fact is that there were 3 bosses and Old Man Davis was one of them...you can even read about him in the original book. legend has it that he was so cold-blooded that he went to downtown Phoenix city to make a deal with a man, but apparently the man backed out on the deal right in front of Old Man Davis, so the Old Man Davis proceeded to take a sawed off shotgun out of his coat and shoot the man in the chest in the middle of town by the courthouse. they say he even walked off nonchalantly because the mob had paid off every law enforcement official in town so he had nothing to worry about.<br /><br />another incident is about a bridge that another one of my friends owns a rental house next to in downtown Phoenix city. it is the same bridge that the mob killed and threw a black man off of, and you can even read that part in the book. i also would like to as that in many columbus and Phoenix city civilians were asked to be extras in the movie. when the patterson's friend is murdered and brought to trial and proved guilty in front of the judge but still set free, well, the judge is my fathers partner in his law firm in columbus, who unfortunatlly is deceased.",Positive
"Why do they keep making trash like this? because it makes money that's why. Eraser is not so much a film but a string of action set pieces strung together. It's well filmed but predictable and it's all been done before, only better. This is basically a Nineties version of 'Commando'.",Negative
"H.G. Wells' War of the Worlds by director David Michael Latt is a slightly less-than-average flick which isn't too bad if one considers the budget he had to work with - only $1 million. For this budget, the production value wasn't too bad - the best part of it is the visual effects (I was thoroughly impressed with the CGI considering the budget) and sound design. The less-then-stellar parts of this film are the story which is VERY prolonged at best (but again I think this is because of the budget they had - they had to prolong certain scenes to create the feature length 97 minutes), the acting (again it's because the actors had no story to work with), very few exceptional camera shots, and the music. However, again, I can let the negative parts go for the most part only because this film was made for a meager budget and still had good production value. Still you should,d see it for the sake of seeing how a low budget version of War of the Worlds CAN be made even with flaws. 4 out of 10.",Neutral
"I didn't really like this movie that much at all. It wasn't really funny and in some cases it was just downright stupid. Rob Schneider is definitely one enormously talented individual and while his acting was fine in this, it just seemed like a real waste for him to star in. I mean there were some parts that were okay and somewhat humorous in a cute kind of way but that's about it. The only thing that actually caught my attention during this whole ordeal of over the top jokes was that there were some very good looking females present and I'm not one to watch a movie solely because of that but in this case it was the only nook where even the slightest case of redemption could be found. All in all it was a couple notches below an average movie!<br /><br />Final Query:<br /><br />Theaters: So glad I didn't squander too much money on this.<br /><br />DVD Purchase: Ummm, let me think....no!<br /><br />Rental: If you have a prehistoric sense of humor then why not.",Negative
I saw this on the shelves at the rental place and I have rented everything else so I said why not. Why not is because it's one of the worst movies I have ever seen. It looks like it was shot with home camcorder. I guess thats all the budget would allow. There was less boobs in it than I thought there would be. Some people made it out to be soft porn with a few killings. The funniest part of the whole movie to me is in the extra stuff. There is a spot with deleted scenes. Well there is only one but it is the dumbest and I think it may have brought the rest of the movie down. The girls get in a hot tub and find some chocolate syrup in the bathroom. Yes it ends up all over them. Great stuff !!! This movie is very very bad. Don't bother.,Negative
"The film did what it set out to do: show how a young girl copes with poverty and grows into her maturity. However, for most of us, this subject has been explored adequately and in most instances with more sophistication than done here. The movie fixated on breasts, which soon became boring and I lost interest. If this was on TV, I would've switched to the latest news on the Starr Report. That's how boring I found this movie.",Negative
"Well. Where to begin. Let's just say this; avoid this movie at all<br /><br />costs. It's based on a cartoon series. The movie makes the cartoon look<br /><br />like Hamlet. Filled with emasculated actors who seem embarrassed to be<br /><br />here, lousy camera work, terrible music, and enough product placement to<br /><br />make you want to never visit Yahoo! again, this movie is really the<br /><br />bottom of the barrel. To quote the New Yorker, Matthew Broderick and<br /><br />Rupert Everett mug their way through this picture with the gay abandon<br /><br />of men who have spotted a rare species of paycheck in the distance.""<br /><br />They should pay us some of the millions they earned for watching it.<br /><br />Awful.",Negative
"I caught this a few times on TV in the late 1970s. It only played late at night (past midnight).<br /><br />Peter Lorre plays a kind, happy man whose face is disfigured in a fire. He is rejected by his girlfriend and left alone and filled with despair. He turns to a life of crime and eventually becomes very successful. He makes a mask to hide his disfigured features and falls in love with a beautiful girl (Evelyn Keyes)...who is blind! He tries to go straight for her...but he can't escape his life of crime or his hatred of his own scarred face.<br /><br />A no budget B film. Very short (runs only a little over an hour) but well made and superbly acted by Lorre. This has a lot more depth than you would expect from a quickie B picture. Ankers especially takes the thankless ""girl"" role and makes her character fresh and appealing. This has sadly disappeared from TV and was never put on video or DVD (as far as I know). TCM did show it recently and it was great to see the movie still holds up.<br /><br />Highly recommended.",Positive
"What an absolute pile of pants. Having read Chris Brookmyre's books religiously since I came across ""Quite Ugly..."", I was delighted to find out that this drama had been commissioned.<br /><br />I obviously had too much faith. <br /><br />Nesbitt is probably the best thing in this show - and even he doesn't quite fit. How anyone can read the book, and then adapt it to this piece of dross is beyond me.<br /><br />Entire characters are changed, situations are dropped, and to see Parlablane's dramatic break-in reduced to Nesbitt doing a quick chin up and sliding open a bay window... it brought tears to my eyes.<br /><br />I dread to think what's going to happen with ""Country Of The Blind"" if this is the benchmark...<br /><br />Please, just avoid it...",Negative
"George P. Cosmatos' ""Rambo: First Blood Part II"" is pure wish-fulfillment. The United States clearly didn't win the war in Vietnam. They caused damage to this country beyond the imaginable and this movie continues the fairy story of the oh-so innocent soldiers. The only bad guys were the leaders of the nation, who made this war happen. The character of Rambo is perfect to notice this. He is extremely patriotic, bemoans that US-Americans didn't appreciate and celebrate the achievements of the single soldier, but has nothing but distrust for leading officers and politicians. Like every film that defends the war (e.g. ""We Were Soldiers"") also this one avoids the need to give a comprehensible reason for the engagement in South Asia. And for that matter also the reason for every single US-American soldier that was there. Instead, Rambo gets to take revenge for the wounds of a whole nation. It would have been better to work on how to deal with the memories, rather than suppressing them. ""Do we get to win this time?"" Yes, you do.",Negative
"The first time I saw this episode was like a shock to me, it was actually the first time I saw ""24"". The speed things are happening is amazing, and it's so surprising, thrilling, and even interesting, it's almost as if you are reading a book; once you start it, it's very hard to stop. From the minute Richard Walsh was talking privately to Jack about the possibility that they have a mole inside CTU, I was sitting 6:40 hours, which means 10 episodes!!! (Sounds funny and crazy, but I'm the kind of guy which when he is interested he just can't stop)This series is one of the best of it's kind. And it's build in a way of having a few different stories that are being connected together. Recommended in every way!",Positive
"This is one of the most beautiful films I have ever seen. The Footage is extraordinary, mesmerizing at times. It also received an Oscar for best photography, and deservedly so. I have many movies in my film collection and several more I've seen besides them, and not many of them are more beautifully or even equally as beautifully shot as this one.<br /><br />It's unique and an overall great movie. The cast is terrific and do a great job in portraying their characters. We follow their destinies with devotion, and get very emotionally attached to them. Along the way, we also learn things about ourselves and our lives. I think much of this film for what it represent, and how it present it. I warmly recommend it",Neutral
"This was the very first movie I ever saw in my life back in 1974 or 1975. I was 4 years old at the time and saw it at a drive-in theatre. I did not grasp that this would be a classic at the time (I went to sleep about twenty minutes into the movie). After seeing it on the television-along with two of my other favourite movies Car Wash (my favourite movie) and The Wiz which seemed to come on every year about the same time all together-about 40, 50, 75 times I knew that here was a movie that I would have as one of my favourites. Those three movies were the only live action shows that I could watch as a child. <br /><br />I would not consider this to be a blaxploitation movie but rather an urban interest movie.Cochise and Preach reminded me of some of my uncles especially the Wild Irish Rose that they drank. My mother also told me about some of the quarter parties that she attended and that some of the things that occurred in the movie were similar in nature to what occurred in real life. If you are one of the two or three black people over thirty who hasn't seen this movie yet then I recommend that you buy the DVD right now. I'm glad that I was around to witness some of the goings on of the era.",Positive
"I looked at this movie with my child eyes, and I wasn't disappointed. The story is well-known, some abandoned orphan has to be brought to his parents by an improbable trio (mamooth - sabertooth tiger and a lazy animal)... And I don't want to forget to mention the incredible small fury animal with his hazenut. This one really made me laugh a lot during the whole picture.<br /><br />Briefly : it works, it is funny and it is a ""must-see"" with your children (they'll like it).",Positive
"You'll notice that the chemist, who appears in two scenes and gets to speak, is played by Stephen King. ""Don't give up your day job"" is the standard thing to say, but that's not fair. King acquits himself reasonably well: he's no worse than any other member of the cast, and better than most. The story, on the other hand, is pure rubbish. Please, give up your day job.<br /><br />Never have I seen so many dreadful performances - of which the lead actor's (the LEAD ACTOR'S!) is probably the worst - gathered together in the one film. Everyone acts hammily, but not in any entertaining way; they all somehow manage to go over-the-top without expending, or manifesting, energy. I blame screenwriter/director Tom Holland. It can't be that ALL the actors are REALLY this bad. What are the odds against that? Admittedly, I've never heard of any of them before, but still, I don't think I could walk into a talent agency and walk out with this many bad performers if I tried: ONE actor, despite my best efforts, would turn out to have talent. So what's more likely - that Tom Holland rolled a dozen consecutive snake-eyes, or that he wrote a lousy script and then directed it poorly? That would also explain why actors are bad in direct proportion to their prominence in the script. The more direction an actor got, the worse he performed. (""You want me to bend over like a hunchback, talk from the back of my throat, show all my teeth, and look bored, all at the same time? Okay..."")<br /><br />This theory is confirmed by the fact that Holland undeniably managed to co-write a lousy script. Several writers here have commented on the fact that Billy Halleck is not a likeable character, but that's a misleading way of putting it. He's not a knowable character. All we find out about him before the supernatural stuff starts happening is that he's fat, and that all he can think about is food. (""All I can think about is food,"" he tells us, helpfully.) And in the end...<br /><br />(Sigh) I suppose I ought insert a spoiler warning here...<br /><br />In the end he becomes evil. Why? I can only shrug. Perhaps he's under some kind of enchantment. Yeah, that's probably it. By ""evil"" perhaps I mean ""inexplicable"" - it's not so much badness as a socially undesirable suspension of ordinary means-end psychology. Anyway, his actions at the end make no sense, nobody's actions make much sense, and this is despite the fact that the characters do little but explain their motivation for the benefit of the audience.<br /><br />By the way, here's my nominee for hammiest line/delivery: ""I don't think you'd like it. IN FACT..."" [big dramatic pause] ""...I don't think you'd like it at all.""",Negative
"You'd think a movie about incestuous sisters who eventually murder their employer couldn't help but be gripping, but then you'd be wrong.<br /><br />There is no plot. There is no character development. There is no redeeming visual beauty.<br /><br />This movie is a waste of time. The exploration of how the relationship between the sisters develops is nil, their sexuality is never anything but a grotesque, the class relationships are glossed over, and employer is a silly caricature.<br /><br />Ponderous silences and period clothing do not equal depth of meaning.",Negative
"I will admit I possibly missed tiny moments when I wasn't paying proper attention, but I got enough of the story to agree that it is a great family film, from director Lionel Jefferies, who played Grandpa Potts in Chitty Chitty Bang Bang. Basically it starts with a happy upper-middle class family living in Victorian London. One night the Father (Iain Cuthbertson) is visited by two strangers, and he leaves with them, and does not return. They move to a cottage in the country, and here the children; Bobbie (Jenny Agutter, who I first saw in Child's Play 2), Phyllis (Sally Thomsett) and Peter (Gary Warren) keep their spirits up, with their fascination for the nearby railroad. Everyday they wave faithfully to the passengers in the passing trains, and with courage and vigilance they also avoid an accident and are made heroes. Their kindness makes them friends, including important people who can help find the mystery of their missing father. Also starring Dinah Sheridan as Mother/Mrs. Waterbury, Bernard Cribbins as Albert Perks, William Mervyn as Old Gentleman, Peter Bromilow as Doctor Forrest, Ann Lancaster as Ruth and Gordon Whiting as Russian. It was number 29 on The 100 Greatest Family Films, and it was number 24 on The 50 Greatest British Films. Very good!",Positive
"Uneven Bollywood drama. Karisma Kapoor is excellent as an Indian woman in Canada who marries a friend (Sanjay Kapoor), has a child, and then visits his family in India only to find they are terrorist warlords. Drama and tragedy ensue, and the film becomes a kind of NOT WITHOUT MY BABY styled thriller. Film is compelling, its few song/dance numbers are uninteresting and needless, the gaity of Bollywood song and dance is really out of character for the intensity of this film's drama, at least once we've left the comforting confines of their Canadian love nest  although one number involving a cameo by the stunning Aishwarya Rai is enjoyably provocative, if ultimately misplaced as well. Likewise, the inclusion of Bollywood superstar Shahrukh Khan as a happy-go-lucky drifter who helps Kapoor in her escape from the clutches of the warlord turns what had been a very serious drama into a silly farce, and it only gets back on his feet when his character  and his fantasies about Rai that generate her cameo dance  are dispensed with. His throw-away comic-book dialog and the silliness of his fight scenes detract from the film's primary gripping drama. The cast is nicely supported by Nana Patekar as the warlord, and the elegant Deepti Naval who is outstanding as his long-suffering wife who finally choses to stand up against him in one of the film's best scenes; Ritu Shivpuri and Rajshree Solanki are also very good as Sanjay's sisters in India, and very pleasing eye candy. But Sanjay himself overacts terribly, especially during obvious ad-libs. The directorial style of writer/director Krishna Wamsi is sloppy, rampant with rough transitions and abrupt cuts, although his camera movement is good. The musical underscore is also quite effective, moody, featuring wordless female voice over a small orchestral ensemble (too bad little if any of that made it onto SHAKTI's soundtrack cd, but Bollywood hasn't yet discovered the value of including score along with songs on their soundtrack albums, at least not in most cases). But SHAKTI is Karisma Kapoor's film, all the way, though, and the intensity of her performance once the film switches to India contrasts nicely with the gentle romance with which she engaged with Sanjay in the initial Canadian scenes. Despite the unevenness of much of the picture, Karisma's performance completely sells the film and solidifies its otherwise inconsistent measures. In a strange way, also, I found the story to be another take on the ostentation of royalty I'd noticed in CURSE OF THE GOLDEN FLOWER and MARIE ANTOINETTE, both of which I'd seen just prior, although SHAKTI of course is an entirely different kind of film; but the focus on a dysfunctional royal family  here living in the austerity of terrorism-controlled poverty in India rather than the elegance of Versailles or the massive megalomania of feudal China's Tang Dynasty  whose self-serving seeking of power brings ruin upon many others and forces an uprising of one kind or another provides the film with a notable subtext.",Neutral
"PROM NIGHT (2008)<br /><br />directed by: Nelson McCormick<br /><br />starring: Brittany Snow, Scott Porter, Jessica Stroup, and Dana Davis<br /><br />plot: Three years ago, Donna (Brittany Snow) witnessed the death of her entire family at the hands of her teacher (Jonathan Schaech) who has a bit of a crush on her. Now, she is preparing for her senior prom with her stupid annoying friends. Once there, they start dying one by one because the killer escaped from prison and no one bothered to warn Donna because apparently her prom is too important to interrupt. <br /><br />pros: I got a few good laughs out of the film due to the terrible dialog and the dumb character moves.<br /><br />An example:<br /><br />Everyone decides not to tell Donna that the man who is oddly obsessed with her (she doesn't seem that great) has escaped from prison. Their reason: They don't want to embarrass her in front of all her friends. LOL<br /><br />cons: Let me start off by saying I'm a huge slasher fan. Usually I can have fun with even the bad ones. I even like some PG-13 horror films. TOURIST TRAP (1979), one of my favorites, was originally rated PG. I also enjoy POLTERGEIST (1982) and THE GRUDGE (2004). So the fact that this is a dumb slasher film that is rated PG-13 does not have anything to do with me not enjoying the movie.<br /><br />First of all, I had a big problem with the story. I like slasher films that don't even have stories. At least they can be entertaining. This is about a teacher who falls in love with his student, so he kills her entire family. A few years later, he tries to make it up to her by ruining her prom and killing all of her friends ...? Then there were subplots that I doubt anyone cared about. Claire (Jessica Stroup) is fighting with her boyfriend, she has cramps, and I couldn't care less. This should have been a Lifetime feature, not a remake of PROM NIGHT. <br /><br />And then ... this is a slasher film with terrible death scenes. I don't even care that it's not that gory, some of my favorite slashers (HALLOWEEN, CURTAINS, the original PROM NIGHT) were not that gory but they still had effective murders. Here, we have half the characters dying in the same hotel room off screen, a woman being stabbed several times with no stab wounds, and a closeup on a bad actor's face as he screams in agony. I'm sure that 10 year-old girls were terrified, but not me.<br /><br />I also hated the characters. There was Donna's unrealistically sensitive boyfriend Bobby (Scott Porter) and I can almost guarantee you will never meet a boyfriend that sensitive in your life, unless you are a gay male. Then we had Donna's annoying friends Claire (Stroup) and Lisa (Dana Davis), and the token mean girl Chrissy (Brianne Davis). If you thought the characters in DEATH PROOF were annoying, try watching this movie. And don't get me started on Ronnie (Collins Pennie) and the DJ (Jay Phillips) who gave me flashbacks to Usher's performance in SHE'S ALL THAT.<br /><br />Add to all that predictable plot turns, a terrible soundtrack and a big lack of respect to the original material, and you have quite a stinker.",Negative
"What I hate about this show is how poorly the leads are written. These women have no self-respect or dignity. The entire plot is them throwing themselves at guys. Amanda Bynes' talent is completely wasted. She was brilliant on ""All That"" and her own show. Why they would write her and Jenny Garth as vapid, airhead, desperate, men chasing, ""old-maid"" wannabes is beyond me.<br /><br />Their plots and dialog remind me of ""The Simpons"", Homer says whenever his cartoon character Poochie is not on screen, ""Everyone should ask, where's Poochie?"". All the talk centers on whining about some guy, and then whining to some guy. Sometimes they change it up and the guy whines instead. Then they get back together or break up at the end. The 2 women are either shallow, stupid, or sex addicts. The only word I can think of is ""sucks"".",Negative
"And that's why historic/biographic movies are so important to all of us, moreover when they are so well done, like this one!<br /><br />Before I saw ""The Young Victoria"", I knew a few things about Queen Victoria, but in the end I got much more knowledge about it. <br /><br />Emily Blunt is simply GREAT as Victoria (Who would guess that!) and She probably will get a nomination at this years Oscar's. Personally, I'm cheering for her...<br /><br />For technical issues, I am pleased to say that is a very successful production, with wonderful Art Direction/Set Decoration and, of course, like It was expected to be, a terrific periodic Costume Design! <br /><br />The one drawback is that I want to see more and know more about this interesting queen, but foremost, incredible woman and mother! <br /><br />BRAVO: 9 out of 10!",Positive
"So we're supposed to find it funny that this woman travels all the way to the jungle - to the warzone - just to find out why her fiancée didn't travel to Switzerland? Or are we supposed to take it seriously? It's not even remotely funny, clever or entertaining - it's stupid - and so is the movie. The lead actress is one of the most annoying characters I have ever seen in a movie - even worse than Jar-Jar Binks. Dialog tries very hard to be funny (almost all the time) but it never is. The number of funny jokes is somewhere between zero and nothing. And as for the plot - did they even once bothered to explain to us what are the rebels fighting for (other than being anti-government)? I guess that didn't matter to anyone - neither to the rebels nor to the characters who just blindly flew to the battlefield. Don't waste your time. ""Coronado"" is neither funny nor entertaining.",Negative
"<br /><br />Having read the unemployed critic's, review, I went to a screening of ""Radio"" not knowing what to expect. Thankfully, the unemployed critic now appears, to me anyway, a frustrated film director/movie critic. His review is callous and totally uncalled for!<br /><br />This is a movie that will make you laugh, it will make you cry and in the end it will give you a moment of pause!<br /><br />To paraphrase a line delivered by Actor Ed Harris in the final Barbershop scene ""...and all this time that we thought we were teaching Radio, truth is...He was teaching us. He treats us all the time, like we wish we treated each other, some of the time!""<br /><br />Yes the movie tugs at the heartstrings. Yes it is emotionally manipulative and yes Cuba Gooding Jr. (In an Oscar worthy performance) is a little over the top at times (See the Christmas day dance scene) but you know what? SO WHAT! Every once in awhile the community of America needs to be reminded what tolerance can do for our great country. We need to be reminded how great we CAN be.<br /><br />This is a solid cast. I was particularly pleased to see S. Epatha Merkerson, portraying Radio's mother, do something outside of Law and Order. I always wondered, is Ms. Merkerson a great actor or is it the quality of writing delivered buy a strong cast on Law and Order. After watching this movie, it is easy to see that she is indeed a very fine actor.<br /><br />Also joining the cast in small but important and powerful roles is Alfre Woodard as the Principal, Debra Winger in a career-resurrecting role of Coach Jones's wife and Chris Mulkey as Protagonist, Frank Clay.<br /><br />We cannot over look Ed Harris's performance as Coach Harold Jones. After reflecting on this movie and having grown up in the Deep South my self, It is hard to truly appreciate Mr. Harris and his contribution to this film. As Coach Jones, Ed delivers a quiet, rock solid performance, that of a man on a mission. Coach Harris will not let the town or circumstances divert him from what he knows in his heart, is the right thing to do.<br /><br />If you see this movie, make sure you hang around for the end credits. You will be in for a treat as the real James Robert 'Radio' Kennedy, now in his mid 50's, is shown, still leading the T.L. Hanna Football team on to the field every Friday night.<br /><br />One final note. If you were a teen in the mid to late 70's, this movie is worth the price of admission, for the sound track alone!",Neutral
"This movie just arrived to Mexico and since I read very good reviews here about it I decided to go watch it with my friends and girlfriend, but i was greatly disappointed, I don't understand how people can rate it 10/10 I mean screenplay and directing were beautiful, but a great overall movie need a good story which this flick lacked altogether.<br /><br />I've enjoyed several dramatic Asian and European films but they had a good story, watch this movie at your own risk unless you are eastern European or orthodox i don't think you will like it.<br /><br />Half the people on the theater left including my 4 friends who waited outside since they were really bored so was I but I always wait till the end of the movie.<br /><br />Regarding the movie, it was extremely slow paced, with a lot of time wasting scenes, the full length of the story could have been shown in no more than 40 minutes, but they made it longer by having scenes of the monk getting coal that is like 15 minutes of the whole movie plus panoramic views and so on, until they made it a full length movie a really boring one.<br /><br />I recommend you listen to me if you still watch it come back and rate this comment as useful after wards to help people avoid this waste of money.",Negative
"great mystery, but the film goes down hill from there. The beginning is promising with a car wreck and a woman and her daughter being burned alive in front of a police officer, Edward. He is traumatized over this and is seen popping pills. A mysterious letter turns up from an old girlfriend asking for help in finding her missing daughter. So Ed travels to an island commune of mainly woman. They don't like outsiders. A lot of filler is with Ed shown looking around town for the girl. That made the movie too long. It finally gets a little better toward the end when we learn of the crazy rituals the woman perform and finally of the sinister plan in store for Edward.<br /><br />Overall, not a well written story and too long. <br /><br />FINAL VERDICT: I would skip this.",Negative
"Looking for Quo Vadis at my local video store, I found this 1985 version that looked interesting. Wow! It was amazing! Very much a Ken Russell kind of film -quirky, stylized, very artistic, and of course ""different."" Nero was presented not so much as evil incarnate, but as a wacky, unfulfilled emperor who would rather have had a circus career. He probably wondered why on earth he was put in the position of ""leading"" an empire -it wasn't much fun, and fun is what he longed for. Klause Maria Bandaur had a tremendous time with this role and played it for all it was worth. Yes, Nero persecuted the Christians with a vengeance; one of many who did so. At one point one of his henchmen murmurs: ""No one will ever understand we were simply protecting ourselves."" He got that right.",Positive
"The unlikely duo of Zero Mostel and Harry Belafonte team up to give us some interesting performances and subject matter in The Angel Levine. It's one interesting twist on the themes from It's A Wonderful Life.<br /><br />Zero is married to Ida Kaminsky and the two of them belong to a special class of elderly Jewish poor in New York. Mostel used to be a tailor and proud of his trade, but his back and arthritis have prevented him from working. Kaminsky is mostly bedridden. He's reduced to applying for welfare. In desperation like Jimmy Stewart, he cries out to God for some help.<br /><br />Now maybe if he had gotten someone like Henry Travers things might have worked out differently, but even Stewart had trouble accepting Travers. But Travers had one thing going for him, he was over 100 years off this mortal coil and all his ties to earthly things were gone. God sent Mostel something quite different, the recently deceased Harry Belafonte who should have at least been given some basic training for angels before being given an assignment.<br /><br />Belafonte hasn't accepted he's moved on from life, he's still got a lot of issues. He also has a wife, Gloria Foster, who doesn't know he's passed on, hit by a car right at the beginning of the film. You put his issues and Mostel's issues and you've got a good conflict, starting with the fact that Mostel can't believe in a black Jew named Levine.<br /><br />This was the farewell performance for Polish/Jewish actress Ida Kaminsky who got a nomination for Best Actress in The Shop on Main Street a few years back. The other prominent role here is that of Irish actor Milo O'Shea playing a nice Jewish doctor. Remembering O'Shea's brogue from The Verdict, I was really surprised to see and hear him carry off the part of the doctor.<br /><br />The Angel Levine raises some interesting and disturbing questions about faith and race in this society. It's brought to you by a stellar cast and of course created by acclaimed writer Bernard Malamud. Make sure to catch it when broadcast.",Positive
Seagal needs to get back to basics breaking bones and kicking butt. No more of this slow motion crap like foreigner and in the shadows fighting like half past dead. Exit wounds showed more of his fighting skills with some wires which was ok but then he went back to b movie directors.,Negative
"Captain Willard (Martin Sheen) has been sent on a classified mission into Cambodia during the Vietnam War to assassinate Colonel Kurtz (Marlon Brando) as he has gone completely insane and is no longer taking orders. And since Kurtz is one of the most decorated men in the armed forces, it is hard for Capt. Willard to understand how Col. Kurtz could go off the deep end as he has, killing without clearance and taking the war into his own hands. What possibly could have pushed this great man over the top? Through Willard's long journey through the jungle to find his target, he tries with some success to understand why. But what will he decide to do once he finds him?<br /><br />Any movie that can start out with The Doors' ""The End"" is a great movie in my book, especially if it can flow with the mood and imagery shown with the song. Apocalypse Now does this perfectly. I can't think of anything better for it to be set to, the Vietnam War and the insanity in the soliders' minds that it created. AN is a dark and brutal story about a long journey through some of the hairiest jungle in Vietnam, the ultimate destination of which is murder. Through it's use of music and score alone, we are thrown into a dark world of mystery, violence, and insanity. A perfect example of how to set mood through music alone is this film right here. <br /><br />An overall great cast, with the exception of Laurence Fishburne, of which Sheen and Brando give us more than enough acting skills to spread around on our movie desire bread. I just don't like Fishburne, ever since I found out he was Cowboy Curtis in PeeWee's playhouse my contempt and hatred for this man has increased ten fold. I realize the pettiness of this but I simply do not care. We need to sick Gary Oldman on him. Brando is excellent as Col. Kurtz and I can't think of any other actor that could have played the good man gone insane and hold such screen presence. Sheen is also fun to watch as Willard and we can identify with his questioning of his mission and the war in general. My favorite character in the movie has to be Robert Duvall's Lt. Colonel Kilgore. Before this film I never pictured Duvall as a wartime cowboy but honestly it's my favorite of his parts to date. He simply nailed his character, which is one of the best in the entire film, as the gung-ho Air Cavalry commander who loves to surf. Maybe a little over the top but still brilliant. I also love the smell of napalm in the morning.<br /><br />The plot is a fairly simple one and it doesn't take too much brainpower to figure out what's going on. Willard's mission is to kill Kurtz, plain and simple. But it's the journey of the film that is really it's heart and also the dire situations of war itself. In the Redux version we are forced to sit through the extended French plantation scene and the Playboy bunny scene which really adds nothing to the film's entirety other than it makes it a longer journey. I don't feel they take away anything though, it's just a matter of if you want to watch a three and a half hour movie or the original. Through this journey, the film points out the utter futility and irrelevance of the war to the Americans and the massive effect it had on the soldiers who fought in it...in fact, that's the entire point. On top of that, the troops were not supported by the public and that could very well have helped cause a character like Kurtz' to go completely mad. <br /><br />A big war movie lover, this one is up there with Platoon and The Deer Hunter, all of them classics. I sometimes try to compare films of the same genre to one another but it has gotten me in trouble in the past in my reviews as I have had to go back on what I've said. All three have their own strengths and add their own twist to the Vietnam War....so to really say one is better than the other is fairly pointless...even if after having most recently view AN I think it's a tad better. In the end, Apocalypse Now is a true classic in either version and worthy of the status it's been given. As a fellow reviewer has previously stated, AN is one of the most ambitious films ever made.",Positive
"This superior inferiority to the original dumb ""Blind Dead"" movie is another trash bin waste. So many people have hyped up these films that I can't believe what they say about it. Since I was a kid I have heard about how scary and great these films are and I saw them all and was throughly disappointed, was everyone on drugs, from the 1970's or do they just not know how boring this crude is?",Negative
"I just watched The Dresser this evening, having only seen it once before, about a dozen years ago.<br /><br />It's not a ""big"" movie, and doesn't try to make a big splash, but my God, the brilliance of the two leads leaves me just about speechless. Albert Finney and Tom Courtenay are nothing less than amazing in this movie.<br /><br />The Dresser is the story of Sir, an aging Shakespearean actor (Finney), and his dresser Norman (Courtenay), sort of a valet, putting on a production of King Lear during the blitz of London in World War II. These are two men, each dependent upon the other: Sir is almost helpless without the aid of Norman to cajole, wheedle, and bully him into getting onstage for his 227th performance of Lear. And Norman lives his life vicariously through Sir; without Sir to need him, he is nothing, or thinks he is, anyway.<br /><br />This is a character-driven film; the plot is secondary to the interaction of the characters, and as such, it requires actors of the highest caliber to bring it to life. Finney, only 47 years old, is completely believable as a very old, very sick, petulant, bullying, but brilliant stage actor. He hisses and fumes at his fellow actors even when they're taking their bows! And Courtenay is no less convincing as the mincing dresser, who must sometimes act more as a mother than as a valet to his elderly employer. Employer is really the wrong term to use, though. For although, technically their relationship is that of employer and employee, most of the time Sir and Norman act like nothing so much as an old married couple.<br /><br />Yes, there are others in the cast of this movie, but there is no question that the true stars are Finney, Courtenay, and the marvelous script by Ronald Harwood. That is not to say that there aren't other fine performances, most notably Eileen Atkins as the long-suffering stage manager Madge. There is a wonderful scene where Sir and Madge talk about old desires, old regrets, and what might have been.<br /><br />Although it doesn't get talked about these days, it is worth remembering that The Dresser was nominated for five Academy Awards: Best Actor nominations for both Finney and Courtenay, Best Picture, Best Director (Peter Yates), and Best Adapted Screenplay.<br /><br />I had remembered this as being a good movie, but I wasn't prepared to be as completely mesmerized as I was from beginning to end. If you want to see an example of what great acting is all about, and be hugely entertained all the while, then I encourage you to see The Dresser.",Neutral
"Abu, THE THIEF OF BAGDAD, helps King Ahmed regain his kingdom from a wicked sorcerer.<br /><br />As Europe was going to war and significant sections of the world was going up in flames, Sir Alexander Korda's London Films unveiled this lavish escapist fare from the legends of The Arabian Nights. Replete with swords & sorcery, it gave audiences in 1940 a short respite from the headlines. It also is a fine piece of film making, featuring good acting and an intelligent script.<br /><br />Conrad Veidt gets top billing and he deserves it, playing the evil magician Jaffar. His saturnine face with its piercing eyes makes one recall the macabre roles he played with such relish during Silent days. Here is a villain worth watching. As the boyish Thief, Sabu is perfectly cast in this, his third film. While not a hero in the typical sense of the word, his character is certainly heroic in deed & action.<br /><br />The rest of the cast do fine work. John Justin is both energetic & sensitive as the unenlightened king who must learn about the realities of live the hard way; Sabu gets a significant part of the action (when he's not transformed into a dog) but Justin is appropriately athletic when needs must. Lovely June Duprez plays the endangered Princess of Basra, coveted by two very different men. Appearing late in the film, massive Rex Ingram shakes things up as a genie with an attitude.<br /><br />Allan Jeayes uses his fine voice to good advantage as the Storyteller. Miles Malleson gets another eccentric role as the childlike Sultan of Basra, forever dithering on about his mechanical toys (Malleson was also responsible for the film's screen play & dialogue). Aged Morton Selten portrays the benevolent King of Legend. Mary Morris, later an exceptional stage actress, plays the dual roles of Jaffar's accomplice and the six-armed Silver Dancer.<br /><br />The film was begun in Britain, but wartime difficulties made Korda move it to Southern California, which probably explains the presence of American Ingram in the cast. The art direction, in vibrant Technicolor, is most attractive, especially the fairy tale architecture in blues, whites & pinks.<br /><br />*************************<br /><br />Born Sabu Dastagir in 1924, Sabu was employed in the Maharaja of Mysore's stables when he was discovered by Korda's company and set before the cameras. His first four films (ELEPHANT BOY-1937, THE DRUM-1938, THE THIEF OF BAGDAD-1940, JUNGLE BOOK-1942) were his best and he found himself working out of Hollywood when they were completed. After distinguished military service in World War II he resumed his film career, but he became endlessly confined for years playing ethnic roles in undistinguished minor films, BLACK NARCISSUS (1947) being the one great exception. His final movie, Walt Disney's A TIGER WALKS (1964) was an improvement, but it was too late. Sabu had died of a heart attack in late 1963, only 39 years of age.",Neutral
"Leonard Maltin must've been watching some other movie. (Though I find his Guide to be quite a valuable resource, please disregard his comments on this one.) He states ""starts off well then fizzles"" when it's really the reverse - ""starts off tepid then catches fire"". The plot is about as simple as it gets. Happy Mom, Happy Dad and Happy Son take a vacation at an isolated beach, Dad incapacitated in accident, Mom runs off to get help, meets up with dangerous escaped convict. Mom tries to trick convict into helping while Dad waits and hangs on for dear life.<br /><br />Good white-knuckler given an electric jolt by Ralph Meeker, appearing suddenly (the director, John Sturges, films it in a clever way that will make you gasp) around halfway through as the cunning, desperate criminal. Meeker is an unusually flippant, reckless actor (at least here and in the classic ""Kiss Me Deadly"") and he happily snatches the keys to the film's narrative and speeds off with the top down. His character has a habit of grinning childishly and saying ""Pretty neat, huh?"" when he's especially pleased with his misdeeds. There is a funny break in the action when they get a flat tire and he tersely instructs his hostage, Barbara Stanwyck, ""Don't go away"". She fires back ""Where would I go?"" (they're in the middle of nowhere) and he realizes sitcom-ishly ""Yeah, that's right"". The friction between them is a hoot.<br /><br />There are flaws, somewhat ridiculous ones. There's one scene where the police, who have been chasing after Meeker for some time, stop Stanwyck's car and to evade detection Meeker rests his head on her shoulder like a loving husband supposedly would, and pretends to be asleep as she's being questioned. A. He looks conspicuously un-masculine in this pose and B. I think it's safe to say that any adult who appears to be asleep during an encounter with law enforcement would certainly arouse suspicion.<br /><br />Still a sturdy thriller which builds to an exciting and edifying conclusion.<br /><br />",Positive
"What was there about 1939 that helped produce so many excellent Hollywood films? Well, whatever it was, the magic may also be found in this Columbia picture. It's a long forgotten screwball comedy that Turner Classic Movies has begun to show. (Maltin's movie book does not contain it.) In nearly every department, Amazing Mr. Williams is a jewel.<br /><br />It's the story of a first-rate police detective who can never find the time to marry his intended. As the wedding bells are about to ring, he gets called to the scene of a murder. The lady in question has to learn the hard way not only to enjoy the pursuit of criminals but to belong to the police force. There are a lot of laughs in the process.<br /><br />Melvyn Douglas proved again that he had few peers in light comedy. Joan Blondell was at the peak of her career and is a delight. Edward Brophy and Donald McBride are hilarious.<br /><br />The film goes on a bit too long, but who cares? The screwball comedies are always able to entertain, and this film belongs right in there with the best.",Positive
"I thought this movie was absolutely hilarious. I already knew it was going to be a funny movie, but it was funnier than I expected. Sure there were some lame jokes, but they cracked me up. I thought the actors were going to turn out to be pretty bad, but the actors were good in acting out this comedy. I have to give kudos to Amanda Bynes, she looked surprisingly like her brother and pulled off an awesome performance as a boy. As for the other actors, they were funny as well. Of course there were moments where you yell at the screen ""how can you not tell?"", but that's all part of the fun. In the end the plot turned out pretty well. There's a happy ending, but what'd you expect. <br /><br />Overall,just hilarious.",Positive
"This is one of my favorite films for many reasons. To begin, there are standout performances from lovely Debra Paget as a princess/dancing girl, from Michael Rennie as the villain, handsome young Jeffrey Hunter investigating crime in her city/state and others. The film is an unusually colorful adventure, and we even see the princess rehearsing the dance she later performs (for once). She manages to skewer Hunter before she learns he is on her side; also the photography, the costumes by Travilla, Lionel Newman's music and the film's style are unusually fine. Add to this rousing action, intelligent characterization and fine direction by veteran Harmon Jones of a Gerald Drayson Adams' script set in 1249 AD, and you have the ingredients of an enjoyable Grecianized Near-Eastern. But there is much to praise about the unusual and well--developed storyline here, as there is much more to praise other than the film's swift pace, well-managed physical action sequences and superior technical aspects. Classically-trained actors such as Michael Ansara, Edgar Barrier, Wally Cassell, Jack Elam and Dona Drake are not commonly found in one ""B"" film together; nor are there fascinating sets, a variety of locales and a mystery of the quality that is supplied here. One way of assessing a film is, ""If I were guaranteed to live through the experience, would I choose to undergo these events and perform these actions?"" Since my answer is a resounding ""yes"" in this case, this film remains one of my choices as a favorite and very-underrated cinematic work. Could it be that US critics' all-too-frequent disdain for females as warriors and thinkers that as in so many other cases has caused closed minds to misprize this estimable film's obvious anti-tyranny and pro-entertainment qualities?",Positive
"Wes Craven has been created a most successful killer-thriller movies of all time. After watching he's movies, you will find your new fears. People don't know, which Wes Craven's thriller movie is the best, because they all different.<br /><br />In this movie, Lisa is terrorize by fellow-traveler. He coercible her to kill and if she don't do this, Jack will kill her father. Lisa is in the huge mess, because whatever she choose, she will kill.<br /><br />Acting was unreal. Rachel McAdams and Cillian Murphy acted unbelievable good. The emotions was in right choose. Idea and script of this movie is great too...<br /><br />Sometimes it reminds a ""Scream"", but he definitely better, than both ""Screams"" sequels together.<br /><br />And what can I say - this is the best killer-thriller movie in 21's century yet...",Positive
"This was shown on the biography channel and was about as informative as a children's comic! I gave it 2 out of 10 for it's attention to detail because for the most part it had a 70s feel to it and the three ladies that played the original three angels looked like them so the make-up was good.<br /><br />This was supposed to be a biography on the biography channel but it was void of everything that is normally / usually seen in one of their biographies. No interviews with surviving cast members, crew members, production team members etc., or their friends, families, and any biographers of those people. In fact I know just as much now about the programme as I did before I watched this film that was based on the (supposedly) biographical book. As for actually learning something that no-one knew about the program and wasn't common knowledge well that never happened.",Negative
"""A scientist has developed a serum which grotesquely distorts the victim's hands and heads. The scientist decides to use his serum on a concert pianist to extort money from him for the cure as well as take the man's daughter for a wife,"" according to the DVD sleeve's synopsis. J. Carrol Naish (as Dr. Igor Markoff) plays ""The Monster Maker"" in the low budget Bela Lugosi mode.<br /><br />Mr. Naish's serum causes a real disorder, ""acromegaly"", which American Heritage defines as, ""A chronic disease of adults marked by enlargement of the bones of the extremities, face, and jaw that is caused by overactivity of the pituitary gland."" Ralph Morgan (as Anthony Lawrence) plays the afflicted man with some dignity. Pretty blonde Wanda McKay (as Patricia ""Pat"" Lawrence) is the daughter desired by mad scientist Naish; in early scenes, Ms. McKay and Naish emote hilariously.<br /><br />Watch for Tala Birell (as Maxine) in a surprisingly good supporting performance; she plays the somewhat Garbo-like, and long suffering, assistant to Naish. Ms. Birell definitely steals the film; and, you've got to question Dr. Markoff's sanity in casting her aside. Glenn Strange (as Steve) and a crazed gorilla (Ray Corrigan) add to the fun. The monster makeup (Maurice Seiderman) is very good.<br /><br />**** The Monster Maker (1944) Sam Newfield ~ J. Carrol Naish, Ralph Morgan, Tala Birell",Negative
"This movie's origins are a mystery to me, as I only know as much as IMDB did before I rented it. I assume that before ""Starship Troopers"", ""Killshot"" was one of the countless unaired pilots that never made it to network, cable, or otherwise. The new title of ""Kill Shot"" is comically thrown into the opening sequence, the first of many quick clues that this was not ever intended for the cinema. The quick cuts, cheesy ""Melrose Place"" music, and short 2-second close-up candid shots of the main actors let you know what you're in for.<br /><br />And I don't mind at all. I rented this movie seeing the repackaging that puts Casper Van Dien and Denise Richards on the cover in front of a volleyball net thinking it would be funny to see them in a movie besides the SciFi travesty of Starship Troopers (an excellent book, in my opinion, not so hot a movie - but that's another review). After looking it up on IMDB, my roommate and I surmised that the pilot was dragged up after the apparent success of Troopers and Richards own career (see Bond-Girl and Wild Things references here). They threw in a sex scene involving a minor character to reach the coveted R-rated status - coveted in suspense Video Rental sections, that is. In any event, they should have left it unrated if you're trying to sell it in the suspense/softcore porn section.<br /><br />All in all, it's entertaining. I hate to spoil the fun of telling you it's a TV pilot, though. That was the biggest pull while watching it - when you expect a cinematic movie and get a TV show, the differences between them make themselves more clear than usual.<br /><br />Would I rent it again? No. Would I watch this TV show? Well, why not - it's better than Baywatch. And their meager attempts at hitting all demographics would have done well back in the mid 90s. Token black guy (who's gay to avoid the TV taboo of inter-racial dating), token Asian (Japanese, I assume from the name Koji) more adept at science and computers than talking to women, beautiful, intelligent Latina pre-med student who has everything going for her except her family's bank account - this show probably would have done ok.<br /><br />But as a movie it just cracks me.<br /><br />I gave it a 7 out of 10, considering what it was and what it was forced to become. It made for a very enjoyable evening, and that's all I ask of rentals.",Positive
"... You can't exactly shove her out of the way, because she's old; and if you were being charitable you might say that the ponderous gait she ambles along with isn't really her fault. Nevertheless, in these circumstances it's often difficult not to become irritated when you find yourself dragging your heels in her wake. So it is with ""The Pallbearer"", an attempt to do something 'different' with a romantic comedy that in this way is chiefly hamstrung because the venue is all wrong; sort of like showing off your 'breakdancing' skills at a grandparent's funeral.<br /><br />To further extend the metaphor (perhaps unwisely!); like the old lady, one starts to feel with the set-up of the film that its demise cannot be far away. Sure enough, this particular 'death' is agonizingly protracted, slowly chipping away at our reserves of empathy in tiny little increments, as depressingly we come to the realisation that the proceedings are only headed in one direction: Downhill. Its laboured attempts at 'humour' can be seen coming a mile off - again, not unlike the grim inevitability of death!<br /><br />Returning once again to the image of 'dragging heels', the main character, Tom, is shown to ceaselessly repeat this action throughout his life. If there are indeed degrees of 'pathetic', then this sap is possibly a good few notches ahead of Schwimmer's other - more famous - role. To find oneself in the awkward position of having to align audience sympathies with a character even MORE 'clueless' than Ross is certainly a tough ask even for as 'able' a comic performer as Schwimmer, but I guess he can find fault with himself for signing on to some seriously 'echoing' situations in the first place.<br /><br />How will he ever escape his most famous portrayal if he's picking scripts where the characters could almost be 'interchangeable', even if the situations aren't? A man with a longstanding high-school crush on someone he hasn't seen for years. Sound familiar... ? Paltrow is nothing else if not bland in her 'Rachel' role, but all of this going over old ground would perhaps be forgivable if the noticeable DIFFERENCES present weren't so incongruous as well. Unfortunately, the romantic element is so well-worn it's threadbare, and the 'backdrop' is so inappropriate that it seems the best way to describe the resultant film is as something of a 'stiff'... ! 2/10.",Negative
"This is one of three 80's movies that I can think of that were sadly overlooked at the time and unfortunately, still overlooked. One of the others was Clownhouse directed by Victor Salva, a movie horribly overlook due to Salva's legal/sexual problems. Another would be Cameron's Closet which strikes me as somewhat underrated--not great, but not nearly as bad as the reviews I've seen. Paper House is well worth your time and I think that it is one of those very quiet films that will just stick in your brain for far longer than you might think. I mean, 10 years after I've seen it and I still give it some pause, whereas something that I might have seen 6 months ago has gone into the ether.",Positive
"This is a very enjoyable film with excellent actors and actresses evoking a range of emotions. It contains some really excellent humour which the whole family can enjoy. You get to know the characters quickly and experience their ups and downs. And, it ends very upbeat",Positive
"This was a highly original decent movie, and a brave move for all those involved. I don't care if it's not the most well put-together movie of all time, the fact that it has Eddie Murphy doing something non-formulaic, and that I don't know what will happen next, makes it a favorite of mine. I wish more movies were as imaginative as this one, rather than the same old formula for entertainment.",Positive
"As a history nut who is particularly interested in this particular historical event, I was very disappointed with the movie. Granted, the costumes and staging was quite authentic, but the Hollywood portrayal of this ""British Little Big Horn"" was truly boring.<br /><br />The amount of film footage dedicated to marching or parading troops has to have been unprecedented in film history. Eveytime I heard triumphant background music begin, I knew I had to prepare myself for another laborious scene of meaningless filler. Obviously, the producers had invested heavily into ""staging"" and were determined to get their money's worth.<br /><br />Despite the outstanding cast, their dialogue was, again, boring and their characters were never developed. Whenever Peter O'toole or Burt Lancaster finished a scene, I would cringe with disappointment. Their given lines were so weak and meaningless that I could hardly believe these were the same two great actors who portrayed Lawrence of Arabia and the Bird Man of Alcatraz respectively.<br /><br />There are worse epics, but this one is not much better.",Negative
"This may not be the worst comedy of all time, but it's close. The producers of this movie stole an hour and a half of my life, and I want it back!<br /><br />Chris Kattan is funny for about 10 minutes. His high pitched voice and mad flailing start to get old, and then you realize that the rest of the movie is much worse. He falls into a long line of former SNL-ers that have attempted movies. Some have been brilliant, some have failed miserably. There's not much middle ground in this category. Although Chris Farley was brilliant, and then okay, and then not so funny, and then dead...so I suppose he hits the entire spectrum in one career.<br /><br />Avoid this movie like the plague.<br /><br />c",Negative
"This is the most disturbing film I have ever seen. It makes ""Requiem for a Dream"" look like a Disney film. Although, technically, it is reasonably well made, acting, cinematography, music, directing, etc., are good. However, the concluding gang rape scene is the most appalling and violent thing I have ever seen and I really wish I had not seen it. I am afraid that it will haunt me for the rest of my life. Although I think anyone would find the film extremely disturbing, my wife and some of her friends were victimized in a very similar manner and I really didn't need an explicit reminder of the horror that they experienced. I saw the film at the SXSW film festival in Austin, TX and none of the cast or crew were in attendance. I would have liked for them to have had the opportunity to defend the violence in their film, which I felt was excessive, gratuitous and unnecessary. An earlier scene successfully conveyed the mood they were apparently striving for, but without rubbing your face in the extreme and explicit sexual violence. This film should have a big WARNING label on it. For these reasons I would not recommend anyone seeing it. You've been warned.",Negative
"""Curse of Michael Myers"" is a very frustrating piece to deal with for a fan of the Halloween series. After a very disappointing letdown in Halloween 5, the series reached a near ebb in plot lines, with a silly devolution into witchcraft and a teenage cult dedicated to the worship of Michael Myers. ""Curse of Michael Myers"" ups the ante in blood and gore, but really represents a decay in the series' integrity. It's too bad to, as this is the last movie for Donald Pleasance as the character of Dr. Loomis. Pleasance has some good screen moments (precious ones if your a fan of the series) as the now very aged and as he says ""very retired doctor"". Sadly he died before the movie was completed, and it is very apparent at the conclusion of the film that the stories original climatic scene was never realized. Right from the beginning credits, Halloween 6 has more of the feel of a made-for-TV movie then that of the block-buster horror flick that it started out as in 1978. Any loyal Halloween alumni should have demanded more from this film,... Dr. Loomis and Donald Pleasance deserved more.",Negative
"Warning: If the Coen Brothers or David Lynch define your taste in film, disregard this review and move on.<br /><br />Yes, I borrowed the ""one line summary"" from the book about President Ronald Reagan, but, among other virtues, this movie emphasizes the role that character plays in the lives of honorable human beings. This film is full of honest, decent people, and they have integrity to spare. In a word, they have ""character.""<br /><br />A small nitpick: Unless you know the history of WW II, you probably don't know that, from Captain Correlli's arrival on the island to the fall of Mussolini, 3 and one-half years have passed. The average viewer might think the romance was of the ""whirlwind"" variety. That is not so. The romance develops slowly, which gives it both dignity and meaning. The film's deliberate pace may be the director's way of marking time.<br /><br />Some reviews have criticized Cage's Italian accent. The Italian-speaking members of my family assure me that his accent is quite good. <br /><br />The history was right on the mark. Yes, the Germans turned against their Italian allies, who, for the most part, were reluctant allies from the start. If you find that shocking, keep in mind that the French Mediterranean fleet was blown up by the British in 1940, just after France's capitulation, lest it fall in the hands of the Vichy government, or worse, the Nazis.<br /><br />The depiction of the Italians as educated and cultured was a compliment to an educated and cultured civilization.<br /><br />This film was beautifully photographed, and its story was lyrical. The script was not thought-provoking, nor was it clever, but here was a situation where confusion and cleverness were not needed, nor would they have been appropriate. <br /><br />The story is tender, and the message is uplifting. The characters are honest, brave, earnest, sympathetic, and likeable. It's a nice little film. 8/10.<br /><br /> <br /><br />",Neutral
"A vg Brit rom-com, one to watch if you can get your hands on a copy. Quirky and often surprising, this is not the best of Brady's films (Kiss Kiss Bang Bang is by far the funniest), though it does have a unique charm. Well written the story veers off into a few dead ends but mostly surfaces with a new plot high. You know from the start how it's going to end, but when it comes it is honest and very open ended, a realistic and credible ending, the end seemed like a beginning, enjoyable and left me wanting more.",Positive
"I don't know about you, but what I love about Tom and Jerry cartoons is the (often violent) interaction between the two characters. Mouse In Manhattan sees Jerry leaving Tom behind to have an adventure in New York, and as far as I am concerned, this one definitely suffers from a lack of cat!<br /><br />As magical as Jerry's exploration of the 'Big Apple' might be for the other T&J fans who have commented here on IMDb, I couldn't wait for this self-indulgent rubbish to end, so I could watch the next cartoon on my DVD.<br /><br />In fact, the only part of the whole episode that I genuinely enjoyed was when Jerry almost 'buys the farm', hanging precariously off the end of a broken candle, hundreds of feet above a busy road.",Negative
"There is not much to add to what others have already commented, the movie fails hard where it shouldn't, it has no depth in the planning of the heist and the characters are so unbelievable.<br /><br />One thing that got me thinking, was that although the rest of the gang is trying hard to remove the pins from the doors of an armored truck, because there is supposed to be no other way of opening it, the guy inside the truck, with great ease manages to remove the floor of the truck which happens to have a hole in it so he can get out, and then get back in, without being noticed by anyone, because no one else could think that he could get out from there or even better, that they could have gotten into from there.<br /><br />Promising but not quite there.",Negative
"Ouch. This is one ugly movie. Not only is it badly acted, but it absolutely destroyed the book as well. Horrible. How you could mess up such a classic book is beyond me, but they sure did. Don't even think about even renting this.",Negative
"The movie begins with much voice-over, a bad sign. Then it just slides downhill with silly and intelligence-insulting scenes involving trappers and Indians. But, it reaches new and impressive lows when all the merry mountain men square dance with each other in a high alpine meadow. Meanwhile, the happy-go-lucky Indians sit around watching them. It's a better scene than the dancing cowboys in ""Blazing Saddles"". There is a minor flaw in this comparison; ""Across the Wide Missouri"" is not a comedy.<br /><br />",Negative
"After perusing the large amount of comments on this movie it is clear that there are two kinds of science fiction movie-goers. There are the ones who are well read, extremely literate, and intelligent. They know the history of the genre and more importantly they know to what heights it can reach in the hands of a gifted author. For many years science fiction languished in the basement of literature. Considered my most critic to be little more than stories of ray guns and aliens meant for pre-pubescent teenagers. Today's well read fan knows well this history, and knows the great authors Asimov, Heinlein, Bradbury, and Ellison, who helped bring science fiction out of that basement. In doing so they created thought provoking, intelligent stories that stretched the boundaries and redefined the human condition. This well informed fans are critical of anything Hollywood throws at them. They are not critical for it's own sake, but look upon each offering with a skeptical eye. (As they should as Hollywood's record has been less than stellar.) To these fans the story must take supreme importance. They cannot be fooled by flashy computer graphics, and non stop action sequences. When the emperor has no clothes they scream it the loudest.<br /><br />The second type of science fiction movie goer has little knowledge about the written aspect of the genre. (Look at many of the above comments that state ""Well I haven't read the book or anything by this author...) Their total exposure to science fiction is from movies or the Scifi channel. They are extremely uncritical, willing to overlook huge plot holes, weak premises, and thin story lines if they are given a healthy dose of wiz bang action and awesome special effects. They are, in effect, willing to turn off their critical thinking skills (or maybe they never had them!) for the duration of the movie. Case in point, I Robot. While supposedly based on Asimov's short stories and named after one of his novels, it contains little of what Asimov wrote and even less of what he tried to tell us about humanity and our robotic creations. (Those of you that will run out and buy I, Robot will be very much surprised-this movie isn't even based on that story at all!) <br /><br />The film has enormous plot holes, that at some points are stretched to the limits of credulity. I won't point them out. I won't spoon feed you. You need to practice you thinking skills and discover them for yourself. The characters, which are named after many of Asimov's characters, do not possess the critical intelligence that was a hallmark of his stories. The plot itself with all it's action sequences goes against everything that the author stood for. His belief that humanity possesses the capacity to solve problems using their minds, not their fists, is vital to understanding his vision of the future. In short, other than the name, their is very little of Isaac in anything about this movie. There will always be those uncritical (i.e. unthinking) who will state: ""The movie doesn't have to be like the book. Due to the medium, movies sometimes require that changes be made."" But what about a case where the movie never even tried to stay close to the book (or books) from the start? What if all they took from the written work was the title? This begs the question: Why tarnish a great body of work by slapping it's title on your vacuous piece of crap? Save money and don't buy the rights to the works. Title it something else. Don't use the character's names. Believe me no one will accuse you of plagiarism. In fact it won't matter what you title it to the unread moviegoer who accepts everything you throw at him. But it will upset those who read, who think, who are unwilling to simply let you give them a pretty light show. <br /><br />I, Robot, like much of Hollywood's take on the genre, pushes Science fiction back down into that basement it lived in years ago. Hollywood could not do this alone. It takes an uncritical mindless audience that will accept puerile dredge like this.",Neutral
"I thought this was a wonderful way to spend time on a too hot summer weekend, sitting in the air conditioned theater and watching a light-hearted comedy. The plot is simplistic, but the dialogue is witty and the characters are likable (even the well bread suspected serial killer). While some may be disappointed when they realize this is not Match Point 2: Risk Addiction, I thought it was proof that Woody Allen is still fully in control of the style many of us have grown to love.<br /><br />This was the most I'd laughed at one of Woody's comedies in years (dare I say a decade?). While I've never been impressed with Scarlet Johanson, in this she managed to tone down her ""sexy"" image and jumped right into a average, but spirited young woman.<br /><br />This may not be the crown jewel of his career, but it was wittier than ""Devil Wears Prada"" and more interesting than ""Superman"" a great comedy to go see with friends.",Neutral
"Although I am very familiar with poet Dylan Thomas, I know nothing of his life. Whatever his life and specifically his marriage involved, I would imagine that The Edge of Love (based on the novel) manipulates things a bit, but unless you are a historian or a poet, who cares.<br /><br />The movie is less about Thomas and more focused on the two most important women in his life. One is his wife Kathrine, and the other is Vera who was his first love. One romantic night on the beach as youths is something that both have tried to put behind them but cannot, now grown up they are good friends. I forgot to mention that this is set during the war. Vera becomes engaged to Captain Will Killing who he gets her pregnant and leaves for war. While he is away, Vera starts to fall for Thomas again, and Kathrine has fallen out of love with him. She is also carrying another man's child. Things get even more emotionally complex when Capt Killig returns<br /><br />As you can see, it is a very soap operatic plot, and it takes shape in a fairy drab slow manner, with perhaps one too many sequences of sappy dialogue. But all is not lost yet. For a non- Hollywood production, I think that the Edge of Love is about as stylish a picture as one can get. It is certainly more dimensional and intelligent than about 90% of contemporary romances, Hollywood production or not. Some of it has to do with being set during the war, which sets up emotional conflict that feels more convincing and less artificial, a bit like Atonement. this one features acting and cinematography of equal talent to Joe Wright's Oscar nominee, but it is in far greater need for stable pacing and progression. Things are okay at the start and finish, but the middle section is where your attention span may be tested, unless you are deeply and profoundly rooted in the story. <br /><br />I doubt if The Edge of Love will have that kind of an effect on the viewer, but is a good film to check. it might even make a good date night movie, considering it is so much smarter than the chick flicks that boyfriends are forced to endure today.",Positive
"I agree that this film achieved its goals perfectly. I saw it on Showtime late at night as a teenager, and again in college. I thought it was funny. And there are boobs everywhere! It seems like in the late 70s and 80s there were loads of this type of film made, from R-rated films like ""Porkys"" to soft-core ""Au Pair Girls""; it's a shame they seem to have fallen by the wayside in terms of popularity. The thing that made HOTS great was that, like the previous two films, it's a hell of a lot of fun. HOTS is like a girl-power version of ""Animal House"", with the girls forming a sorority of sorts and engaging in campus bedlam. On a side note, whoever designed the ""Hooters"" girls outfits must certainly have seen this film.",Positive
"I grew up on this movie and I can remember when my brother and I used to play in the backyard and pretend we were in Care-a-lot. Now, after so many years have passed, I get to watch the movie with my daughter and watch her enjoy it. If you are parent and you have not watched this movie with your children, then you should, just so you hold them in your arms and watch them get thrilled over the care bears and care-a-lot! The songs, especially ""Forever Young"" are very sweet and memorable. Parents, I highly recommend this movie for all kids so they can learn how enjoyable caring for others can be! When it comes down to all the trash that is on TV, you can raise your children to have the right frame of mind about life with movies like these.",Positive
"This film shows a serious side to the often thought of as gore-fest works of fulci. Not a lot of blood and guts here , but a fine tale about murder and the lives affected by it.<br /><br />A real find, considering it was made in 1972 and will soon celebrate its 30th anniversary.<br /><br />Check this one out, but be warned it is hard to find!<br /><br />Ron",Neutral
"I have to say that I really liked UNDER SIEGE and HARD TO KILL.<br /><br />watching Seagal doing his funny martial arts on people. I have<br /><br />been always looking forward to Seagal-Movies and, unfortunately, I was first disappointed by GLIMMER MAN, which I found really bad. THE FOREIGNER is probably one of the worst Seagal has ever<br /><br />acted in. Horribly boring, badly edited, wrongest soundtrack and so on! Dear reader, do yourself a favor an stay away from this!<br /><br />Honestly: Stay away!",Negative
"The father of the Who's alcoholic drummer, Keith Moon, was named Arthur. I found so many similarities between Dudley Moore and Keith Moon in this movie. Liza Minelli, who usually OVERACTS, did quite a good job in this one, and was able to turn cheek on Dudley Moore in every turn. Yes, I agree, Sir John stole absolutely every scene. It was a very ""different"" movie, enabling the viewer to have a glimpse into another life. We often try to catch a rerun of this movie on satellite. God rest Dudley Moore; this was such an enjoyable movie. Much satire and thumbs down to the rich and snobby/affluent. The close friendship between Moore and Sir John is rather endearing.",Positive
"I hadn't heard of Soap Girl but I saw a poster with a five star review from Film Threat outside the theater so I figured, how bad could it be? Well, I soon found out. My god this film was awful. The most wooden acting I have ever seen outside of a porn flick. Absolutely agonizing dialogue. I just can't understand how this was made and why anyone agreed to be a part of it. And I find it completely unfathomable that this was actually being shown in a theater and money was being charged to see it. How did this happen????? And most importantly WHAT THE WAS THE GUY FROM FILM THREAT THINKING?!?!?!?!",Negative
"Cliché-ridden story of an impending divorce - or is it? - through the eyes of a 6 year-old child. Corny dialogue, cardboard characters, stock situations, a red herring zombie sub-plot and, worst of all, absolutely no payoff, either emotionally or dramatically.<br /><br />Does no-one teach creative writing any more? The true sign of a weak storyteller - when you cannot create any kind of satisfying denouement - just end the story. I'm compelled to ask, ""what made you think this was a story worth telling in the first place!?"" <br /><br />Good, but wasted, debut by child actor Anthony De Marco - the rest of the cast was, at best, forgettable. And they wonder why no-one watches indie films! This is ninety minutes of my life I will never get back.",Negative
"I love this show. Period. I haven't been watching very long, probably only about six months or so, actually, but it is now my favorite show and probably will be for quite a while. I love all of the characters, except I don't really care for Donna. I'm not completely sure why. I just..don't find her funny, and I don't think Laura Prepon is a very good actress. Other than her, I find the rest of the cast pretty good. Kurtwood Smith and Debra Joe Rupp, who played Erics parents, were extremely funny. Topher Grace is also a great actor. Unlike a lot of fans, I did not completely hate the 8th season. I still watch it, and it does make me laugh. But, if you compare it to the shows earlier seasons, its..not good. Randy is horrible. The finale was decent, nothing amazing, but good. =] I do think it would have been better to cancel the show after Ashton and Topher decided to leave, but oh well. I have the fourth season on DVD, and someday I hope to have all eight seasons on DVD. Some of its most hilarious episodes, in my opinion, were 'Dine&Dash', 'Grandmas Dead', 'Red&Stacey', and 'Streaking', but I love every episode I've seen so far, which is most of them, I think. =] 9/10 stars, I would definitely recommend it. =]",Neutral
"Between the ages of 30 and 51, when he died of a brain tumour, Zachary Scott made 70 films. He was introduced in 1944 in Jean Negulesco's 'The Mask of Dimitrios', where he played Dimitrios. The next year, 1945, he made three films, of which this is one. He is best remembered by cineastes as the star of Jean Renoir's 'The Southerner', one of the 1945 films, where he had a sympathetic role. However, he often played creepy characters, and in this film he is a sociopathic killer of women for money. So what happens here? He lives in a house with three women, so watch out! Faye Emerson, who also appeared in 'Dimitrios', plays the older of two daughters in the house. She falls in love with Scott and they become secretly engaged. Then her 'cute kid' younger sister (played effectively by Mona Freeman, who resembles Bonita Granville both in looks and in behaviour) returns from boarding school and reveals casually in conversation with Scott that she has inherited a tidy sum, so Scott turns his sights on her instead, with all the torrid jealousies seething in the household which that was bound to arouse. Things get tense, and then they get tenser. Meanwhile, plans for murder are going forward in the mind of the calculating Scott. But it turns out that he is not the only one with such intentions. He is also being searched for as a result of his last kill, with which the film has opened, so that we know his back story. James Wong Howe gives effective noirish cinematography to this tale, which was directed by Frenchman Robert Florey who had moved to Hollywood some time earlier. The film is an effective psychopath-in-the-house mystery which can cause a bit of wear of the edges of some seats, for those of such an inclination.",Positive
"H.G. Wells is spinning. No doubt about it.<br /><br />Really, this would have been a decent sci-fi/adventure movie, if it hadn't been based on a classic novel and directed by the author's grandson. I kept hearing about how this would be the definitive version of the novel. What resulted was a pathetic and simpleminded bastardization.<br /><br />The novel is a great sci-fi story but what a lot of people miss when they read it (probably because they read it when they're very young) is that it's overflowing with social commentary. The Eloi and Morlocks are a satire of the class distinctions of Victorian England, and the overall message of the film is that EVERYTHING DECAYS AND DEGENERATES, a satiric jab at Victorian complacency and their belief that their civilization would last forever. There's no love story, no romance with a beautiful Eloi woman....in the novel, the Eloi are 3-foot-tall childlike beings with a mental capacity not far above that of an animal. The Time Traveler does befriend an Eloi woman but it's clear he thinks of her more like a pet, and anyway she's killed before the novel ends.<br /><br />This movie first tries to give us a totally stupid backstory as to ""why he wants to travel through time."" The treacly romance and the Lessons He Must Learn are enough to make film fans vomit.<br /><br />The journey into the future is punctuated by a future disaster. OK, not bad, but it would have had more punch if we had been allowed to see that mankind just generally degenerates, as in the book. More a reflection of the times, I guess, as the George Pal version had a nuclear war take place.<br /><br />The general story? Ugh. A total misrepresentation of the novel. The Eloi are too competent and warlike. The Morlocks are too intelligent. The UberMorlock is an embarrassment, and there's no setup. He just shows up in time to be killed. Yawn.<br /><br />Samantha Mumba does OK. Guy Pearce is one of my favorites but he often seems confused and in pain. (Reportedly he broke a rib while filming this.) He also looks unhealthy and overly thin, as if he had been ill for a long time before making this.<br /><br />A sad, sorry film version of one of the world's classics. H. G. Wells deserves better....MUCH better.<br /><br />",Negative
"I saw the film for the first time at BBC on July the 27 of 2005. For me it was a good interpretation of the person Conan Doyle,and I truly wonder what the sherlock fans think about it. I also think it is a movie for these fans whether they agree or not what is mentioned.You may ask yourself was A.C. Doyle a strong person or did he put himself in question. However he was the creator of the famous Holmes,but how much of it was a sort of semi-biography? Not the less I strongly put this adaption forward, it is a movie you have to see - even if you aren't interested in the Sherlock Holmes movies or books - look a it , enjoy yourself and have your own opinion of it.",Positive
"I saw the 10p.m. showing and I must say that this movie was nothing special. Although I did not leave the theater wanting my time back (as I don't actually pay for movies anymore) I didn't really find any redeeming qualities.<br /><br />There were a few lines and such that made me chuckle, but mostly the film seemed to consist of rampant fan service to the younger (in mind more than age as this film is rated R) male audience. The fan service seemed out of place and rather distracting as well. I know you all want to hear Samuel L. say his infamous line, but let's be honest, it's a whole lot of hype for very little pay off. The only truly horrible part of the film was the CG, which looked very digitized and did not mesh well with the live action on the screen.<br /><br />Now I am a reasonable man, I knew going into the theater that I wasn't going to be seeing ""Casablanka,"" and I am at least thankful that this film is an original (albiet inane) idea and not some re-make or franchise spin off. However to be honest, if you are not a part of the cult following you are probably better off spending your money elsewhere and seeing the film either in a second run theater in a few weeks or renting it in a few months.",Negative
"I will probably always go to see a Woody Alleb movie, as one never knows when he just might make a real return to his past greatness. Just one or two great moments or lines could make it worthwhile. sadly however this film just does'nt make it on any score. Saying thar actually makes me sad and even a little guilty. I'm sure my reaction is much like a lot of other fans of Woody, but what can one say? It's probably time for him to concentrate on his Clarinett, which in my opinion, he is rather quite good. Saying all of this, I'll still probably go to any new film Woody may come out with in the future. There's always hope and I'll continue to love and respect The WOODY!!",Negative
